category,citation,journal_ref,bibcode,used_in,purpose
측성·Gaia,Gaia Collaboration 2023 (Gaia DR3 summary/content paper),"A&A 674, A1; doi:10.1051/0004-6361/202243940",—,Classifier/LITERATURE.md; designations.py,Gaia DR3 내용 요약; Gaia DR3 지정명 우선순위의 근거. designations.py는 'Gaia Collaboration 2023'으로만 표기(같은 논문으로 보고 병합)
측성·Gaia,Creevey et al. 2023 (Gaia DR3 Apsis methods overview),"A&A 674, A26; doi:10.1051/0004-6361/202243688",—,"Classifier/LITERATURE.md; Classifier/LITERATURE_SUBCLASS.md (쌍성 후보 속성, Classifier/subclass.py GAIA_DSC_BINARY)",Gaia DSC의 QSO/은하/별/백색왜성/쌍성 사후확률; DSC 쌍성 확률 ≥ 0.8 → 쌍성 후보
측성·Gaia,Delchambre et al. 2023 (Gaia DR3 Apsis III: non-stellar content and source classification),"A&A 674, A31",—,Preprocess/LITERATURE.md (DT-HIER-001); Preprocess/catalog_reliability.csv (catalog_confidence_gaia_dsc),"Gaia DSC 분류기 구조(Specmod/Combmod), classlabel_dsc 확률 > 0.5 기준, 외부은하 순도 주의"
측성·Gaia,Andrae et al. 2023 (Gaia DR3 GSP-Phot),"A&A 674, A27; doi:10.1051/0004-6361/202243462",—,"Classifier/subclass.py (GAIA_TEFF 분광형, E(BP−RP), METAL_POOR); Classifier/LITERATURE.md; Classifier/LITERATURE_MULTI_AXIS.md; Classifier/LITERATURE_SUBCLASS.md; WORK_REPORT_2026-10-10.md",BP/RP 기반 Teff·log g·[M/H]·소광; [M/H]는 참고용이라 '후보'로만 표시
측성·Gaia,Montegriffo et al. 2023 (Gaia DR3 synthetic photometry),"A&A 674, A33",—,Classifier/LITERATURE_MULTI_AXIS.md,XP 스펙트럼 합성 측광과 백색왜성 DA/non-DA 목록
측성·Gaia,Eyer et al. 2023 (Gaia DR3 variability overview) (저장소 표기 그대로),"A&A 674, A13",—,Classifier/LITERATURE.md,"Gaia DR3 변광성 처리 개요(약 1천만 개, 약 20여 그룹); 변광 축을 STAR 세부 축으로 둔 근거"
측성·Gaia,Rimoldini et al. 2023 (Gaia DR3 supervised variability classification),—,—,Classifier/LITERATURE.md; Classifier/LITERATURE_SUBCLASS.md (변광 유형 속성),Gaia DR3 지도학습 변광 분류(vari_classifier_result)
측성·Gaia,Clementini et al. 2022/2023 (Gaia DR3 SOS RR Lyrae) (저장소 표기 그대로),—,—,Classifier/LITERATURE_MULTI_AXIS.md,"RR Lyrae 검증: 주기-진폭, Fourier 위상 φ21·φ31"
측성·Gaia,Ripepi et al. 2022/2023 (Gaia DR3 SOS Cepheids) (저장소 표기 그대로),—,—,Classifier/LITERATURE_MULTI_AXIS.md,세페이드 하위 유형의 다파장 시계열 특성화·검증
측성·Gaia,Lebzelter et al. 2023 (Gaia DR3 LPV table) (저장소 표기 그대로),—,—,benchmark/build_agb_chemistry_truth.py; Classifier/subclass.py (GAIA_LPV_CSTAR),gaiadr3.vari_long_period_variable의 is_cstar로 AGB 화학형 정답을 독립 점검; 세부 분류에서 C-star 판정
측성·Gaia,"(저자 미기재) ""Gaia DR3 all-sky variability classification"" (저장소 표기 그대로)",URL: https://www.aanda.org/articles/aa/full_html/2023/06/aa45591-22/aa45591-22.html,—,Classifier/STELLAR_EVIDENCE_CONFIGURATION_2026-10-08.md (Sources),"Gaia DR3 SOS 변광 세부 유형(RRab/RRc/RRd, 세페이드 유형·모드, LPV 탄소별 후보)과 XP 기반 백색왜성 유형 설정의 근거"
측성·Gaia,"(저자 미기재) ""Gaia DR3 RR Lyrae SOS catalogue"" (저장소 표기 그대로)",URL: https://www.aanda.org/articles/aa/full_html/2023/06/aa43964-22/aa43964-22.html,—,Classifier/STELLAR_EVIDENCE_CONFIGURATION_2026-10-08.md (Sources),"Gaia DR3 SOS 변광 세부 유형(RRab/RRc/RRd, 세페이드 유형·모드, LPV 탄소별 후보)과 XP 기반 백색왜성 유형 설정의 근거"
측성·Gaia,"(저자 미기재) ""Gaia DR3 long-period-variable catalogue"" (저장소 표기 그대로)",URL: https://www.aanda.org/articles/aa/full_html/2023/06/aa44241-22/aa44241-22.html,—,Classifier/STELLAR_EVIDENCE_CONFIGURATION_2026-10-08.md (Sources),"Gaia DR3 SOS 변광 세부 유형(RRab/RRc/RRd, 세페이드 유형·모드, LPV 탄소별 후보)과 XP 기반 백색왜성 유형 설정의 근거"
측성·Gaia,"(저자 미기재) ""Gaia XP white-dwarf primary-type classification"" (저장소 표기 그대로)",URL: https://www.aanda.org/articles/aa/full_html/2024/02/aa47694-23/aa47694-23.html,—,Classifier/STELLAR_EVIDENCE_CONFIGURATION_2026-10-08.md (Sources),"Gaia DR3 SOS 변광 세부 유형(RRab/RRc/RRd, 세페이드 유형·모드, LPV 탄소별 후보)과 XP 기반 백색왜성 유형 설정의 근거"
측성·Gaia,"(저자 미기재) ""Gaia DR3 Apsis II stellar-parameter processing"" (저장소 표기 그대로)",URL: https://www.aanda.org/articles/aa/full_html/2023/06/aa43919-22/aa43919-22.html,—,Classifier/STELLAR_EVIDENCE_CONFIGURATION_2026-10-08.md (Sources),"Gaia DR3 SOS 변광 세부 유형(RRab/RRc/RRd, 세페이드 유형·모드, LPV 탄소별 후보)과 XP 기반 백색왜성 유형 설정의 근거"
측성·Gaia,Riello et al. 2021 (corrected BP/RP excess),"A&A 649, A3",—,"Classifier/branches/star.py (corrected_excess_factor, sigma_corrected_excess, HR_GATES); Classifier/WD_HR_GATE_EVALUATION.md; WORK_LOG_2026-10-08.md","보정 BP/RP 초과 계수 C* = C − f(BP−RP) (Eq. 6, Table 2)와 1σ 산포 (Eq. 18)"
측성·Gaia,Lindegren et al. 2021,"A&A 649, A2",—,Preprocess/05_likelihood_vectors.py (DECISIVE_MOTION_SIGMA); Preprocess/LITERATURE.md; CHANGELOG.md,퀘이사의 규격화 시차·고유운동 폭 ≈ 1.05–1.1 → 10σ 운동이면 STAR로 확정
측성·Gaia,Klioner et al. 2022 (Gaia-CRF3),—,—,Preprocess/05_likelihood_vectors.py; Preprocess/LITERATURE.md; Preprocess/classification_rules.csv AST-EXT-001/002 (reference 'Gaia-CRF3'),외부은하 천체의 시차·고유운동이 0과 일관한지 보는 기준(퀘이사 기준계)
측성·Gaia,"El-Badry, Rix & Heintz 2021",—,—,Preprocess/05_likelihood_vectors.py; Preprocess/LITERATURE.md,어두운 쪽 시차 오차가 약 1.5배 과소평가되어도 10σ 기준이 유지됨
측성·Gaia,Lindegren et al. 2018 (RUWE),—,—,Classifier/subclass.py (RUWE_BINARY); Classifier/LITERATURE_SUBCLASS.md,RUWE > 1.4를 위치천문 쌍성 후보 기준으로 사용
측광 체계·단위,Tonry et al. 2012,—,—,Preprocess/units.py; Preprocess/LITERATURE.md,Pan-STARRS1 측광이 AB 체계임
측광 체계·단위,Morrissey et al. 2007,—,—,Preprocess/units.py; Preprocess/LITERATURE.md,GALEX 측광이 AB 체계임
측광 체계·단위,Jarrett et al. 2011,—,—,Preprocess/units.py (WISE Vega→AB); Classifier/subclass.py (WISE_AB); Preprocess/LITERATURE.md,WISE W1–W4 Vega→AB 보정 +2.699/+3.339/+5.174/+6.620
측광 체계·단위,Blanton & Roweis 2007,—,—,Preprocess/units.py; Preprocess/LITERATURE.md,2MASS J/H/Ks Vega→AB 보정 +0.91/+1.39/+1.85
측광 체계·단위,Schlafly & Finkbeiner 2011,—,—,Preprocess/units.py (std_ebv); Classifier/subclass.py (R_DECAM_G); Preprocess/LITERATURE.md,DECam g 소광 계수 R_g = 3.214 (LS mw_transmission_g → E(B−V))
측광 체계·단위,Schlafly et al. 2019 (unWISE),—,—,Preprocess/units.py; Preprocess/LITERATURE.md,Legacy Surveys W1/W2(unWISE 강제 측광)가 AllWISE에 맞춰 보정됨
측광 체계·단위,Casagrande & VandenBerg 2018,"MNRAS 479, L102",—,"Classifier/subclass.py (E_BPRP_PER_EBV, A_G_PER_EBV); Classifier/LITERATURE_SUBCLASS.md; WORK_REPORT_2026-10-10.md","Gaia 소광 계수: E(BP−RP) = 1.339 E(B−V), A_G ≈ 2.740 E(B−V)"
측광 체계·단위,Lupton 2005 (SDSS→Johnson transformations) (저장소 표기 그대로),—,—,"Classifier/subclass.py (M_B, Johnson R); Classifier/LITERATURE_SUBCLASS.md","B = g + 0.313(g−r) + 0.227, R = r − 0.1837(g−r) − 0.0971"
탐사·카탈로그 데이터,Dey et al. 2019 (Legacy Surveys),"AJ 157, 168",—,"Preprocess/classification_rules.csv LS-MORPH-001/002, LS-COLOR-001; Preprocess/04_build_evidence.py; Preprocess/03_extract_features.py; Preprocess/units.py; Get_data/desi_legacy.py; Classifier/unknown_reason.py; Classifier/LITERATURE_SUBCLASS.md; Preprocess/COARSE_BENCHMARK_RESULTS.md; WORK_LOG_2026-10-08.md","Tractor 형태 모형(Sec. 8, S/N ≥ 10에서만 사용), nanomaggy→AB, unWISE 강제 측광, DEV/EXP 광도 분포"
탐사·카탈로그 데이터,Chambers et al. 2016 (Pan-STARRS1 3π),arXiv:1612.05560,—,Preprocess/classification_rules.csv PS1-CKNN-001,PS1 3π가 Dec > −30°를 덮어 LS 영역 밖에서도 색 kNN 사용 가능
탐사·카탈로그 데이터,Flewelling et al. 2020 (Pan-STARRS1),—,—,Classifier/unknown_reason.py; host_groups.py; designations.py,"MeanObject의 −999 평균 PSF 등급(검출 1–2회), 큰 은하 조각화, PS1 지정명"
탐사·카탈로그 데이터,York et al. 2000,—,—,Classifier/unknown_reason.py; Classifier/LITERATURE_SUBCLASS.md,SDSS 점광원 95 % 완전도 r = 22.2 (UNKNOWN 사유)
탐사·카탈로그 데이터,Stoughton et al. 2002,—,—,Classifier/unknown_reason.py; Classifier/LITERATURE_SUBCLASS.md,SDSS 점광원 95 % 완전도 r = 22.2 (UNKNOWN 사유)
탐사·카탈로그 데이터,Bolton et al. 2012 (SDSS spectrum class/subclass),"AJ 144, 144",—,"Preprocess/05_likelihood_vectors.py (_spectroscopic, SPC-* 규칙); Classifier/subclass.py (은하 활동성, 1형/2형 AGN); Classifier/LITERATURE_SUBCLASS.md; WORK_REPORT_2026-10-10.md",SDSS CLASS/ZWARNING와 SUBCLASS(STARFORMING/AGN/STARBURST/BROADLINE)
탐사·카탈로그 데이터,Blanton et al. 2005 (NYU-VAGC),"AJ 129, 2562",—,host_groups.py; WORK_REPORT_2026-10-10.md,SDSS가 가까운 큰 은하를 여러 검출로 쪼갬(조각화) → 큰 은하 묶기 근거
탐사·카탈로그 데이터,Moustakas et al. 2023 (Siena Galaxy Atlas 2020),"ApJS 269, 3; VizieR J/ApJS/269/3",—,Get_data/sga2020.py; Preprocess/classification_rules.csv SGA-001; host_groups.py; designations.py; WORK_LOG_2026-10-08.md; WORK_REPORT_2026-10-10.md,"큰 은하 D26 타원(PA, b/a), 큰 은하 내부 검출 판정 보류, 은하 이름"
탐사·카탈로그 데이터,DESI Collaboration 2025 (DESI DR1),VizieR V/161/zcatdr1,—,Get_data/desi_spectroscopy.py; benchmark/build_desi_truth.py,DESI DR1 적색편이 카탈로그: 분광 증거와 SDSS 독립 정답 집합
탐사·카탈로그 데이터,Bianchi et al. 2017 (GUVcat_AIS),VizieR II/335,—,Preprocess/catalog_reliability.csv (catalog_confidence_galex); Get_data/galex.py (II/335/galex_ais),GALEX AIS 자외선 카탈로그와 등급 오차·결함 플래그
탐사·카탈로그 데이터,Condon et al. 1998 (NVSS),—,—,Preprocess/catalog_reliability.csv (catalog_confidence_nvss); Get_data/nvss.py (VIII/65/nvss),NVSS 1.4 GHz 카탈로그; 전파 검출만으로 1차 분류 규칙을 만들지 않음
탐사·카탈로그 데이터,Wenger et al. 2000 (SIMBAD),"A&AS 143, 9",—,designations.py; Classifier/literature.py; Classifier/LITERATURE_SUBCLASS.md,SIMBAD 주 식별자와 큐레이터 지정 천체 유형(문헌 기반)
탐사·카탈로그 데이터,Oberto et al. 2018 (SIMBAD object types) (저장소 표기 그대로),—,—,Preprocess/classification_rules.csv SIMBAD-TYPE-001; Preprocess/catalog_reliability.csv (catalog_confidence_simbad_type),SIMBAD 계층적 천체 유형 체계
탐사·카탈로그 데이터,Suh 2021 (Galactic AGB catalogue),"ApJS 256, 43; VizieR J/ApJS/256/43",2021ApJS..256...43S,Get_data/agb_suh2021.py (table9–12); Classifier/literature.py; Classifier/axes/physical.py; Preprocess/association_model.py; benchmark/build_agb_chemistry_truth.py (table11/12); Classifier/VALIDATION_REPORT_2026-09-28.md,"O-rich/C-rich AGB 목록: 물리 축 AGB 증거, AGB 화학형 정답, 'from paper' 분류"
탐사·카탈로그 데이터,"Parker, Bojicic & Frew 2016 (HASH PN database)",—,2016JPhCS.728c2008P,"Classifier/literature.py; Classifier/LITERATURE_MULTI_AXIS.md; Get_data/hash_pn.py (V/163/pnmain, 'HASH PN Catalog')",흉내 천체를 걸러낸 은하계 행성상성운 DB; 외부 정답·출처
탐사·카탈로그 데이터,Manchester et al. 2005 (ATNF Pulsar Catalogue),"AJ 129, 1993",2005AJ....129.1993M,Classifier/literature.py; Classifier/LITERATURE_MULTI_AXIS.md; Get_data/atnf_pulsar.py (HEASARC ATNFPULSAR); Classifier/truth/build_independent_truth_sets.py (VizieR B/psr/psr),펄서 기준·정답 카탈로그
탐사·카탈로그 데이터,Barbon et al. 1999 (Asiago Supernova Catalogue),"A&AS 139, 531",1999A&AS..139..531B,Classifier/literature.py; Get_data/asiago_supernova.py (B/sn/sncat); Classifier/truth/build_independent_truth_sets.py,"2017년까지의 초신성 목록(과도 현상 증거, SN 정답)"
탐사·카탈로그 데이터,Holoien et al. 2017 (ASAS-SN supernovae),"MNRAS 464, 2672",2017MNRAS.464.2672H,Classifier/literature.py ('ASAS-SN Supernova Catalog'),'from paper' 초신성 분류의 출처 논문. 주의: 같은 카탈로그 이름의 수집기는 Neumann et al. 2023 표를 조회함
탐사·카탈로그 데이터,Neumann et al. 2023 (ASAS-SN bright supernovae 2018–2020),VizieR J/MNRAS/520/4356,—,"Get_data/asas_sn_supernova.py (table1, table2)",2018–2020 밝은 초신성 목록(과도 현상 증거)
탐사·카탈로그 데이터,Acker et al. (연도 미기재; Galactic PN catalogue VizieR V/84) (저장소 표기 그대로),"VizieR V/84 (main, intens)",—,Get_data/pn_spectroscopy.py; Classifier/truth/build_independent_truth_sets.py; Classifier/axes/phenomenon.py ('Acker PN Spectroscopy'),"PN 방출선 세기(H, He, [O III], [N II], [S II])와 PN 정답 집합"
탐사·카탈로그 데이터,Guo et al. 2022 (LAMOST DR5 white dwarfs),"VizieR J/MNRAS/509/2674 (table3, table6)",—,Classifier/build_lamost_star_external_truth.py; Classifier/build_wd_subtype_truth.py; Classifier/WD_SUBTYPE_VALIDATION.md; Classifier/WD_SUBTYPE_XP_VALIDATION.md; Classifier/WD_SUBTYPE_XP_EXTERNAL_VALIDATION.md; Classifier/STAR_WD_EXTERNAL_VALIDATION.md,백색왜성 외부 정답과 DA/DB 학습 정답
탐사·카탈로그 데이터,Kepler et al. 2019 (SDSS DR14 white dwarfs),VizieR J/MNRAS/486/2169 (table2),—,Classifier/build_sdss_wd_subtype_external_truth.py; Classifier/WD_SUBTYPE_XP_EXTERNAL_VALIDATION.md,DA/DB 독립 외부 검증 정답(213개)
데이터 출처 카탈로그 (논문 인용 없음),AllWISE — 저장소에 논문 인용 없음,VizieR II/328/allwise,—,Get_data/allwise.py; benchmark/build_agb_chemistry_truth.py,중적외선 W1–W4 측광
데이터 출처 카탈로그 (논문 인용 없음),2MASS Point Source Catalog — 저장소에 논문 인용 없음,VizieR II/246/out,—,Get_data/twomass.py; benchmark/build_agb_chemistry_truth.py,근적외선 J/H/Ks 측광
데이터 출처 카탈로그 (논문 인용 없음),FIRST (first14) — 저장소에 논문 인용 없음,VizieR VIII/92/first14,—,Get_data/first.py; benchmark/RADIO_XRAY_BENCHMARK_RESULTS.md,"1.4 GHz 전파 플럭스, 전파 선택 벤치마크"
데이터 출처 카탈로그 (논문 인용 없음),LoTSS DR2 — 저장소에 논문 인용 없음,VizieR J/A+A/659/A1,—,Get_data/lotss.py,144 MHz 전파 플럭스
데이터 출처 카탈로그 (논문 인용 없음),VLASS — 저장소에 논문 인용 없음,VizieR J/ApJS/255/30,—,Get_data/vlass.py,3 GHz 전파 플럭스
데이터 출처 카탈로그 (논문 인용 없음),Chandra Source Catalog 2.0 — 저장소에 논문 인용 없음,VizieR IX/57/csc2master,—,Get_data/chandra.py,X선 대응체
데이터 출처 카탈로그 (논문 인용 없음),XMM-Newton 4XMM-DR13 — 저장소에 논문 인용 없음,VizieR IX/74/4xmmdr13s,—,Get_data/xmm.py,X선 대응체
데이터 출처 카탈로그 (논문 인용 없음),eROSITA eRASS1 — 저장소에 논문 인용 없음,VizieR J/A+A/682/A34,—,Get_data/erosita.py,X선 대응체
데이터 출처 카탈로그 (논문 인용 없음),LAMOST DR5 — 저장소에 논문 인용 없음,VizieR V/164/dr5,—,Get_data/lamost_spectroscopy.py; Classifier/build_lamost_star_external_truth.py,"분광 분류·적색편이, 일반 별 외부 정답"
데이터 출처 카탈로그 (논문 인용 없음),"SDSS DR18 (PhotoObj, spectroscopy) — 저장소에 논문 인용 없음",SDSS CAS (VizieR ID 없음),—,Get_data/sdss_dr18.py; Get_data/sdss_spectroscopy.py,"측광·형태(type), 분광 class/subclass/z — 벤치마크 정답"
데이터 출처 카탈로그 (논문 인용 없음),NED — 저장소에 논문 인용 없음,NASA/IPAC NED (astroquery),—,Get_data/ned.py,외부은하 선호 유형·적색편이·참고문헌 수
데이터 출처 카탈로그 (논문 인용 없음),ASAS-SN Variable Stars — 저장소에 논문 인용 없음,VizieR II/366/catv2021,—,Classifier/truth/build_independent_truth_sets.py,"변광성 축 독립 정답(RRAB, RRC, DCEP, M, SR)"
데이터 출처 카탈로그 (논문 인용 없음),Gaia DR3 VizieR 사본 — 저장소에 논문 인용 없음,"VizieR I/355/gaiadr3, I/355/paramp, I/358/vclassre, I/358/vrrlyr, I/358/vcep, I/358/vlpv",—,Get_data/gaia_dr3.py; Get_data/gaia_dr3_physical_vizier.py; Get_data/gaia_dr3_variability_vizier.py; Get_data/gaia_dr3_variability_sos_vizier.py,"Gaia TAP 장애 시 대체 경로, SOS 변광 세부 유형 (논문은 측성·Gaia 표 참조)"
교차 대응·통계·분류 방법,Budavári & Szalay 2008,"ApJ 679, 301",—,Preprocess/association_model.py; CHANGELOG.md; WORK_LOG_2026-10-08.md,베이즈 교차 대응 멤버십 사후확률 L/(L+ρ)
교차 대응·통계·분류 방법,"Saerens, Latinne & Decaestecker 2002","Neural Computation 14, 21",—,"Preprocess/05_likelihood_vectors.py (estimate_field_prior, --field-prior); Preprocess/COARSE_BENCHMARK_RESULTS.md; WORK_LOG_2026-10-08.md",레이블 이동에서 필드별 클래스 사전확률 EM 재추정
교차 대응·통계·분류 방법,Ball et al. 2006,"ApJ 650, 497; DOI 10.1086/507440",—,"Preprocess/color_knn.py; Preprocess/classification_rules.csv LS-CKNN-001, PS1-CKNN-001; Preprocess/LITERATURE.md (DT-HIER-001); CHANGELOG.md; Preprocess/COARSE_BENCHMARK_RESULTS.md; WORK_LOG_2026-10-08.md","색 공간 kNN 분류, SDSS DR3 결정트리 별/은하 분류와 외삽 경고"
교차 대응·통계·분류 방법,"Suchkov, Hanisch & Margon 2005 (ClassX)","AJ 130, 2439; DOI 10.1086/497363",—,Preprocess/LITERATURE.md (DT-HIER-001),"사선 결정트리 10개 가중 투표, 클래스 확률 분포"
교차 대응·통계·분류 방법,Vasconcellos et al. 2011,"AJ 141, 189; DOI 10.1088/0004-6256/141/6/189",—,Preprocess/LITERATURE.md (DT-HIER-001),"결정트리 13종 별/은하 분리 비교, 등급 의존성"
교차 대응·통계·분류 방법,Clarke et al. 2020,"A&A 639, A84",—,Preprocess/LITERATURE.md (DT-HIER-001),"SDSS+WISE 랜덤 포레스트 별/은하/퀘이사 분류, 확률·검증 분리"
교차 대응·통계·분류 방법,Tachibana & Miller 2018,"PASP 130, 128001; DOI 10.1088/1538-3873/aae3d9",—,Preprocess/classification_rules.csv PS1-MORPH-001/002 (Sec. 4.1); Preprocess/catalog_reliability.csv (catalog_confidence_ps1_morphology); Preprocess/LITERATURE.md,PS1 iPSF − iKron > 0.05 확장원 판별과 한계
교차 대응·통계·분류 방법,Farrow et al. 2014,"MNRAS 437, 748–770; DOI 10.1093/mnras/stt1933",—,Preprocess/LITERATURE.md,PS1 별/은하 분리 배경과 검증
별 분류,Pecaut & Mamajek 2013,"ApJS 208, 9",—,"Classifier/subclass.py (분광형 GAIA_BPRP0/LS_GR0/PS1_IZ/GAIA_TEFF, 주계열 M_G); Preprocess/units.py; Classifier/LITERATURE_SUBCLASS.md; WORK_REPORT_2026-10-10.md",왜성 색–Teff 계열(분광형 척도)
별 분류,"Mamajek, ""A Modern Mean Dwarf Stellar Color and Effective Temperature Sequence"", v2022.04.16",—,—,Classifier/reference/mamajek_dwarf_sequence.csv; Classifier/subclass.py; Classifier/LITERATURE_SUBCLASS.md; WORK_REPORT_2026-10-10.md (E1),"Pecaut & Mamajek 계열의 유지 판 표(SpT, Teff, BP−RP, M_G, g−r, i−z 등)"
별 분류,Ciardi et al. 2010/2011 (저장소 표기 그대로),—,—,"Classifier/subclass.py (star_luminosity_class, GAIA_LOGG); Classifier/LITERATURE_SUBCLASS.md; WORK_REPORT_2026-10-10.md",Kepler 대상의 Teff–log g 거성 경계(시차 없을 때 광도 계급)
별 분류,Hurley & Tout 1998,—,—,Classifier/subclass.py (star_luminosity_class); Classifier/LITERATURE_SUBCLASS.md; WORK_REPORT_2026-10-10.md,같은 질량 쌍성은 주계열 위 최대 0.75 mag → V 계급 경계 ΔM > −1
별 분류,Kuiper 1939,—,—,Classifier/subclass.py; Classifier/LITERATURE_SUBCLASS.md,준왜성(VI)이 주계열 아래 1–2 mag
별 분류,Gizis 1997,—,—,Classifier/subclass.py; Classifier/LITERATURE_SUBCLASS.md,준왜성(VI)이 주계열 아래 1–2 mag
별 분류,Gentile Fusillo et al. 2021 (Gaia EDR3 white-dwarf candidate catalogue),"MNRAS 508, 3877",—,"Classifier/branches/star.py (HR_GATES, _wd_hr_signal); Classifier/train_validate_star_wd.py; Classifier/subclass.py; Preprocess/units.py; Classifier/WD_HR_GATE_EVALUATION.md; Classifier/STAR_WD_VALIDATION.md; Classifier/LITERATURE_SUBCLASS.md; CHANGELOG.md; WORK_LOG_2026-10-08.md; WORK_REPORT_2026-10-10.md","백색왜성 HR 궤적 M_G > 6 + 5(BP−RP), ϖ/σ ≥ 4 또는 고유운동 유의도 > 10"
별 분류,Vincent et al. 2023,"MNRAS 521, 760; doi:10.1093/mnras/stad580",—,Classifier/LITERATURE.md; Classifier/STAR_WD_VALIDATION.md,Gaia+SDSS 백색왜성 후보 선택·분광형 분류 파이프라인(모듈 구조 근거)
별 분류,García-Zamora et al. 2023 (저장소 표기 그대로),"A&A 679, A127 (Classifier/STAR_WD_VALIDATION.md); Classifier/LITERATURE_MULTI_AXIS.md는 'MNRAS 521, 760'으로 표기 — 불일치",—,Classifier/train_validate_wd_subtype_xp.py; Classifier/WD_SUBTYPE_VALIDATION.md; Classifier/STAR_WD_VALIDATION.md; Classifier/LITERATURE_MULTI_AXIS.md,XP 110개 Hermite 계수 랜덤 포레스트로 DA/non-DA 분류(약 90 %)
별 분류,Jiménez-Esteban et al. 2023,"MNRAS 518, 5106; doi:10.1093/mnras/stac3382",—,Classifier/LITERATURE.md; Classifier/LITERATURE_MULTI_AXIS.md,"Gaia DR3 100 pc 백색왜성 분광 분류, DA/non-DA > 90 %"
별 분류,Babusiaux et al. 2018 (Gaia DR2 HRDs),"A&A 616, A10",—,Classifier/subclass.py (POPULATION_VT); Classifier/LITERATURE_SUBCLASS.md; WORK_REPORT_2026-10-10.md,"접선 속도 창: 얇은 원반 < 40, 두꺼운 원반 60–150, 헤일로 > 200 km/s"
별 분류,Belokurov et al. 2020,—,—,Classifier/subclass.py (RUWE_BINARY); Classifier/LITERATURE_SUBCLASS.md,RUWE > 1.4 = 분해되지 않은 동반성(위치천문 쌍성 후보)
별 분류,"Gaia Collaboration, Smart et al. 2021 (Gaia Catalogue of Nearby Stars)",—,—,Classifier/subclass.py (NEARBY); Classifier/LITERATURE_SUBCLASS.md,100 pc 근거리 별 부피(ϖ > 10 mas)
별 분류,Lépine & Shara 2005 (LSPM-North),—,—,Classifier/subclass.py (HIGH_PM); Classifier/LITERATURE_SUBCLASS.md,고유운동 > 150 mas/yr 한계
별 분류,Ruiz-Dern et al. 2018,"A&A 609, A116",—,Classifier/subclass.py (RED_CLUMP); Classifier/LITERATURE_SUBCLASS.md,"적색 거성군 M_G = 0.495 + 1.121(G−Ks−2.1), 고유 산포 ~0.2 mag"
별 분류,Koenig et al. 2012,—,—,Classifier/subclass.py (IR_EXCESS); Classifier/LITERATURE_SUBCLASS.md,"class II 궤적 하한 W1−W2 > 0.25, W2−W3 > 1.0 (적외선 초과)"
별 분류,Beers & Christlieb 2005,—,—,Classifier/subclass.py (METAL_POOR); Classifier/LITERATURE_SUBCLASS.md,[M/H] < −1 '금속 결핍' 정의
별 분류,Covey et al. 2007,"AJ 134, 2398",—,"Preprocess/color_knn.py; Preprocess/classification_rules.csv LS-CKNN-001, PS1-CKNN-001; Preprocess/COARSE_BENCHMARK_RESULTS.md; WORK_LOG_2026-10-08.md",휘어진 항성 궤적(선형 색 모형이 못 따라감 → kNN)
별 분류,Elsworth et al. 2019 (APOKASC evolutionary states),"MNRAS 489, 4641",—,Classifier/LITERATURE_MULTI_AXIS.md,성진학 기반 적색거성 진화 단계; AGB 분리는 어려움
별 분류,Vrard et al. 2025 (Kepler red-giant evolutionary states) (저장소 표기 그대로),VizieR J/A+A/697/A165 (table4),—,Classifier/truth/build_independent_truth_sets.py; Classifier/truth/generated/README.md; Classifier/MODEL_STATUS_AND_IMPROVEMENT_2026-10-08.md; Classifier/LITERATURE_MULTI_AXIS.md ('Vrard et al. (2024 preprint)'),RGB(EV=1)/AGB 후보(EV=2) 독립 정답. LITERATURE_MULTI_AXIS.md의 2024 preprint 표기와 같은 연구로 보고 병합
별 분류,Groenewegen 2017,—,—,Classifier/LITERATURE_MULTI_AXIS.md,미라·RR Lyrae·세페이드 주기-광도 관계
은하 분류,"Baldwin, Phillips & Terlevich 1981","PASP 93, 5",—,Classifier/LITERATURE.md; Classifier/LITERATURE_SUBCLASS.md; WORK_REPORT_2026-10-10.md,BPT 진단도 [O III]/Hβ vs [N II]/Hα
은하 분류,Veilleux & Osterbrock 1987,"ApJS 63, 295",—,Classifier/LITERATURE.md,[S II]·[O I] 포함 방출선 진단
은하 분류,Kauffmann et al. 2003,—,—,Classifier/LITERATURE_SUBCLASS.md; WORK_REPORT_2026-10-10.md,BPT 별생성/AGN 경계(SDSS subclass의 근거)
은하 분류,Kewley et al. 2001,—,—,Classifier/LITERATURE_SUBCLASS.md,BPT 최대 별폭발 경계(SDSS subclass의 근거)
은하 분류,Jarrett et al. 2017,"ApJ 836, 182",—,Classifier/subclass.py (galaxy_activity WISE W2−W3); Classifier/LITERATURE_SUBCLASS.md; WORK_REPORT_2026-10-10.md,"W2−W3 > 3.0 별생성 원반, < 1.5 구상체"
은하 분류,Jarrett et al. 2019,"ApJS 245, 25",—,Classifier/subclass.py; Classifier/LITERATURE_SUBCLASS.md; WORK_REPORT_2026-10-10.md,"W2−W3 > 3.0 별생성 원반, < 1.5 구상체"
은하 분류,Kaviraj et al. 2007,—,—,Classifier/subclass.py; Classifier/LITERATURE_SUBCLASS.md; WORK_REPORT_2026-10-10.md,(NUV−r)₀ > 5 → 정지 은하
은하 분류,Wyder et al. 2007,—,—,Classifier/subclass.py; Classifier/LITERATURE_SUBCLASS.md,NUV−r 적색 계열과 녹색 계곡
은하 분류,Salim 2014,"SerAJ 189, 1",—,Classifier/subclass.py (green valley); Classifier/LITERATURE_SUBCLASS.md,"녹색 계곡 4 < NUV−r ≤ 5, 전이 단계·AGN이 많음"
은하 분류,Shen et al. 2003,"MNRAS 343, 978",—,Classifier/subclass.py (galaxy_profile); Classifier/LITERATURE_SUBCLASS.md; WORK_REPORT_2026-10-10.md,Sérsic n ≥ 2.5 조기형 / < 2.5 원반
은하 분류,Blanton et al. 2003 (저장소 표기 그대로),—,—,Classifier/subclass.py (galaxy_profile); Classifier/LITERATURE_SUBCLASS.md,Sérsic n 기준의 보조 근거
은하 분류,Strateva et al. 2001,"AJ 122, 1861",—,Classifier/subclass.py (SDSS_UR); Classifier/LITERATURE_SUBCLASS.md; WORK_REPORT_2026-10-10.md,SDSS (u−r)₀ = 2.22 조기형/만기형 경계
은하 분류,Khachikian & Weedman 1974,—,—,Classifier/LITERATURE_SUBCLASS.md,1형/2형 AGN(세이퍼트) 구분
은하 분류,Tammann 1994,—,—,Classifier/subclass.py (dwarf); Classifier/LITERATURE_SUBCLASS.md,왜소은하 M_B > −16
은하 분류,Best & Heckman 2012,—,—,Classifier/subclass.py (radio-loud AGN candidate); Classifier/LITERATURE_SUBCLASS.md,정지 은하의 전파 방출 = 전파 모드 AGN
은하 분류,Hubble 1926,—,—,Classifier/subclass.py (edge-on/face-on); Classifier/LITERATURE_SUBCLASS.md,경사각 cos²i = (q² − q0²)/(1 − q0²)
은하 분류,Holmberg 1958,—,—,Classifier/subclass.py; Classifier/LITERATURE_SUBCLASS.md,고유 두께 q0 = 0.2
은하 분류,Kenney et al. 2004,—,—,Classifier/LITERATURE_SUBCLASS.md,NGC 4522 경사각 i ≈ 78° (계산값 81°와 비교)
은하 분류,Tago et al. 2010,—,—,host_groups.py (DV_MAX_KMS),은하군 연결 속도 ~250–1000 km/s → 같은 은하 판정 1500 km/s
은하 분류,Zhou et al. 2023,"AJ 165, 58",—,Preprocess/color_knn.py; Preprocess/classification_rules.csv LS-CKNN-001; Preprocess/COARSE_BENCHMARK_RESULTS.md; WORK_LOG_2026-10-08.md,DESI 표적 선택에 쓰인 은하의 중적외선 초과
은하 분류,Banerji et al. 2010 (Galaxy Zoo ML),"MNRAS 406, 342; doi:10.1111/j.1365-2966.2010.16713.x",—,Classifier/LITERATURE.md,기계학습으로 Galaxy Zoo 형태 재현
은하 분류,Walmsley et al. 2020 (Galaxy Zoo Bayesian CNN),"MNRAS 491, 1554; doi:10.1093/mnras/stz2816",—,Classifier/LITERATURE.md,확률적 형태 분류·능동 학습
은하 분류,Walmsley et al. 2022 (Galaxy Zoo DECaLS),"MNRAS 509, 3966; doi:10.1093/mnras/stab2093",—,Classifier/LITERATURE.md,세부 시각 형태 측정 → 계층적 형태 분기
퀘이사·AGN,Stern et al. 2012,"ApJ 753, 30",—,Preprocess/classification_rules.csv WISE-AGN-001 (Sec. 3.5 / Fig. 6); Preprocess/04_build_evidence.py; Preprocess/03_extract_features.py; Preprocess/catalog_reliability.csv (catalog_confidence_allwise); Classifier/subclass.py (galaxy_activity); Classifier/LITERATURE_SUBCLASS.md; WORK_REPORT_2026-10-10.md,"W1−W2 ≥ 0.8, W2 < 15.05 (Vega) 중적외선 AGN; COSMOS 신뢰도 ~95 %, 완전도 ~78 %"
퀘이사·AGN,Assef et al. 2018 (The WISE AGN Catalog),"ApJS 234, 23; DOI 10.3847/1538-4365/aaa00a",—,Preprocess/classification_rules.csv WISE-AGN-R90-001 (Eq. 4); Preprocess/04_build_evidence.py; Preprocess/LITERATURE.md,"AllWISE R90 경계 (α, β, γ) = (0.650, 0.153, 13.86)"
퀘이사·AGN,Bañados et al. 2016 (PS1 distant z > 5.6 quasar survey),"ApJS 227, 11; DOI 10.3847/0067-0049/227/1/11",—,"Preprocess/classification_rules.csv PS1-QSO-Z6-001 (Sec. 2.1.1, Eq. 1–3); Preprocess/04_build_evidence.py; Preprocess/LITERATURE.md",i-dropout 선택(i−z > 2.0 등) z ≈ 6 퀘이사 후보
퀘이사·AGN,Chaussidon et al. 2023 (DESI QSO target selection),"ApJ 944, 107",—,"Preprocess/classification_rules.csv LS-MORPH-001/002, LS-COLOR-001; Preprocess/03_extract_features.py; Preprocess/color_knn.py; Get_data/desi_legacy.py; Preprocess/COARSE_BENCHMARK_RESULTS.md; WORK_LOG_2026-10-08.md",퀘이사도 점광원(PSF 형태) → 점광원은 STAR/QSO 공통 증거; 중적외선 초과·청색 광학색
퀘이사·AGN,Richards et al. 2002 (SDSS quasar target selection),—,—,Preprocess/LITERATURE.md,항성 궤적 거리 기반 선택 — 단순 색 절단으로 근사하지 않는다는 미채택 근거
퀘이사·AGN,Richards et al. 2006,—,—,Classifier/subclass.py (qso_tags ABS_MAG_RICHARDS06); Classifier/LITERATURE_SUBCLASS.md,M_i(z=2)와 연속 K-보정(α_ν = −0.5)
퀘이사·AGN,Schneider et al. 2010 (SDSS DR7 quasar catalogue),—,—,"Classifier/subclass.py (H0, OMEGA_M, 퀘이사 광도 절단); Classifier/LITERATURE_SUBCLASS.md","퀘이사 M_i < −22 절단; 거리 계산용 평탄 ΛCDM H0 = 70, Ωm = 0.3"
퀘이사·AGN,Ivezić et al. 2002,"AJ 124, 2364",—,Classifier/subclass.py (전파 세기); Classifier/LITERATURE_SUBCLASS.md; WORK_REPORT_2026-10-10.md; app/APP_DESIGN.md,"R_i = 0.4(m_i − t), R_i > 1 전파 강함"
퀘이사·AGN,Kellermann et al. 1989,—,—,Classifier/LITERATURE_SUBCLASS.md; WORK_REPORT_2026-10-10.md,전파/광학 플럭스 비 > 10 = 전파 강함
퀘이사·AGN,Ross et al. 2012,—,—,Classifier/subclass.py (redshift class); Classifier/LITERATURE_SUBCLASS.md; WORK_REPORT_2026-10-10.md,z ≥ 2.1(Lyα forest가 광학에 들어옴) 고적색편이
퀘이사·AGN,Hickox et al. 2007,—,—,Classifier/subclass.py (HICKOX07); Classifier/LITERATURE_SUBCLASS.md; WORK_REPORT_2026-10-10.md,"가린(붉은) 퀘이사 R − [4.5] > 6.1 (Vega), 신뢰도 ≈ 80 %"
퀘이사·AGN,Fan et al. 2001,—,—,Classifier/subclass.py (VERY_HIGH_Z); Classifier/LITERATURE_SUBCLASS.md,z ≥ 5 재이온화 시대 퀘이사
퀘이사·AGN,Fan et al. 2006,—,—,Classifier/subclass.py (VERY_HIGH_Z); Classifier/LITERATURE_SUBCLASS.md,z ≥ 5 재이온화 시대 퀘이사
퀘이사·AGN,Joshi & Shinde 2026,"Eur. Phys. J. C 86, 766; doi:10.1140/epjc/s10052-026-15968-7",—,Classifier/LITERATURE.md,SDSS DR16Q 전파 세기 ML 분류; 불균형 문제·QSO 라우팅 후에만 평가
전파·X선·밀집성,Condon 1992,"ARA&A 30, 575",—,Preprocess/units.py (std_radio_1p4ghz_mjy); Classifier/subclass.py (RADIO_OTHER); Preprocess/LITERATURE.md; Classifier/LITERATURE_SUBCLASS.md; WORK_REPORT_2026-10-10.md,광학적으로 얇은 싱크로트론 지수 α = −0.7 (LoTSS 144 MHz·VLASS 3 GHz → 1.4 GHz)
전파·X선·밀집성,Bates et al. 2014 (SPINN),—,—,Classifier/LITERATURE_MULTI_AXIS.md,신경망 펄서 후보 선택
전파·X선·밀집성,Hui et al. 2020,"MNRAS 495, 1093",—,Classifier/LITERATURE_MULTI_AXIS.md,Fermi 펄서형 천체 ML 선택 후 X선/광학/IR 대응체 분석
전파·X선·밀집성,"""Saz Parkinson et al.-style / later Fermi ML work"" (저장소 표기 그대로)",—,—,Classifier/LITERATURE_MULTI_AXIS.md,감마선 스펙트럼·변광 특징으로 펄서형과 AGN형 구분
행성상성운·초신성·과도 현상,Akras et al. 2019,"MNRAS 488, 3238",—,Classifier/LITERATURE_MULTI_AXIS.md,2MASS/WISE 색 진단과 분류 트리로 조밀 PN과 흉내 천체 구분
행성상성운·초신성·과도 현상,Akyuz et al. 2024,"MNRAS 527, 1481",—,Classifier/LITERATURE_MULTI_AXIS.md,방출선 비·SMB/BPT 진단으로 PN 분광 확인
행성상성운·초신성·과도 현상,Lochner et al. 2016,—,—,Classifier/LITERATURE_MULTI_AXIS.md,"광도곡선 특징 추출 + ML, 대표성 있는 학습 집합의 중요성"
행성상성운·초신성·과도 현상,Möller & de Boissière 2020 (SuperNNova),—,—,Classifier/LITERATURE_MULTI_AXIS.md,RNN 광도곡선 초신성 분류(극대 이전 곡선 포함)
행성상성운·초신성·과도 현상,"""HSC transient ML work (2020)"" (저장소 표기 그대로)",—,—,Classifier/LITERATURE_MULTI_AXIS.md,시간 자료가 늘수록 성능 향상
행성상성운·초신성·과도 현상,"""Recent 4MOST transient classifier comparison (2025): SNID, DASH and NGSF"" (저장소 표기 그대로)",—,—,Classifier/LITERATURE_MULTI_AXIS.md,분광 과도 현상 유형 분류 도구 비교
기타 문서,"STScI/MAST Pan-STARRS Public Archive, ""How to separate stars and galaxies""",URL: https://outerspace.stsci.edu/spaces/PANSTARRS/pages/298812369/How+to+separate+stars+and+galaxies,—,Preprocess/classification_rules.csv PS1-MORPH-001/002; Preprocess/catalog_reliability.csv (catalog_confidence_ps1_morphology); Preprocess/LITERATURE.md,"PSF−Kron 0.05(i), i ≈ 21보다 어두우면 불안정, i ≈ 14보다 밝으면 포화"
기타 문서,SDSS DR14 flux-calibration notes,—,—,Preprocess/units.py; Preprocess/LITERATURE.md,"SDSS u_AB = u − 0.04, z_AB = z + 0.02"
기타 문서,"WISE Explanatory Supplement, Sec. IV.4.h",—,—,Preprocess/units.py; Preprocess/LITERATURE.md,WISE Vega→AB 보정값
기타 문서,AllWISE Explanatory Supplement,—,—,Preprocess/catalog_reliability.csv (catalog_confidence_allwise),W1/W2 SNR·결함·혼잡(nb) 품질 기준
기타 문서,2MASS All-Sky Explanatory Supplement,—,—,Preprocess/catalog_reliability.csv (catalog_confidence_2mass),ph_qual 등급·cc_flg 품질 기준
기타 문서,Gaia DR3 documentation Sec. 7.1.2 / DR2 RUWE documentation,—,—,Preprocess/catalog_reliability.csv (catalog_confidence_gaia_astrometry),RUWE 1.4 경고 척도
기타 문서,Gaia DR3 DSC documentation,—,—,Preprocess/catalog_reliability.csv (catalog_confidence_gaia_dsc),DSC Combmod 확률 사용 조건
기타 문서,SDSS spectroscopic pipeline documentation,—,—,Preprocess/catalog_reliability.csv (catalog_confidence_sdss_spectroscopy); Preprocess/classification_rules.csv SPC-SDSS-001/002/003 (reference 'SDSS spectroscopy'),ZWARNING 품질 플래그
기타 문서,SDSS photometric pipeline — Morphology/Classification and clean-photometry guidance,—,—,Preprocess/classification_rules.csv SDSS-PHOTO-001/002; Preprocess/catalog_reliability.csv (catalog_confidence_sdss_photometry),"type = 3 확장 / type = 6 점광원, clean = 1"
기타 문서,NASA/IPAC Extragalactic Database — object-type and preferred-data documentation,—,—,Preprocess/classification_rules.csv NED-TYPE-001; Preprocess/catalog_reliability.csv (catalog_confidence_ned_type),NED 선호 천체 유형의 의미
기타 문서,SIMBAD object-type guide / documentation,—,—,Preprocess/classification_rules.csv SIMBAD-TYPE-001; Preprocess/catalog_reliability.csv (catalog_confidence_simbad_type),SIMBAD 주 천체 유형 계층
기타 문서,desitarget (targets.encode_targetid),—,—,Preprocess/association_model.py; Preprocess/COARSE_BENCHMARK_RESULTS.md; WORK_LOG_2026-10-08.md,DESI TARGETID에 LS RELEASE/BRICKID/OBJID가 들어 있음 → ID로 정확히 연결
기타 문서,"Redrock (DESI spectral classification, SPECTYPE)",—,—,benchmark/build_desi_truth.py; Get_data/desi_spectroscopy.py; Preprocess/COARSE_BENCHMARK_RESULTS.md,"DESI 정답 레이블 SPECTYPE (ZWARN = 0, DELTACHI2 > 25)"
별 분류,Lebzelter et al. 2018,"A&A 616, L13",—,"Classifier/subclass.py (agb_chemistry, GAIA_2MASS_WESENHEIT)",Gaia–2MASS Wesenheit 차 W_RP−W_KJ로 O-rich/C-rich AGB 구분
별 분류,"Mowlavi, Trabucchi & Lebzelter 2019",arXiv:1907.05359 (저장소 표기 그대로),—,Classifier/subclass.py (AGB_DW_C),은하계 LPV의 O/C 경계 ≈ 0.9 mag
별 분류,Abia et al. 2020,"A&A 633, A135",—,Classifier/subclass.py (AGB_DW_XC),"은하계 탄소별 Gaia–2MASS 도표, 극단 C-rich 경계 ≈ 1.7 mag"
별 분류,Lian et al. 2014,"A&A 564, A84",—,Classifier/subclass.py (WISE_LIAN14),AllWISE W1−W2 대 W3−W4 직선으로 O-rich/C-rich AGB 구분(87 %/86 %)
분광 분류 기준,"Morgan, Keenan & Kellman 1943",An Atlas of Stellar Spectra (Univ. Chicago Press),—,Classifier/LITERATURE_SPECTROSCOPY.md,MK 분광 분류 체계(분광형·광도 계급)
분광 분류 기준,Gray & Corbally 2009,Stellar Spectral Classification (Princeton Univ. Press),—,Classifier/LITERATURE_SPECTROSCOPY.md,MK 분류 기준 교과서
분광 분류 기준,"Luo et al. 2015 (LAMOST DR1, LASP)","RAA 15, 1095",—,"Classifier/LITERATURE_SPECTROSCOPY.md; Get_data/lamost_spectroscopy.py (V/164/stellar5); Classifier/subclass.py (spectro_params, LAMOST_LOGG, LAMOST_FEH)","LAMOST LASP Teff·log g·[Fe/H]와 오차(110 K, 0.2 dex, 0.1 dex)"
분광 분류 기준,Wu et al. 2011 (LASP / ULySS),"RAA 11, 924",—,Classifier/LITERATURE_SPECTROSCOPY.md,LAMOST 항성 대기 변수 파이프라인
분광 분류 기준,Recio-Blanco et al. 2023 (Gaia DR3 GSP-Spec),"A&A 674, A29",—,"Classifier/LITERATURE_SPECTROSCOPY.md; Get_data/gaia_dr3.py (SPEC_AP); Classifier/subclass.py (GSPSPEC_LOGG, GSPSPEC_FEH)","Gaia RVS 분광 Teff·log g·[M/H]와 flags_gspspec, log g 보정"
분광 분류 기준,"Gaia Collaboration, Creevey et al. 2023 (golden sample)","A&A 674, A39",—,Classifier/LITERATURE_SPECTROSCOPY.md,flags_gspspec 앞 13자리 0 = 고품질 표본
분광 분류 기준,Keenan 1993 (revised MK carbon classes),"PASP 105, 905",—,Classifier/LITERATURE_SPECTROSCOPY.md; Classifier/subclass.py (SIMBAD_CSTAR),"탄소별 C-R, C-N, C-J, C-H 분류"
분광 분류 기준,"Barnbaum, Stone & Keenan 1996","ApJS 105, 419",—,Classifier/LITERATURE_SPECTROSCOPY.md,탄소별 분광 도감
분광 분류 기준,Keenan & Boeshaar 1980,"ApJS 43, 379",—,Classifier/LITERATURE_SPECTROSCOPY.md; Classifier/subclass.py (SIMBAD_SSTAR),"S형 별(ZrO 띠), MS·SC형 분류"
분광 분류 기준,Green 2013 (SDSS carbon stars),"ApJ 765, 12",—,Classifier/LITERATURE_SPECTROSCOPY.md; Classifier/subclass.py (DC_MIN_MG),"SDSS 탄소별의 약 69 %가 왜성(dC), dC 절대등급 6.5–10.5"
분광 분류 기준,Li et al. 2018 (LAMOST DR4 carbon stars),"ApJS 234, 31",—,Classifier/LITERATURE_SPECTROSCOPY.md,LAMOST 탄소별 분광 식별
분광 분류 기준,Li et al. 2024 (LAMOST DR7 carbon stars),"ApJS 271, 12",—,Classifier/LITERATURE_SPECTROSCOPY.md; Classifier/subclass.py (DC_MIN_MG),M_G > 5이면 왜성 탄소별(dC)
분광 분류 기준,Roulston et al. 2025 (Gaia DR3 XP carbon stars),"ApJ 982, 184",—,Classifier/LITERATURE_SPECTROSCOPY.md,Gaia XP 탄소별과 dC 공간 밀도
분광 분류 기준,Alves 2000 (red clump K-band),"ApJ 539, 732",—,Classifier/LITERATURE_SPECTROSCOPY.md; Classifier/subclass.py (AGB_MAX_MKS),적색 거성군 M_K = −1.61: AGB는 이보다 밝음 → M_Ks > −1이면 AGB 아님
분광 분류 기준,Hawkins et al. 2017 (red clump),"MNRAS 471, 722",—,Classifier/LITERATURE_SPECTROSCOPY.md; Classifier/subclass.py (AGB_MAX_MKS),Gaia 시차로 본 적색 거성군 절대등급
분광 분류 기준,Nikolaev & Weinberg 2000 (2MASS LMC),"ApJ 542, 804",—,Classifier/LITERATURE_SPECTROSCOPY.md,LMC 2MASS RGB tip Ks = 12.3 → M_Ks ≈ −6.2
분광 분류 기준,"Cioni et al. 2000 (TRGB, DENIS)","A&A 359, 601",—,Classifier/LITERATURE_SPECTROSCOPY.md,Magellan 은하 TRGB와 거리
분광 분류 기준,Paczyński 1970,"Acta Astron. 20, 47",—,Classifier/LITERATURE_SPECTROSCOPY.md,핵질량–광도 관계 → AGB 최대 광도
분광 분류 기준,"Wood, Bessell & Fox 1983","ApJ 272, 99",—,Classifier/LITERATURE_SPECTROSCOPY.md,AGB 광도 한계 M_bol ≈ −7.1
분광 분류 기준,Wagenhuber & Groenewegen 1998,"A&A 340, 183",—,Classifier/LITERATURE_SPECTROSCOPY.md,"AGB 광도 한계 −8.0, RSG와 겹침"
분광 분류 기준,Mowlavi et al. 2018 (Gaia DR2 LPVs),"A&A 618, A58",—,Classifier/LITERATURE_SPECTROSCOPY.md; benchmark/build_agb_contamination.py,LPV 목록의 YSO 오염과 시차 기준
분광 분류 기준,"Cardelli, Clayton & Mathis 1989","ApJ 345, 245",—,Classifier/subclass.py (A_KS_PER_A_G),A_K/A_V = 0.114로 Ks 소광 환산
분광 분류 기준,Brinchmann et al. 2004 (MPA-JHU),"MNRAS 351, 1151",—,Classifier/LITERATURE_SPECTROSCOPY.md; Get_data/sdss_spectroscopy.py; Classifier/subclass.py (galaxy_lines),SDSS 은하 방출선 측정과 BPT 분류
분광 분류 기준,"Kauffmann et al. 2003 (stellar masses, Dn4000)","MNRAS 341, 33",—,Classifier/LITERATURE_SPECTROSCOPY.md; Classifier/subclass.py (D4000_OLD),Dn4000 이봉 분포: ≥ 1.6이면 늙은 항성 종족
분광 분류 기준,Tremonti et al. 2004,"ApJ 613, 898",—,Classifier/LITERATURE_SPECTROSCOPY.md,MPA-JHU 스펙트럼 맞춤(방출선 측정)
분광 분류 기준,Schawinski et al. 2007,"MNRAS 382, 1415",—,Classifier/LITERATURE_SPECTROSCOPY.md; Classifier/subclass.py (galaxy_lines),[N II] BPT에서 Seyfert/LINER 경계 y = 1.05x + 0.45
분광 분류 기준,Kewley et al. 2006,"MNRAS 372, 961",—,Classifier/LITERATURE_SPECTROSCOPY.md,[S II]·[O I]로 Seyfert/LINER 구분(미수집)
분광 분류 기준,Cid Fernandes et al. 2010,"MNRAS 403, 1036",—,Classifier/LITERATURE_SPECTROSCOPY.md; Classifier/subclass.py (galaxy_lines),약한 Hα LINER는 늙은 별이 이온화한 '은퇴' 은하
분광 분류 기준,Cid Fernandes et al. 2011 (WHAN),"MNRAS 413, 1687",—,Classifier/LITERATURE_SPECTROSCOPY.md; Classifier/subclass.py (SDSS_WHAN),"WHAN: EW(Hα) < 3 Å 은퇴, < 0.5 Å 수동, log [N II]/Hα = −0.4"
분광 분류 기준,Balogh et al. 1999 (narrow Dn4000),"ApJ 527, 54",—,Classifier/LITERATURE_SPECTROSCOPY.md; Classifier/subclass.py (SDSS_D4000),Dn4000 좁은 지수 정의
분광 분류 기준,Hao et al. 2005 (SDSS AGN),"AJ 129, 1783",—,Classifier/LITERATURE_SPECTROSCOPY.md,넓은 Balmer선(FWHM ≳ 1200 km/s) = 1형 AGN
분광 분류 기준,Kleinman et al. 2013 (SDSS DR7 WDs),"ApJS 204, 5",—,Classifier/LITERATURE_SPECTROSCOPY.md,SDSS 백색왜성 분광 분류
분광 분류 기준,Lyke et al. 2020 (SDSS DR16Q),"ApJS 250, 8",—,Classifier/LITERATURE_SPECTROSCOPY.md,"분광 퀘이사 목록, BAL 표지"
분광 분류 기준,Weymann et al. 1991 (BAL quasars),"ApJ 373, 23",—,Classifier/LITERATURE_SPECTROSCOPY.md,BAL 퀘이사 정의(미구현)
분광 분류 기준,Guy et al. 2023 (DESI spectroscopic pipeline),"AJ 165, 144",—,Classifier/LITERATURE_SPECTROSCOPY.md,DESI 분광 처리·분류
분광 분류 기준,Gaia DR3 documentation §11.3.7 (ESP-ELS),—,—,Classifier/LITERATURE_SPECTROSCOPY.md; Get_data/gaia_dr3.py (SPEC_AP); Classifier/subclass.py (ESP_ELS),"방출선 별 7종(Be, Herbig Ae/Be, T Tauri, dMe, WC, WN, PN), flag ≤ 2 = 확률 > 0.5"
분광 분류 기준,Babusiaux et al. 2023 (Gaia DR3 catalogue validation),"A&A 674, A32",—,Classifier/LITERATURE_SPECTROSCOPY.md; Classifier/subclass.py (GSPSPEC_FLAG_POS),"GSP-Spec 품질 플래그 위치(Teff 1/4/8/13, log g 2/5/8/13, [M/H] 3/6/8); AGB 별에 GSP-Spec log g를 쓰지 말 것"
