SpT,Teff,Bp-Rp,M_G,g-r,i-z,Mv,J-H,H-Ks,W1-W2
O3V,44900,,,,,-5.8,,,
O4V,42900,,,,,-5.5,,,
O5V,41400,,,-0.62,,-5.35,,,
O5.5V,40500,,,-0.62,,-5.2,,,
O6V,39500,,,-0.62,,-5.1,,,
O6.5V,38300,,,-0.62,,-4.95,,,
O7V,37100,,,-0.62,,-4.8,,,
O7.5V,36100,,,-0.62,,-4.65,,,
O8V,35100,,,-0.62,,-4.5,,,
O8.5V,34300,,,-0.62,,-4.35,,,
O9V,33300,,,-0.62,,-4.2,-0.164,-0.071,
O9.5V,31900,,,-0.605,,-4.05,-0.161,-0.069,
B0V,31400,,,-0.59,,-3.9,-0.159,-0.067,
B0.5V,29000,,,-0.54,,-3.5,-0.153,-0.063,
B1V,26000,,,-0.49,,-3.0,-0.148,-0.059,
B1.5V,24500,,,-0.483,,-2.6,-0.132,-0.047,
B2V,20600,,,-0.475,,-1.8,-0.113,-0.032,
B2.5V,18500,,,-0.468,,-1.5,-0.105,-0.026,
B3V,17000,,-1.19,-0.46,,-1.2,-0.098,-0.021,
B4V,16400,,-0.99,-0.437,,-1.0,-0.092,-0.016,
B5V,15700,,-0.84,-0.413,,-0.85,-0.084,-0.01,-0.045
B6V,14500,,-0.54,-0.39,,-0.55,-0.081,-0.007,-0.045
B7V,14000,,-0.39,-0.36,,-0.4,-0.077,-0.004,-0.045
B8V,12300,,-0.01,-0.33,,0.0,-0.067,0.003,-0.046
B9V,10700,-0.12,0.515,-0.28,,0.5,-0.05,0.016,-0.063
B9.5V,10400,-0.087,0.615,-0.265,,0.6,-0.044,0.021,-0.044
A0V,9700,-0.037,1.0,-0.25,,0.99,-0.032,0.028,-0.041
A1V,9300,0.005,1.16,-0.21,,1.16,-0.025,0.03,-0.036
A2V,8800,0.068,1.345,-0.17,,1.35,-0.012,0.034,-0.034
A3V,8600,0.11,1.69,-0.14,,1.7,0.003,0.035,-0.033
A4V,8250,0.166,1.92,-0.09,,1.94,0.022,0.037,-0.031
A5V,8100,0.194,1.98,-0.07,,2.01,0.031,0.038,-0.03
A6V,7910,0.222,2.09,-0.05,,2.12,0.043,0.039,-0.03
A7V,7760,0.263,2.19,-0.02,,2.23,0.055,0.04,-0.03
A8V,7590,0.32,2.27,0.03,,2.32,0.07,0.042,-0.028
A9V,7400,0.327,2.37,0.06,,2.43,0.086,0.044,-0.028
F0V,7220,0.377,2.51,0.1,,2.57,0.096,0.045,-0.026
F1V,7020,0.434,2.69,0.14,,2.76,0.117,0.047,-0.026
F2V,6820,0.49,2.89,0.19,,2.97,0.14,0.05,-0.027
F3V,6750,0.518,2.99,0.21,,3.08,0.148,0.051,-0.028
F4V,6670,0.546,3.1,0.24,,3.2,0.159,0.052,-0.029
F5V,6550,0.587,3.26,0.28,,3.37,0.173,0.054,-0.03
F6V,6350,0.64,3.56,0.29,,3.69,0.199,0.057,-0.033
F7V,6280,0.67,3.66,0.32,,3.8,0.213,0.06,-0.036
F8V,6180,0.694,3.9,0.36,,4.05,0.225,0.061,-0.039
F9V,6050,0.719,4.105,0.38,,4.25,0.236,0.063,-0.041
F9.5V,5990,0.767,4.195,0.39,,4.35,0.249,0.065,-0.042
G0V,5930,0.784,4.325,0.42,,4.48,0.262,0.067,-0.043
G1V,5860,0.803,4.462,0.45,,4.62,0.279,0.07,-0.044
G2V,5770,0.823,4.635,0.476,,4.8,0.293,0.073,-0.05
G3V,5720,0.832,4.703,0.48,,4.87,0.299,0.074,-0.05
G4V,5680,0.841,4.757,0.49,,4.93,0.304,0.075,-0.052
G5V,5660,0.85,4.801,0.5,,4.98,0.31,0.076,-0.052
G6V,5600,0.869,4.914,0.52,,5.1,0.324,0.079,-0.053
G7V,5550,0.88,5.006,0.54,,5.2,0.327,0.08,-0.054
G8V,5480,0.9,5.098,0.57,,5.3,0.342,0.082,-0.057
G9V,5380,0.95,5.34,0.6,,5.55,0.364,0.087,-0.06
K0V,5270,0.983,5.553,0.62,,5.78,0.387,0.091,-0.063
K1V,5170,1.01,5.65,0.69,,5.95,0.404,0.094,-0.064
K2V,5100,1.1,5.83,0.74,,6.07,0.427,0.098,-0.068
K3V,4830,1.21,6.2,0.85,,6.5,0.487,0.109,-0.071
K4V,4600,1.34,6.53,0.99,,6.98,0.539,0.123,-0.072
K5V,4440,1.43,6.83,1.04,,7.28,0.568,0.132,-0.073
K6V,4300,1.53,7.02,1.14,,7.64,0.601,0.148,
K7V,4100,1.7,7.57,1.26,,8.16,0.619,0.164,
K8V,3990,1.73,7.74,1.29,,8.43,0.626,0.171,
K9V,3930,1.79,8.03,1.32,,8.56,0.631,0.18,
M0V,3850,1.84,8.16,,0.33,8.8,0.627,0.19,
M0.5V,3770,1.97,8.44,,0.37,9.2,0.62,0.208,
M1V,3660,2.09,8.82,,0.41,9.64,0.614,0.222,
M1.5V,3620,2.13,8.98,,0.47,9.85,0.608,0.227,
M2V,3560,2.23,9.29,,0.53,10.21,0.6,0.234,
M2.5V,3470,2.39,9.67,,0.57,10.61,0.589,0.244,
M3V,3430,2.5,10.05,,0.61,11.15,0.579,0.252,
M3.5V,3270,2.78,10.87,,0.66,12.1,0.558,0.269,
M4V,3210,2.94,11.21,,0.71,12.61,0.557,0.28,
M4.5V,3110,3.16,12.04,,0.81,13.58,0.564,0.301,
M5V,3060,3.35,12.45,,0.91,14.15,0.58,0.312,0.17
M5.5V,2930,3.71,13.35,,1.13,15.3,0.588,0.329,0.19
M6V,2810,4.16,14.26,,1.45,16.32,0.605,0.352,0.21
M6.5V,2740,4.5,14.4,,1.58,17.1,0.609,0.36,0.22
M7V,2680,4.65,14.72,,1.77,17.7,0.613,0.39,0.24
M7.5V,2630,4.72,15.2,,1.85,18.16,0.65,0.422,0.25
M8V,2570,4.86,15.2,,1.93,18.6,0.677,0.45,0.26
M8.5V,2420,5.1,15.9,,1.96,19.2,0.69,0.465,0.265
M9V,2380,4.78,16.2,,1.99,19.4,0.72,0.47,0.27
M9.5V,2350,4.86,16.4,,2.0,19.75,0.745,0.5,0.27
L0V,2270,,16.6,,2.01,20.0,0.76,0.51,0.27
L1V,2160,,16.9,,2.02,20.5,0.82,0.54,0.28
L2V,2060,,17.3,,2.04,20.9,0.89,0.58,0.28
L3V,1920,,18.1,,2.1,21.7,0.97,0.61,0.29
L4V,1870,,18.35,,2.2,22.3,1.0,0.63,0.3
L5V,1710,,18.5,,2.33,,1.02,0.648,0.32
L6V,1550,,,,2.51,,1.06,0.654,0.36
L7V,1530,,,,2.71,,1.13,0.645,0.41
L8V,1420,,,,2.93,,1.16,0.625,0.48
L9V,1370,,,,3.15,,1.18,0.59,0.57
T0V,1255,,,,3.36,,1.02,0.54,0.68
T1V,1240,,,,3.55,,1.02,0.45,0.82
T2V,1220,,,,3.7,,0.86,0.27,0.99
T3V,1200,,,,3.82,,0.68,0.08,1.19
T4V,1180,,,,3.9,,0.35,-0.19,1.43
T4.5V,1170,,,,3.93,,0.2,-0.06,1.57
T5V,1160,,,,3.95,,0.2,-0.08,1.7
T5.5V,1040,,,,3.97,,0.2,-0.1,1.86
T6V,950,,,,3.98,,0.1,-0.03,2.0
T7V,825,,,,4.01,,0.0,0.0,2.4
T7.5V,750,,,,4.05,,0.2,-0.05,2.6
T8V,680,,,,4.08,,0.2,-0.05,2.8
T8.5V,600,,,,,,0.2,,3.0
T9V,560,,,,,,0.1,-0.2,3.2
T9.5V,510,,,,,,,,3.4
Y0V,450,,,,,,,-0.5,3.6
Y0.5V,400,,,,,,,-0.6,3.9
Y1V,360,,,,,,,,4.1
Y1.5V,325,,,,,,,-0.8,4.4
Y2V,320,,,,,,,,4.7
Y4V,250,,,,,,,,6.1
