collector,status,rows,elapsed_seconds,output_file,error
gaia_dr3,ok,3,33.293,rawdata/gaia_dr3_ra188p4155_dec9p1751_r0p5arcmin.csv,
gaia_dr3_variability_sos_vizier,empty,0,4.008,rawdata/gaia_dr3_variability_sos_vizier_ra188p4155_dec9p1751_r0p5arcmin.csv,
sdss_dr18,ok,14,2.82,rawdata/sdss_dr18_ra188p4155_dec9p1751_r0p5arcmin.csv,
panstarrs1,ok,61,0.463,rawdata/panstarrs1_ra188p4155_dec9p1751_r0p5arcmin.csv,
desi_legacy,ok,28,3.335,rawdata/desi_legacy_ra188p4155_dec9p1751_r0p5arcmin.csv,
galex,ok,1,1.231,rawdata/galex_ra188p4155_dec9p1751_r0p5arcmin.csv,
twomass,ok,6,1.037,rawdata/twomass_ra188p4155_dec9p1751_r0p5arcmin.csv,
allwise,ok,1,1.055,rawdata/allwise_ra188p4155_dec9p1751_r0p5arcmin.csv,
lotss,empty,0,0.889,rawdata/lotss_ra188p4155_dec9p1751_r0p5arcmin.csv,
first,empty,0,1.078,rawdata/first_ra188p4155_dec9p1751_r0p5arcmin.csv,
nvss,ok,1,0.877,rawdata/nvss_ra188p4155_dec9p1751_r0p5arcmin.csv,
vlass,empty,0,0.754,rawdata/vlass_ra188p4155_dec9p1751_r0p5arcmin.csv,
xmm,empty,0,1.076,rawdata/xmm_ra188p4155_dec9p1751_r0p5arcmin.csv,
chandra,empty,0,0.969,rawdata/chandra_ra188p4155_dec9p1751_r0p5arcmin.csv,
erosita,empty,0,0.818,rawdata/erosita_ra188p4155_dec9p1751_r0p5arcmin.csv,
sdss_spectroscopy,ok,1,0.299,rawdata/sdss_spectroscopy_ra188p4155_dec9p1751_r0p5arcmin.csv,
desi_spectroscopy,ok,1,0.902,rawdata/desi_spectroscopy_ra188p4155_dec9p1751_r0p5arcmin.csv,
lamost_spectroscopy,empty,0,1.33,rawdata/lamost_spectroscopy_ra188p4155_dec9p1751_r0p5arcmin.csv,
atnf_pulsar,empty,0,2.37,rawdata/atnf_pulsar_ra188p4155_dec9p1751_r0p5arcmin.csv,
agb_suh2021,empty,0,4.167,rawdata/agb_suh2021_ra188p4155_dec9p1751_r0p5arcmin.csv,
sga2020,ok,7,0.982,rawdata/sga2020_ra188p4155_dec9p1751_r0p5arcmin.csv,
simbad,ok,1,73.532,rawdata/simbad_ra188p4155_dec9p1751_r0p5arcmin.csv,
ned,timeout,0,121.641,,"ReadTimeout(ReadTimeoutError(""HTTPSConnectionPool(host='ned.ipac.caltech.edu', port=443): Read timed out. (read timeout=60)""))"
