catalog,catalog_object_id,object_name,ls_id,ra,dec,type,release,brickid,objid,flux_g,flux_r,flux_i,flux_z,flux_ivar_g,flux_ivar_r,flux_ivar_i,flux_ivar_z,mw_transmission_g,mw_transmission_r,mw_transmission_i,mw_transmission_z,nobs_g,nobs_r,nobs_i,nobs_z,maskbits
DESI Legacy Surveys DR10,10995519151146510,LS DR10 10995519151146510,10995519151146510,188.4095501103362,9.170542452268432,PSF,10000,384210,1550,1.4479978,5.654087,9.4594145,12.270867,741.33813,251.56165,62.42144,105.40291,0.9408653,0.9597711,0.97025806,0.97729445,3,3,2,4,4096
DESI Legacy Surveys DR10,10995519151146530,LS DR10 10995519151146530,10995519151146530,188.4101389925356,9.171141730388765,PSF,10000,384210,1570,0.5696063,0.58697665,0.57406783,0.8831662,633.72144,352.74228,66.86888,133.5801,0.94085896,0.95976675,0.97025484,0.97729194,3,3,2,4,4096
DESI Legacy Surveys DR10,10995519151146627,LS DR10 10995519151146627,10995519151146627,188.4132564865993,9.169556801821829,SER,10000,384210,1667,23.49249,34.349598,42.73134,47.047882,77.60324,30.382027,15.046797,20.489176,0.9408921,0.9597895,0.97027177,0.97730494,3,3,2,4,4096
DESI Legacy Surveys DR10,10995519151146611,LS DR10 10995519151146611,10995519151146611,188.4126256032564,9.170454905126494,PSF,10000,384210,1651,1.6911258,2.905683,6.3332753,6.9394994,546.47327,238.43642,54.716034,105.02017,0.9408773,0.9597794,0.9702642,0.97729915,3,3,2,4,4096
DESI Legacy Surveys DR10,10995519151146624,LS DR10 10995519151146624,10995519151146624,188.4131291209145,9.17126993105173,PSF,10000,384210,1664,2.044121,2.6797805,4.557998,4.1574273,570.39417,245.67139,55.24823,107.39296,0.94086766,0.95977277,0.9702593,0.9772954,3,3,2,4,4096
DESI Legacy Surveys DR10,10995519151146657,LS DR10 10995519151146657,10995519151146657,188.4145095086418,9.170875622084854,PSF,10000,384210,1697,6.7717767,6.7044926,12.719271,10.274998,312.00168,188.66098,50.06304,100.80382,0.94087803,0.95977986,0.9702646,0.97729945,3,3,2,4,4096
DESI Legacy Surveys DR10,10995519151146605,LS DR10 10995519151146605,10995519151146605,188.4124188021012,9.171950208086194,PSF,10000,384210,1645,2.2113907,2.5275497,4.099103,3.5302336,544.2334,167.8039,57.56195,78.76647,0.9408557,0.95976454,0.97025317,0.9772907,3,3,2,4,4096
DESI Legacy Surveys DR10,10995519151146674,LS DR10 10995519151146674,10995519151146674,188.4150791251818,9.171473277731797,EXP,10000,384210,1714,191.13521,276.92935,339.90198,366.45236,6.549442,2.2710567,1.1487474,1.4458964,0.9408717,0.9597755,0.97026134,0.97729695,3,3,2,4,4096
DESI Legacy Surveys DR10,10995519151146675,LS DR10 10995519151146675,10995519151146675,188.4151887611455,9.17217325748253,PSF,10000,384210,1715,1.7313025,2.5389884,2.912059,2.4854186,464.54822,205.5914,52.72046,104.15636,0.9408623,0.95976907,0.97025657,0.97729325,3,3,2,4,4096
DESI Legacy Surveys DR10,10995519151146656,LS DR10 10995519151146656,10995519151146656,188.414453020053,9.173973928431156,SER,10000,384210,1696,12.47068,35.72724,49.304733,60.69886,88.96125,28.127937,14.227616,19.233818,0.9408345,0.95975,0.9702424,0.9772824,3,3,2,4,4096
DESI Legacy Surveys DR10,10995519151152868,LS DR10 10995519151152868,10995519151152868,188.4151570319242,9.174166536107016,DUP,10000,384210,7908,0.0,0.0,0.0,0.0,0.0,0.0,0.0,0.0,0.94083434,0.9597498,0.97024226,0.97728235,3,3,2,4,4096
DESI Legacy Surveys DR10,10995519151146676,LS DR10 10995519151146676,10995519151146676,188.4152705413746,9.174413835856472,SER,10000,384210,1716,7835.5327,13536.177,18312.828,22175.955,0.5440607,0.17160583,0.061666347,0.08826474,0.94083124,0.95974773,0.9702407,0.97728115,3,4,2,4,4096
DESI Legacy Surveys DR10,10995519151146679,LS DR10 10995519151146679,10995519151146679,188.4155388623593,9.175065734004276,PSF,10000,384210,1719,9.320363,18.414211,38.584564,43.08464,451.5207,169.80652,39.893288,74.80181,0.9408231,0.9597421,0.97023654,0.97727793,4,4,2,4,4096
DESI Legacy Surveys DR10,10995519151146629,LS DR10 10995519151146629,10995519151146629,188.4133211454717,9.18081071060815,REX,10000,384210,1669,2.332871,3.190921,3.5608845,2.8972144,726.93274,373.00757,37.193474,129.87207,0.9407211,0.95967203,0.97018445,0.977238,3,4,1,5,4096
DESI Legacy Surveys DR10,10995519151146693,LS DR10 10995519151146693,10995519151146693,188.4159458364453,9.166799165353108,PSF,10000,384210,1733,0.06961779,0.52743506,-0.25606033,-0.2651214,1588.3577,647.6702,78.10554,161.13321,0.9409401,0.95982254,0.9702963,0.9773237,4,4,2,5,4096
DESI Legacy Surveys DR10,10995519151146763,LS DR10 10995519151146763,10995519151146763,188.4183759308952,9.169662792763035,PSF,10000,384210,1803,0.301867,0.51041853,1.0054451,0.7767943,1399.5287,658.6569,77.8185,174.38133,0.9409086,0.9598009,0.97028023,0.9773114,4,4,2,5,4096
DESI Legacy Surveys DR10,10995519151146840,LS DR10 10995519151146840,10995519151146840,188.4209760788918,9.168813374938383,REX,10000,384210,1880,0.6049014,0.5297808,0.6193766,0.6033552,438.3778,147.89752,26.57652,43.7683,0.9409296,0.9598153,0.97029096,0.9773196,4,4,2,5,4096
DESI Legacy Surveys DR10,10995519151146699,LS DR10 10995519151146699,10995519151146699,188.4161045290025,9.17280960755387,PSF,10000,384210,1739,7.2415433,8.446994,13.856881,12.597814,538.2319,245.94699,51.784935,114.85654,0.94085664,0.9597652,0.97025365,0.97729105,4,4,2,5,4096
DESI Legacy Surveys DR10,10995519151146715,LS DR10 10995519151146715,10995519151146715,188.4169317174437,9.173876227785959,PSF,10000,384210,1755,3.4579723,6.8573456,7.795862,7.6434426,642.69543,258.78598,54.33854,122.72865,0.9408446,0.9597569,0.9702475,0.97728634,4,4,2,5,4096
DESI Legacy Surveys DR10,10995519151146835,LS DR10 10995519151146835,10995519151146835,188.4207526513364,9.171418003265572,DEV,10000,384210,1875,3.637837,4.3697524,4.8676314,3.918562,673.99695,260.21097,46.292896,86.47431,0.9408924,0.95978975,0.97027194,0.97730505,4,4,2,5,4096
DESI Legacy Surveys DR10,10995519151146900,LS DR10 10995519151146900,10995519151146900,188.4224467770485,9.172665413118866,EXP,10000,384210,1940,11.148284,16.297014,18.612684,16.849873,5.361834,1.680911,0.42848808,0.59514356,0.94088095,0.9597819,0.9702661,0.9773006,4,4,2,5,4096
DESI Legacy Surveys DR10,10995519151146721,LS DR10 10995519151146721,10995519151146721,188.4171703984435,9.17760845845828,PSF,10000,384210,1761,10.642898,16.095232,18.356037,18.971354,481.79486,185.5669,48.56061,105.3938,0.9407933,0.9597216,0.9702213,0.97726625,4,4,2,5,4096
DESI Legacy Surveys DR10,10995519151146775,LS DR10 10995519151146775,10995519151146775,188.4187491803873,9.176884680805294,EXP,10000,384210,1815,92.0779,123.46429,153.62762,169.20627,15.847339,5.402521,2.109913,3.139454,0.94080895,0.9597324,0.9702293,0.9772724,4,4,2,5,4096
DESI Legacy Surveys DR10,10995519151146913,LS DR10 10995519151146913,10995519151146913,188.4229645765672,9.172196930430852,PSF,10000,384210,1953,0.27377313,0.61582863,0.8758192,0.98601896,1783.5778,715.8279,80.59843,177.96295,0.9408893,0.9597876,0.97027034,0.97730386,4,4,2,5,4096
DESI Legacy Surveys DR10,10995519151146709,LS DR10 10995519151146709,10995519151146709,188.4165437358928,9.17819971206529,PSF,10000,384210,1749,2.1956623,2.926516,4.862106,5.0467834,711.41125,310.8887,56.764297,129.44792,0.9407828,0.9597145,0.970216,0.97726214,4,4,2,5,4096
DESI Legacy Surveys DR10,10995519151146760,LS DR10 10995519151146760,10995519151146760,188.4182752138044,9.179306687041077,SER,10000,384210,1800,60.086468,94.1587,114.97518,122.88293,45.407555,15.446474,6.2396784,10.189768,0.9407734,0.959708,0.97021115,0.9772585,4,4,2,6,4096
DESI Legacy Surveys DR10,10995519151146826,LS DR10 10995519151146826,10995519151146826,188.4205088938336,9.180308015056946,SER,10000,384210,1866,87.44023,105.72703,119.96639,105.87286,27.061605,10.045233,2.8624094,5.7135086,0.9407673,0.9597038,0.97020805,0.97725606,4,4,2,6,4096
DESI Legacy Surveys DR10,10995519151146730,LS DR10 10995519151146730,10995519151146730,188.417484526324,9.182704646557447,EXP,10000,384210,1770,11.880341,13.80717,15.113811,10.685016,248.96451,75.670204,11.470381,30.412893,0.9407232,0.95967346,0.97018546,0.97723883,5,4,1,5,4096
