catalog,catalog_object_id,object_name,ra,dec,objID,objName,raMean,decMean,raMeanErr,decMeanErr,nDetections,ng,nr,ni,nz,ny,gMeanPSFMag,gMeanPSFMagErr,rMeanPSFMag,rMeanPSFMagErr,iMeanPSFMag,iMeanPSFMagErr,zMeanPSFMag,zMeanPSFMagErr,yMeanPSFMag,yMeanPSFMagErr,gMeanKronMag,gMeanKronMagErr,rMeanKronMag,rMeanKronMagErr,iMeanKronMag,iMeanKronMagErr,zMeanKronMag,zMeanKronMagErr,yMeanKronMag,yMeanKronMagErr,gMeanApMag,gMeanApMagErr,rMeanApMag,rMeanApMagErr,iMeanApMag,iMeanApMagErr,zMeanApMag,zMeanApMagErr,yMeanApMag,yMeanApMagErr
Pan-STARRS1 DR2 MeanObject,119001884096335199,PSO J188.4096+09.1705,188.4095989223985,9.170586054781532,119001884096335199,PSO J188.4096+09.1705,188.4095989223985,9.170586054781532,0.0026057851345376,0.0026057851345376,43,0,5,19,11,8,-999.0,-999.0,20.1525993347168,0.3754200041294098,18.964799880981445,0.0511900000274181,19.022199630737305,0.0587659999728202,18.675500869750977,0.048395000398159,-999.0,-999.0,16.362699508666992,0.0025450000539422,14.184100151062012,0.0597640015184879,-999.0,-999.0,17.621200561523438,0.0580359995365142,-999.0,-999.0,18.664899826049805,0.0163759998977184,17.68869972229004,0.0486400015652179,18.28249931335449,0.0775709971785545,18.22279930114746,0.0607310011982917
Pan-STARRS1 DR2 MeanObject,119001884102265469,PSO J188.4102+09.1709,188.4102495,9.17089943,119001884102265469,PSO J188.4102+09.1709,188.4102495,9.17089943,0.0010000000474974,0.0010000000474974,3,3,0,0,0,0,-999.0,-999.0,-999.0,-999.0,-999.0,-999.0,-999.0,-999.0,-999.0,-999.0,15.721199989318848,0.2068880051374435,-999.0,-999.0,-999.0,-999.0,-999.0,-999.0,-999.0,-999.0,-999.0,-999.0,-999.0,-999.0,-999.0,-999.0,-999.0,-999.0,-999.0,-999.0
Pan-STARRS1 DR2 MeanObject,119001884102363131,PSO J188.4102+09.1688,188.4101741,9.16884229,119001884102363131,PSO J188.4102+09.1688,188.4101741,9.16884229,0.0433499999344348,0.0433499999344348,1,0,0,1,0,0,-999.0,-999.0,-999.0,-999.0,18.86009979248047,0.0406769998371601,-999.0,-999.0,-999.0,-999.0,-999.0,-999.0,-999.0,-999.0,13.594400405883787,0.0046060001477599,-999.0,-999.0,-999.0,-999.0,-999.0,-999.0,-999.0,-999.0,17.476499557495117,0.0406769998371601,-999.0,-999.0,-999.0,-999.0
Pan-STARRS1 DR2 MeanObject,119001884103395889,PSO J188.4103+09.1711,188.41027382,9.17112352,119001884103395889,PSO J188.4103+09.1711,188.41027382,9.17112352,0.0179500002413988,0.0179500002413988,2,2,0,0,0,0,19.38139915466309,-999.0,-999.0,-999.0,-999.0,-999.0,-999.0,-999.0,-999.0,-999.0,14.687999725341797,0.046519000083208,-999.0,-999.0,-999.0,-999.0,-999.0,-999.0,-999.0,-999.0,17.832599639892578,0.6940400004386902,-999.0,-999.0,-999.0,-999.0,-999.0,-999.0,-999.0,-999.0
Pan-STARRS1 DR2 MeanObject,119001884112147117,PSO J188.4112+09.1722,188.41117405,9.17218824,119001884112147117,PSO J188.4112+09.1722,188.41117405,9.17218824,0.0302200000733137,0.0302200000733137,2,1,1,0,0,0,19.898700714111328,0.0262369997799396,-999.0,-999.0,-999.0,-999.0,-999.0,-999.0,-999.0,-999.0,16.79050064086914,0.0072780000045895,-999.0,-999.0,-999.0,-999.0,-999.0,-999.0,-999.0,-999.0,18.47879981994629,0.0262369997799396,-999.0,-999.0,-999.0,-999.0,-999.0,-999.0,-999.0,-999.0
Pan-STARRS1 DR2 MeanObject,119001884114906699,PSO J188.4115+09.1719,188.41149054,9.17185262,119001884114906699,PSO J188.4115+09.1719,188.41149054,9.17185262,-999.0,-999.0,1,0,1,0,0,0,-999.0,-999.0,-999.0,-999.0,-999.0,-999.0,-999.0,-999.0,-999.0,-999.0,-999.0,-999.0,-999.0,-999.0,-999.0,-999.0,-999.0,-999.0,-999.0,-999.0,-999.0,-999.0,-999.0,-999.0,-999.0,-999.0,-999.0,-999.0,-999.0,-999.0
Pan-STARRS1 DR2 MeanObject,119001884115752101,PSO J188.4116+09.1680,188.41157537,9.16802104,119001884115752101,PSO J188.4116+09.1680,188.41157537,9.16802104,-999.0,-999.0,1,1,0,0,0,0,-999.0,-999.0,-999.0,-999.0,-999.0,-999.0,-999.0,-999.0,-999.0,-999.0,15.510499954223633,0.003303000004962,-999.0,-999.0,-999.0,-999.0,-999.0,-999.0,-999.0,-999.0,-999.0,-999.0,-999.0,-999.0,-999.0,-999.0,-999.0,-999.0,-999.0,-999.0
Pan-STARRS1 DR2 MeanObject,119001884115783458,PSO J188.4116+09.1693,188.41157501,9.16929477,119001884115783458,PSO J188.4116+09.1693,188.41157501,9.16929477,0.0414599999785423,0.0414599999785423,2,0,0,0,0,2,19.599000930786133,-999.0,20.106000900268555,-999.0,20.47100067138672,-999.0,20.78400039672852,-999.0,19.108299255371094,0.0595559999346733,-999.0,-999.0,-999.0,-999.0,-999.0,-999.0,-999.0,-999.0,19.69659996032715,0.2167689949274063,-999.0,-999.0,-999.0,-999.0,-999.0,-999.0,-999.0,-999.0,19.877199172973636,0.0595559999346733
Pan-STARRS1 DR2 MeanObject,119001884117867761,PSO J188.4118+09.1727,188.41178696,9.17273802,119001884117867761,PSO J188.4118+09.1727,188.41178696,9.17273802,-999.0,-999.0,1,0,1,0,0,0,-999.0,-999.0,-999.0,-999.0,-999.0,-999.0,-999.0,-999.0,-999.0,-999.0,-999.0,-999.0,-999.0,-999.0,-999.0,-999.0,-999.0,-999.0,-999.0,-999.0,-999.0,-999.0,-999.0,-999.0,-999.0,-999.0,-999.0,-999.0,-999.0,-999.0
Pan-STARRS1 DR2 MeanObject,119001884121612633,PSO J188.4122+09.1685,188.41215953,9.16845875,119001884121612633,PSO J188.4122+09.1685,188.41215953,9.16845875,0.0010000000474974,0.0010000000474974,0,0,0,0,0,0,-999.0,-999.0,-999.0,-999.0,-999.0,-999.0,-999.0,-999.0,-999.0,-999.0,-999.0,-999.0,-999.0,-999.0,-999.0,-999.0,-999.0,-999.0,-999.0,-999.0,-999.0,-999.0,-999.0,-999.0,-999.0,-999.0,-999.0,-999.0,-999.0,-999.0
Pan-STARRS1 DR2 MeanObject,119001884123435896,PSO J188.4123+09.1712,188.41231223,9.17116187,119001884123435896,PSO J188.4123+09.1712,188.41231223,9.17116187,0.0225900001823902,0.0225900001823902,1,0,0,0,1,0,-999.0,-999.0,-999.0,-999.0,-999.0,-999.0,17.444599151611328,0.0168849993497133,-999.0,-999.0,-999.0,-999.0,-999.0,-999.0,-999.0,-999.0,14.718299865722656,0.0103029999881982,-999.0,-999.0,-999.0,-999.0,-999.0,-999.0,-999.0,-999.0,16.723100662231445,0.0168849993497133,-999.0,-999.0
Pan-STARRS1 DR2 MeanObject,119001884124011415,PSO J188.4124+09.1674,188.41241314,9.16744381,119001884124011415,PSO J188.4124+09.1674,188.41241314,9.16744381,0.0010000000474974,0.0010000000474974,0,0,0,0,0,0,-999.0,-999.0,-999.0,-999.0,-999.0,-999.0,-999.0,-999.0,-999.0,-999.0,-999.0,-999.0,-999.0,-999.0,-999.0,-999.0,-999.0,-999.0,-999.0,-999.0,-999.0,-999.0,-999.0,-999.0,-999.0,-999.0,-999.0,-999.0,-999.0,-999.0
Pan-STARRS1 DR2 MeanObject,119001884124025507,PSO J188.4124+09.1709,188.41240246,9.17085974,119001884124025507,PSO J188.4124+09.1709,188.41240246,9.17085974,-999.0,-999.0,2,0,0,2,0,0,-999.0,-999.0,-999.0,-999.0,-999.0,-999.0,-999.0,-999.0,-999.0,-999.0,-999.0,-999.0,-999.0,-999.0,16.444499969482422,0.3009740114212036,-999.0,-999.0,-999.0,-999.0,-999.0,-999.0,-999.0,-999.0,-999.0,-999.0,-999.0,-999.0,-999.0,-999.0
Pan-STARRS1 DR2 MeanObject,119011884182837760,PSO J188.4183+09.1811,188.41828314,9.18107017,119011884182837760,PSO J188.4183+09.1811,188.41828314,9.18107017,-999.0,-999.0,1,1,0,0,0,0,-999.0,-999.0,-999.0,-999.0,-999.0,-999.0,-999.0,-999.0,-999.0,-999.0,15.664999961853027,0.0036269999109208,-999.0,-999.0,-999.0,-999.0,-999.0,-999.0,-999.0,-999.0,-999.0,-999.0,-999.0,-999.0,-999.0,-999.0,-999.0,-999.0,-999.0,-999.0
Pan-STARRS1 DR2 MeanObject,119011884183141880,PSO J188.4183+09.1762,188.41831489,9.1761703,119011884183141880,PSO J188.4183+09.1762,188.41831489,9.1761703,-999.0,-999.0,1,1,0,0,0,0,-999.0,-999.0,-999.0,-999.0,-999.0,-999.0,-999.0,-999.0,-999.0,-999.0,16.456199645996094,0.0047100000083446,-999.0,-999.0,-999.0,-999.0,-999.0,-999.0,-999.0,-999.0,-999.0,-999.0,-999.0,-999.0,-999.0,-999.0,-999.0,-999.0,-999.0,-999.0
Pan-STARRS1 DR2 MeanObject,119011884183475912,PSO J188.4183+09.1794,188.4182874382629,9.17936879640721,119011884183475912,PSO J188.4183+09.1794,188.4182874382629,9.17936879640721,0.0065783833204901,0.0065783833204901,6,2,1,3,0,0,19.023799896240234,0.0414760001003742,-999.0,-999.0,21.31060028076172,0.4004780054092407,-999.0,-999.0,-999.0,-999.0,14.307700157165527,0.0709989964962005,14.130200386047363,0.0025500000920146,14.764100074768066,0.0057540000416338,-999.0,-999.0,-999.0,-999.0,17.542600631713867,0.0079030003398656,-999.0,-999.0,16.819900512695312,0.4004780054092407,-999.0,-999.0,-999.0,-999.0
Pan-STARRS1 DR2 MeanObject,119011884183862561,PSO J188.4184+09.1767,188.41838612,9.17673749,119011884183862561,PSO J188.4184+09.1767,188.41838612,9.17673749,-999.0,-999.0,8,2,3,2,1,0,-999.0,-999.0,-999.0,-999.0,-999.0,-999.0,-999.0,-999.0,-999.0,-999.0,14.984399795532228,0.0005629999795928,14.986200332641602,0.0026350000407546,14.326899528503418,0.1263830065727234,14.20199966430664,0.0034050000831484,-999.0,-999.0,-999.0,-999.0,-999.0,-999.0,-999.0,-999.0,-999.0,-999.0,-999.0,-999.0
Pan-STARRS1 DR2 MeanObject,119011884183914679,PSO J188.4184+09.1785,188.41839128,9.17850319,119011884183914679,PSO J188.4184+09.1785,188.41839128,9.17850319,-999.0,-999.0,10,4,1,4,1,0,-999.0,-999.0,-999.0,-999.0,-999.0,-999.0,-999.0,-999.0,-999.0,-999.0,14.832599639892578,0.0339680016040802,14.776300430297852,0.0032709999941289,14.134300231933594,0.1010340005159378,14.192999839782717,0.0029670000076293,-999.0,-999.0,-999.0,-999.0,-999.0,-999.0,-999.0,-999.0,-999.0,-999.0,-999.0,-999.0
Pan-STARRS1 DR2 MeanObject,119011884184075470,PSO J188.4183+09.1792,188.41833528344185,9.179213295819846,119011884184075470,PSO J188.4183+09.1792,188.41833528344185,9.179213295819846,0.0009975287813064,0.0009975287813064,85,16,22,17,15,15,18.71080017089844,0.0358220003545284,18.278600692749023,0.0741520002484321,18.29389953613281,0.0329700000584125,19.55030059814453,0.2735730111598968,17.92140007019043,0.1842579990625381,14.133899688720703,0.0375460013747215,13.538000106811523,0.0793799981474876,-999.0,-999.0,13.756400108337402,0.1005960032343864,-999.0,-999.0,17.246400833129883,0.0444400012493133,16.76919937133789,0.0408399999141693,16.78070068359375,0.049975000321865,17.232099533081055,0.092569001019001,18.14579963684082,0.0992980003356933
Pan-STARRS1 DR2 MeanObject,119011884184501965,PSO J188.4185+09.1762,188.41845021,9.17624157,119011884184501965,PSO J188.4185+09.1762,188.41845021,9.17624157,-999.0,-999.0,1,1,0,0,0,0,-999.0,-999.0,-999.0,-999.0,-999.0,-999.0,-999.0,-999.0,-999.0,-999.0,16.73900032043457,0.0054130000062286,-999.0,-999.0,-999.0,-999.0,-999.0,-999.0,-999.0,-999.0,-999.0,-999.0,-999.0,-999.0,-999.0,-999.0,-999.0,-999.0,-999.0,-999.0
Pan-STARRS1 DR2 MeanObject,119011884185145053,PSO J188.4184+09.1788,188.4184208223339,9.178837785502974,119011884185145053,PSO J188.4184+09.1788,188.4184208223339,9.178837785502974,0.0132155653595321,0.0132155653595321,5,0,1,0,1,3,-999.0,-999.0,-999.0,-999.0,-999.0,-999.0,-999.0,-999.0,17.956300735473633,0.0073029999621212,-999.0,-999.0,14.755599975585938,0.0033269999548792,-999.0,-999.0,15.606800079345703,0.0098660001531243,-999.0,-999.0,-999.0,-999.0,-999.0,-999.0,-999.0,-999.0,-999.0,-999.0,17.103599548339844,0.3039399981498718
Pan-STARRS1 DR2 MeanObject,119011884185645888,PSO J188.4184+09.1794,188.41836333,9.17938887,119011884185645888,PSO J188.4184+09.1794,188.41836333,9.17938887,0.1180000007152557,0.1180000007152557,10,2,2,5,1,0,-999.0,-999.0,-999.0,-999.0,20.210100173950195,0.1170419976115226,-999.0,-999.0,-999.0,-999.0,14.888299942016602,0.0952769964933395,14.944499969482422,0.0078619997948408,14.867899894714355,0.0055510001257061,14.397700309753418,0.0033680000342428,-999.0,-999.0,-999.0,-999.0,-999.0,-999.0,16.99850082397461,0.1170419976115226,-999.0,-999.0,-999.0,-999.0
Pan-STARRS1 DR2 MeanObject,119011884186042150,PSO J188.4186+09.1764,188.41860444,9.1763951,119011884186042150,PSO J188.4186+09.1764,188.41860444,9.1763951,-999.0,-999.0,11,5,3,2,1,0,-999.0,-999.0,-999.0,-999.0,-999.0,-999.0,-999.0,-999.0,-999.0,-999.0,14.87030029296875,0.056292001157999,-999.0,-999.0,13.783900260925291,0.0510750003159046,12.839099884033203,0.0025760000571608,-999.0,-999.0,-999.0,-999.0,-999.0,-999.0,-999.0,-999.0,-999.0,-999.0,-999.0,-999.0
Pan-STARRS1 DR2 MeanObject,119011884187213112,PSO J188.4187+09.1772,188.4187143094753,9.177170557873357,119011884187213112,PSO J188.4187+09.1772,188.4187143094753,9.177170557873357,0.0140423683217561,0.0140423683217561,7,1,3,2,0,1,-999.0,-999.0,19.402999877929688,0.077512003481388,19.31450080871582,0.0500620007514953,-999.0,-999.0,-999.0,-999.0,14.884099960327148,0.0026289999950677,15.139599800109863,0.1808750033378601,16.259300231933594,0.0139849996194243,-999.0,-999.0,13.424400329589844,0.0039180000312626,-999.0,-999.0,16.99180030822754,0.0270189996808767,17.28580093383789,0.0500620007514953,-999.0,-999.0,-999.0,-999.0
Pan-STARRS1 DR2 MeanObject,119011884187552772,PSO J188.4187+09.1770,188.41870088331467,9.176988125749672,119011884187552772,PSO J188.4187+09.1770,188.41870088331467,9.176988125749672,0.0012704728883068,0.0012704728883068,61,17,17,17,8,2,19.01650047302246,0.0515299998223781,17.885099411010742,0.0955599993467331,18.40539932250977,0.0437190011143684,20.036699295043945,0.2129440009593963,19.256999969482425,0.0789830014109611,14.0246000289917,0.0113359997048974,14.34850025177002,0.2089599967002868,14.649499893188477,0.0371600016951561,-999.0,-999.0,16.493999481201172,0.0293189994990825,17.487199783325195,0.0486380010843277,16.53890037536621,0.0894849970936775,16.789600372314453,0.0653190016746521,17.160600662231445,0.1302279978990554,17.356399536132812,0.0789830014109611
Pan-STARRS1 DR2 MeanObject,119011884188033447,PSO J188.4188+09.1773,188.41884283,9.17731043,119011884188033447,PSO J188.4188+09.1773,188.41884283,9.17731043,0.0241999998688697,0.0241999998688697,5,0,3,1,1,0,-999.0,-999.0,18.73290061950684,0.0438320003449916,18.2539005279541,0.024091999977827,-999.0,-999.0,-999.0,-999.0,-999.0,-999.0,15.195599555969238,0.0126240001991391,13.500800132751465,0.0038449999410659,14.290599822998049,0.003618000075221,-999.0,-999.0,-999.0,-999.0,17.286699295043945,0.0438320003449916,16.86370086669922,0.024091999977827,-999.0,-999.0,-999.0,-999.0
Pan-STARRS1 DR2 MeanObject,119011884189796281,PSO J188.4190+09.1798,188.41897913,9.17983798,119011884189796281,PSO J188.4190+09.1798,188.41897913,9.17983798,-999.0,-999.0,3,3,0,0,0,0,-999.0,-999.0,-999.0,-999.0,-999.0,-999.0,-999.0,-999.0,-999.0,-999.0,15.07509994506836,0.0032480000518262,-999.0,-999.0,-999.0,-999.0,-999.0,-999.0,-999.0,-999.0,-999.0,-999.0,-999.0,-999.0,-999.0,-999.0,-999.0,-999.0,-999.0,-999.0
Pan-STARRS1 DR2 MeanObject,119011884189923752,PSO J188.4190+09.1777,188.41899224,9.17773041,119011884189923752,PSO J188.4190+09.1777,188.41899224,9.17773041,-999.0,-999.0,2,1,0,0,1,0,-999.0,-999.0,-999.0,-999.0,-999.0,-999.0,-999.0,-999.0,-999.0,-999.0,15.274200439453123,0.0032770000398159,-999.0,-999.0,-999.0,-999.0,14.61139965057373,0.0036039999686181,-999.0,-999.0,-999.0,-999.0,-999.0,-999.0,-999.0,-999.0,-999.0,-999.0,-999.0,-999.0
Pan-STARRS1 DR2 MeanObject,119011884191053150,PSO J188.4193+09.1771,188.419272,9.177113,119011884191053150,PSO J188.4193+09.1771,188.419272,9.177113,0.0559099987149238,0.0559099987149238,14,6,3,5,0,0,19.84600067138672,0.0419979989528656,-999.0,-999.0,22.56859970092773,-999.0,19.46500015258789,-999.0,18.72900009155273,-999.0,14.973400115966797,0.0366280004382133,-999.0,-999.0,13.883700370788574,0.0581110008060932,-999.0,-999.0,-999.0,-999.0,19.249500274658203,0.0419979989528656,-999.0,-999.0,17.807199478149414,0.6990919709205627,-999.0,-999.0,-999.0,-999.0
Pan-STARRS1 DR2 MeanObject,119011884193073396,PSO J188.4193+09.1774,188.4193065,9.17744587,119011884193073396,PSO J188.4193+09.1774,188.4193065,9.17744587,0.0374200008809566,0.0374200008809566,1,1,0,0,0,0,19.40410041809082,0.0342769995331764,-999.0,-999.0,-999.0,-999.0,-999.0,-999.0,-999.0,-999.0,19.046199798583984,0.0270949993282556,-999.0,-999.0,-999.0,-999.0,-999.0,-999.0,-999.0,-999.0,18.77400016784668,0.0342769995331764,-999.0,-999.0,-999.0,-999.0,-999.0,-999.0,-999.0,-999.0
Pan-STARRS1 DR2 MeanObject,119011884194744200,PSO J188.4195+09.1781,188.41947452,9.1781034,119011884194744200,PSO J188.4195+09.1781,188.41947452,9.1781034,-999.0,-999.0,1,1,0,0,0,0,-999.0,-999.0,-999.0,-999.0,-999.0,-999.0,-999.0,-999.0,-999.0,-999.0,-999.0,-999.0,-999.0,-999.0,-999.0,-999.0,-999.0,-999.0,-999.0,-999.0,-999.0,-999.0,-999.0,-999.0,-999.0,-999.0,-999.0,-999.0,-999.0,-999.0
Pan-STARRS1 DR2 MeanObject,119011884195713821,PSO J188.4196+09.1778,188.41957216,9.17780324,119011884195713821,PSO J188.4196+09.1778,188.41957216,9.17780324,1.400990009307861,1.400990009307861,1,0,1,0,0,0,-999.0,-999.0,23.729700088500977,-999.0,-999.0,-999.0,-999.0,-999.0,-999.0,-999.0,-999.0,-999.0,-999.0,-999.0,-999.0,-999.0,-999.0,-999.0,-999.0,-999.0,-999.0,-999.0,18.42650032043457,1.4009100198745728,-999.0,-999.0,-999.0,-999.0,-999.0,-999.0
Pan-STARRS1 DR2 MeanObject,119011884199645608,PSO J188.4199+09.1793,188.41988991,9.17925887,119011884199645608,PSO J188.4199+09.1793,188.41988991,9.17925887,0.0010000000474974,0.0010000000474974,6,4,0,2,0,0,-999.0,-999.0,-999.0,-999.0,-999.0,-999.0,-999.0,-999.0,-999.0,-999.0,15.35890007019043,0.0212270002812147,-999.0,-999.0,14.053099632263184,0.0,-999.0,-999.0,-999.0,-999.0,-999.0,-999.0,-999.0,-999.0,-999.0,-999.0,-999.0,-999.0,-999.0,-999.0
Pan-STARRS1 DR2 MeanObject,119011884199824627,PSO J188.4200+09.1785,188.41998227,9.17845961,119011884199824627,PSO J188.4200+09.1785,188.41998227,9.17845961,-999.0,-999.0,1,0,1,0,0,0,-999.0,-999.0,-999.0,-999.0,-999.0,-999.0,-999.0,-999.0,-999.0,-999.0,-999.0,-999.0,15.619600296020508,0.0051950002089142,-999.0,-999.0,-999.0,-999.0,-999.0,-999.0,-999.0,-999.0,-999.0,-999.0,-999.0,-999.0,-999.0,-999.0,-999.0,-999.0
Pan-STARRS1 DR2 MeanObject,119011884200296774,PSO J188.4200+09.1802,188.4200293,9.18024903,119011884200296774,PSO J188.4200+09.1802,188.4200293,9.18024903,-999.0,-999.0,1,0,0,1,0,0,-999.0,-999.0,-999.0,-999.0,-999.0,-999.0,-999.0,-999.0,-999.0,-999.0,-999.0,-999.0,-999.0,-999.0,14.599900245666504,0.0029649999924004,-999.0,-999.0,-999.0,-999.0,-999.0,-999.0,-999.0,-999.0,-999.0,-999.0,-999.0,-999.0,-999.0,-999.0
Pan-STARRS1 DR2 MeanObject,119011884202086140,PSO J188.4201+09.1797,188.4200868302637,9.179669565835788,119011884202086140,PSO J188.4201+09.1797,188.4200868302637,9.179669565835788,0.0065921587025227,0.0065921587025227,17,1,5,7,4,0,-999.0,-999.0,19.555200576782227,0.0428700000047683,21.061899185180664,0.1874620020389557,18.82010078430176,0.0221270006150007,-999.0,-999.0,15.103599548339844,0.0028389999642968,15.059800148010254,0.0053989998996257,14.352299690246582,0.003654999891296,14.004400253295898,0.002030000090599,-999.0,-999.0,-999.0,-999.0,17.294700622558594,0.0428700000047683,17.367900848388672,0.1128389984369278,17.684900283813477,0.0696590021252632,-999.0,-999.0
Pan-STARRS1 DR2 MeanObject,119011884202168103,PSO J188.4202+09.1813,188.42018024,9.18134684,119011884202168103,PSO J188.4202+09.1813,188.42018024,9.18134684,0.0647099986672401,0.0647099986672401,1,0,0,0,1,0,-999.0,-999.0,-999.0,-999.0,-999.0,-999.0,19.855600357055664,0.0629469975829124,-999.0,-999.0,-999.0,-999.0,-999.0,-999.0,-999.0,-999.0,19.48539924621582,0.0862860009074211,-999.0,-999.0,-999.0,-999.0,-999.0,-999.0,-999.0,-999.0,19.765600204467773,0.0629469975829124,-999.0,-999.0
Pan-STARRS1 DR2 MeanObject,119011884202727585,PSO J188.4203+09.1809,188.42027292,9.18092436,119011884202727585,PSO J188.4203+09.1809,188.42027292,9.18092436,-999.0,-999.0,1,1,0,0,0,0,-999.0,-999.0,-999.0,-999.0,-999.0,-999.0,-999.0,-999.0,-999.0,-999.0,15.66860008239746,0.0042170002125203,-999.0,-999.0,-999.0,-999.0,-999.0,-999.0,-999.0,-999.0,-999.0,-999.0,-999.0,-999.0,-999.0,-999.0,-999.0,-999.0,-999.0,-999.0
Pan-STARRS1 DR2 MeanObject,119011884202807224,PSO J188.4203+09.1807,188.42027854,9.18066107,119011884202807224,PSO J188.4203+09.1807,188.42027854,9.18066107,0.0384799987077713,0.0384799987077713,6,1,3,0,1,1,-999.0,-999.0,-999.0,-999.0,-999.0,-999.0,19.36090087890625,0.0547319985926151,18.41550064086914,0.0501599982380867,15.092100143432615,0.0027999999001622,15.468999862670898,0.0901369974017143,-999.0,-999.0,19.710100173950195,0.1642480045557022,14.148699760437012,0.0085840001702308,-999.0,-999.0,-999.0,-999.0,-999.0,-999.0,19.606599807739254,0.0547319985926151,17.072900772094727,0.0501599982380867
Pan-STARRS1 DR2 MeanObject,119011884204206371,PSO J188.4203+09.1800,188.42031592422651,9.18001204442929,119011884204206371,PSO J188.4203+09.1800,188.42031592422651,9.18001204442929,0.0055344200182181,0.0055344200182181,12,3,6,3,0,0,19.030000686645508,0.0158750005066394,18.63159942626953,0.0197429992258548,18.74430084228516,0.0179130006581544,-999.0,-999.0,-999.0,-999.0,14.556699752807615,0.0025669999886304,15.820899963378906,0.0089379996061325,14.447699546813965,0.00330700003542,-999.0,-999.0,-999.0,-999.0,17.536500930786133,0.0158750005066394,17.298999786376953,0.0197429992258548,17.15719985961914,0.0179130006581544,-999.0,-999.0,-999.0,-999.0
Pan-STARRS1 DR2 MeanObject,119011884204766722,PSO J188.4204+09.1801,188.42036110802496,9.18014490582367,119011884204766722,PSO J188.4204+09.1801,188.42036110802496,9.18014490582367,0.0017090914220962,0.0017090914220962,63,19,20,21,3,0,18.996999740600582,0.0960159972310066,18.995399475097656,0.1046930029988288,18.8981990814209,0.083694003522396,20.978099822998047,0.161761999130249,-999.0,-999.0,14.474499702453612,0.0201500002294778,13.899299621582031,0.2110289931297302,14.977499961853027,0.22325499355793,14.987299919128418,0.004751999862492,-999.0,-999.0,17.559999465942383,0.0574080012738704,17.20669937133789,0.0550969988107681,17.1471004486084,0.0484890006482601,17.393299102783203,0.161761999130249,-999.0,-999.0
Pan-STARRS1 DR2 MeanObject,119011884207026365,PSO J188.4207+09.1799,188.42070254,9.17990823,119011884207026365,PSO J188.4207+09.1799,188.42070254,9.17990823,-999.0,-999.0,1,0,1,0,0,0,-999.0,-999.0,-999.0,-999.0,-999.0,-999.0,-999.0,-999.0,-999.0,-999.0,-999.0,-999.0,15.649399757385254,0.0056230002082884,-999.0,-999.0,-999.0,-999.0,-999.0,-999.0,-999.0,-999.0,-999.0,-999.0,-999.0,-999.0,-999.0,-999.0,-999.0,-999.0
Pan-STARRS1 DR2 MeanObject,119011884207128195,PSO J188.4207+09.1814,188.42070872,9.18143764,119011884207128195,PSO J188.4207+09.1814,188.42070872,9.18143764,0.0479400008916854,0.0479400008916854,1,0,0,0,0,1,-999.0,-999.0,-999.0,-999.0,-999.0,-999.0,-999.0,-999.0,18.68180084228516,0.0455319993197917,-999.0,-999.0,-999.0,-999.0,-999.0,-999.0,-999.0,-999.0,19.40749931335449,0.1113710030913353,-999.0,-999.0,-999.0,-999.0,-999.0,-999.0,-999.0,-999.0,19.221200942993164,0.0455319993197917
Pan-STARRS1 DR2 MeanObject,119011884207207618,PSO J188.4207+09.1809,188.42068151,9.18093216,119011884207207618,PSO J188.4207+09.1809,188.42068151,9.18093216,0.0228899996727705,0.0228899996727705,1,0,0,1,0,0,-999.0,-999.0,-999.0,-999.0,18.82080078125,0.0172959994524717,-999.0,-999.0,-999.0,-999.0,-999.0,-999.0,-999.0,-999.0,18.35300064086914,0.0189369991421699,-999.0,-999.0,-999.0,-999.0,-999.0,-999.0,-999.0,-999.0,18.38999938964844,0.0172959994524717,-999.0,-999.0,-999.0,-999.0
Pan-STARRS1 DR2 MeanObject,119011884207297223,PSO J188.4207+09.1806,188.42072944,9.18062277,119011884207297223,PSO J188.4207+09.1806,188.42072944,9.18062277,-999.0,-999.0,2,2,0,0,0,0,-999.0,-999.0,-999.0,-999.0,-999.0,-999.0,-999.0,-999.0,-999.0,-999.0,15.410799980163574,0.0503930002450943,-999.0,-999.0,-999.0,-999.0,-999.0,-999.0,-999.0,-999.0,-999.0,-999.0,-999.0,-999.0,-999.0,-999.0,-999.0,-999.0,-999.0,-999.0
Pan-STARRS1 DR2 MeanObject,119011884208286828,PSO J188.4208+09.1803,188.42083532,9.18031747,119011884208286828,PSO J188.4208+09.1803,188.42083532,9.18031747,0.0151000004261732,0.0151000004261732,4,1,3,0,0,0,18.03019905090332,0.0156280007213354,18.09779930114746,1.999999994950485e-06,-999.0,-999.0,-999.0,-999.0,-999.0,-999.0,-999.0,-999.0,-999.0,-999.0,-999.0,-999.0,-999.0,-999.0,-999.0,-999.0,16.96969985961914,0.0156280007213354,18.223899841308597,0.1834200024604797,-999.0,-999.0,-999.0,-999.0,-999.0,-999.0
Pan-STARRS1 DR2 MeanObject,119011884215341458,PSO J188.4215+09.1758,188.42149435,9.17580123,119011884215341458,PSO J188.4215+09.1758,188.42149435,9.17580123,0.0196000002324581,0.0196000002324581,1,0,0,1,0,0,-999.0,-999.0,-999.0,-999.0,18.62569999694824,0.0126229999586939,-999.0,-999.0,-999.0,-999.0,-999.0,-999.0,-999.0,-999.0,17.9375,0.0191810000687837,-999.0,-999.0,-999.0,-999.0,-999.0,-999.0,-999.0,-999.0,18.27949905395508,0.0126229999586939,-999.0,-999.0,-999.0,-999.0
Pan-STARRS1 DR2 MeanObject,119011884215862317,PSO J188.4215+09.1765,188.42154676,9.176517,119011884215862317,PSO J188.4215+09.1765,188.42154676,9.176517,0.0192699991166591,0.0192699991166591,1,0,0,1,0,0,-999.0,-999.0,-999.0,-999.0,18.49020004272461,0.0120900003239512,-999.0,-999.0,-999.0,-999.0,-999.0,-999.0,-999.0,-999.0,18.169700622558597,0.0240940004587173,-999.0,-999.0,-999.0,-999.0,-999.0,-999.0,-999.0,-999.0,18.45439910888672,0.0120900003239512,-999.0,-999.0,-999.0,-999.0
Pan-STARRS1 DR2 MeanObject,119011884223530702,PSO J188.4223+09.1752,188.42231686,9.17517654,119011884223530702,PSO J188.4223+09.1752,188.42231686,9.17517654,0.1901299953460693,0.1901299953460693,1,0,0,0,0,1,-999.0,-999.0,-999.0,-999.0,-999.0,-999.0,-999.0,-999.0,20.27890014648437,0.1895419955253601,-999.0,-999.0,-999.0,-999.0,-999.0,-999.0,-999.0,-999.0,18.529600143432617,0.1046189963817596,-999.0,-999.0,-999.0,-999.0,-999.0,-999.0,-999.0,-999.0,19.0713005065918,0.1895419955253601
Pan-STARRS1 DR2 MeanObject,119011884227710633,PSO J188.4227+09.1751,188.42270845,9.17510925,119011884227710633,PSO J188.4227+09.1751,188.42270845,9.17510925,0.2474000006914138,0.2474000006914138,1,0,0,1,0,0,-999.0,-999.0,-999.0,-999.0,21.07719993591309,0.2469419986009597,-999.0,-999.0,-999.0,-999.0,-999.0,-999.0,-999.0,-999.0,19.84499931335449,0.1706729978322982,-999.0,-999.0,-999.0,-999.0,-999.0,-999.0,-999.0,-999.0,19.84569931030273,0.2469419986009597,-999.0,-999.0,-999.0,-999.0
Pan-STARRS1 DR2 MeanObject,119011884228791384,PSO J188.4228+09.1759,188.42279897,9.17588015,119011884228791384,PSO J188.4228+09.1759,188.42279897,9.17588015,3.6226999759674072,3.6226999759674072,2,0,0,0,2,0,-999.0,-999.0,-999.0,-999.0,-999.0,-999.0,24.19770050048828,-999.0,-999.0,-999.0,-999.0,-999.0,-999.0,-999.0,-999.0,-999.0,18.850500106811523,0.0760480016469955,-999.0,-999.0,-999.0,-999.0,-999.0,-999.0,-999.0,-999.0,19.62350082397461,3.622659921646118,-999.0,-999.0
Pan-STARRS1 DR2 MeanObject,119011884229441990,PSO J188.4229+09.1763,188.42293033,9.17627222,119011884229441990,PSO J188.4229+09.1763,188.42293033,9.17627222,0.2247299998998642,0.2247299998998642,1,0,0,0,1,0,-999.0,-999.0,-999.0,-999.0,-999.0,-999.0,20.95439910888672,0.2242320030927658,-999.0,-999.0,-999.0,-999.0,-999.0,-999.0,-999.0,-999.0,-999.0,-999.0,-999.0,-999.0,-999.0,-999.0,-999.0,-999.0,-999.0,-999.0,19.839399337768555,0.2242320030927658,-999.0,-999.0
Pan-STARRS1 DR2 MeanObject,119021884160320382,PSO J188.4160+09.1832,188.41598396,9.18324858,119021884160320382,PSO J188.4160+09.1832,188.41598396,9.18324858,0.2416699975728988,0.2416699975728988,1,0,0,0,0,1,-999.0,-999.0,-999.0,-999.0,-999.0,-999.0,-999.0,-999.0,20.053800582885746,0.2411990016698837,-999.0,-999.0,-999.0,-999.0,-999.0,-999.0,-999.0,-999.0,18.640899658203125,0.1473399996757507,-999.0,-999.0,-999.0,-999.0,-999.0,-999.0,-999.0,-999.0,18.981000900268555,0.2411990016698837
Pan-STARRS1 DR2 MeanObject,119001884124296464,PSO J188.4124+09.1716,188.41238986577204,9.171593062204542,119001884124296464,PSO J188.4124+09.1716,188.41238986577204,9.171593062204542,0.0062215336581313,0.0062215336581313,5,4,1,0,0,0,19.580699920654297,0.0502189993858337,-999.0,-999.0,-999.0,-999.0,-999.0,-999.0,-999.0,-999.0,14.451899528503418,0.0040270001627504,13.509900093078612,0.002424000063911,-999.0,-999.0,-999.0,-999.0,-999.0,-999.0,18.13479995727539,0.0443020015954971,-999.0,-999.0,-999.0,-999.0,-999.0,-999.0,-999.0,-999.0
Pan-STARRS1 DR2 MeanObject,119001884124661442,PSO J188.4125+09.1675,188.41247719,9.16745688,119001884124661442,PSO J188.4125+09.1675,188.41247719,9.16745688,0.0010000000474974,0.0010000000474974,0,0,0,0,0,0,-999.0,-999.0,-999.0,-999.0,-999.0,-999.0,-999.0,-999.0,-999.0,-999.0,-999.0,-999.0,-999.0,-999.0,-999.0,-999.0,-999.0,-999.0,-999.0,-999.0,-999.0,-999.0,-999.0,-999.0,-999.0,-999.0,-999.0,-999.0,-999.0,-999.0
Pan-STARRS1 DR2 MeanObject,119001884125054387,PSO J188.4125+09.1699,188.41250558,9.16992662,119001884125054387,PSO J188.4125+09.1699,188.41250558,9.16992662,-999.0,-999.0,1,0,0,0,0,1,-999.0,-999.0,-999.0,-999.0,-999.0,-999.0,-999.0,-999.0,-999.0,-999.0,-999.0,-999.0,-999.0,-999.0,-999.0,-999.0,-999.0,-999.0,14.557299613952637,0.0061559998430311,-999.0,-999.0,-999.0,-999.0,-999.0,-999.0,-999.0,-999.0,-999.0,-999.0
Pan-STARRS1 DR2 MeanObject,119001884125245167,PSO J188.4126+09.1704,188.41258222929224,9.170488206682796,119001884125245167,PSO J188.4126+09.1704,188.41258222929224,9.170488206682796,0.0039872046328085,0.0039872046328085,14,1,2,7,2,2,19.55900001525879,0.0186260007321834,20.21269989013672,0.0960289984941482,18.502599716186523,0.0628739967942237,19.17690086364746,7.000000096013537e-06,17.957500457763672,0.0271310005336999,14.402199745178224,0.0021840000990778,16.846399307250977,0.0204760003834962,14.472999572753906,0.0185170006006956,13.788200378417969,2.099999983329326e-05,18.068199157714844,0.0784810036420822,18.079200744628903,0.0186260007321834,18.32539939880371,0.0960289984941482,16.907100677490234,0.0899349972605705,17.328800201416016,7.000000096013537e-06,18.084199905395508,0.0271310005336999
Pan-STARRS1 DR2 MeanObject,119001884126296898,PSO J188.4126+09.1720,188.41262946,9.17201872,119001884126296898,PSO J188.4126+09.1720,188.41262946,9.17201872,-999.0,-999.0,1,0,0,0,1,0,-999.0,-999.0,-999.0,-999.0,-999.0,-999.0,-999.0,-999.0,-999.0,-999.0,-999.0,-999.0,-999.0,-999.0,-999.0,-999.0,15.622400283813477,0.0134699996560812,-999.0,-999.0,-999.0,-999.0,-999.0,-999.0,-999.0,-999.0,-999.0,-999.0,-999.0,-999.0
Pan-STARRS1 DR2 MeanObject,119001884126354259,PSO J188.4126+09.1698,188.41263542,9.1698199,119001884126354259,PSO J188.4126+09.1698,188.41263542,9.1698199,-999.0,-999.0,1,0,0,0,0,1,-999.0,-999.0,-999.0,-999.0,-999.0,-999.0,-999.0,-999.0,-999.0,-999.0,-999.0,-999.0,-999.0,-999.0,-999.0,-999.0,-999.0,-999.0,14.569899559020996,0.0062090000137686,-999.0,-999.0,-999.0,-999.0,-999.0,-999.0,-999.0,-999.0,-999.0,-999.0
Pan-STARRS1 DR2 MeanObject,119001884129291773,PSO J188.4129+09.1677,188.41293449,9.1677415,119001884129291773,PSO J188.4129+09.1677,188.41293449,9.1677415,0.0010000000474974,0.0010000000474974,0,0,0,0,0,0,-999.0,-999.0,-999.0,-999.0,-999.0,-999.0,-999.0,-999.0,-999.0,-999.0,-999.0,-999.0,-999.0,-999.0,-999.0,-999.0,-999.0,-999.0,-999.0,-999.0,-999.0,-999.0,-999.0,-999.0,-999.0,-999.0,-999.0,-999.0,-999.0,-999.0
Pan-STARRS1 DR2 MeanObject,119001884129832275,PSO J188.4130+09.1682,188.41299568,9.16815863,119001884129832275,PSO J188.4130+09.1682,188.41299568,9.16815863,0.0010000000474974,0.0010000000474974,0,0,0,0,0,0,-999.0,-999.0,-999.0,-999.0,-999.0,-999.0,-999.0,-999.0,-999.0,-999.0,-999.0,-999.0,-999.0,-999.0,-999.0,-999.0,-999.0,-999.0,-999.0,-999.0,-999.0,-999.0,-999.0,-999.0,-999.0,-999.0,-999.0,-999.0,-999.0,-999.0
Pan-STARRS1 DR2 MeanObject,119001884130722986,PSO J188.4131+09.1688,188.41308691,9.1687572,119001884130722986,PSO J188.4131+09.1688,188.41308691,9.1687572,0.0010000000474974,0.0010000000474974,0,0,0,0,0,0,-999.0,-999.0,-999.0,-999.0,-999.0,-999.0,-999.0,-999.0,-999.0,-999.0,-999.0,-999.0,-999.0,-999.0,-999.0,-999.0,-999.0,-999.0,-999.0,-999.0,-999.0,-999.0,-999.0,-999.0,-999.0,-999.0,-999.0,-999.0,-999.0,-999.0
Pan-STARRS1 DR2 MeanObject,119001884131173703,PSO J188.4131+09.1695,188.41306855,9.16945371,119001884131173703,PSO J188.4131+09.1695,188.41306855,9.16945371,0.0231699999421834,0.0231699999421834,2,0,2,0,0,0,-999.0,-999.0,18.466100692749023,0.0176570005714893,-999.0,-999.0,-999.0,-999.0,-999.0,-999.0,-999.0,-999.0,15.473400115966797,0.0070429998449981,-999.0,-999.0,-999.0,-999.0,-999.0,-999.0,-999.0,-999.0,17.248600006103516,0.0176570005714893,-999.0,-999.0,-999.0,-999.0,-999.0,-999.0
Pan-STARRS1 DR2 MeanObject,119001884131415985,PSO J188.4131+09.1713,188.41314181,9.17125814,119001884131415985,PSO J188.4131+09.1713,188.41314181,9.17125814,-999.0,-999.0,1,0,0,1,0,0,-999.0,-999.0,-999.0,-999.0,-999.0,-999.0,-999.0,-999.0,-999.0,-999.0,-999.0,-999.0,-999.0,-999.0,14.531299591064451,0.00259599997662,-999.0,-999.0,-999.0,-999.0,-999.0,-999.0,-999.0,-999.0,-999.0,-999.0,-999.0,-999.0,-999.0,-999.0
Pan-STARRS1 DR2 MeanObject,119001884132365630,PSO J188.4132+09.1710,188.4131672,9.17101049,119001884132365630,PSO J188.4132+09.1710,188.4131672,9.17101049,0.0208599995821714,0.0208599995821714,2,0,0,2,0,0,-999.0,-999.0,-999.0,-999.0,18.322799682617188,0.0144920004531741,-999.0,-999.0,-999.0,-999.0,-999.0,-999.0,-999.0,-999.0,14.171600341796877,0.0023439999204128,-999.0,-999.0,-999.0,-999.0,-999.0,-999.0,-999.0,-999.0,16.736400604248047,0.0144920004531741,-999.0,-999.0,-999.0,-999.0
Pan-STARRS1 DR2 MeanObject,119001884132693495,PSO J188.4133+09.1692,188.41328277,9.16916628,119001884132693495,PSO J188.4133+09.1692,188.41328277,9.16916628,0.0010000000474974,0.0010000000474974,0,0,0,0,0,0,-999.0,-999.0,-999.0,-999.0,-999.0,-999.0,-999.0,-999.0,-999.0,-999.0,-999.0,-999.0,-999.0,-999.0,-999.0,-999.0,-999.0,-999.0,-999.0,-999.0,-999.0,-999.0,-999.0,-999.0,-999.0,-999.0,-999.0,-999.0,-999.0,-999.0
Pan-STARRS1 DR2 MeanObject,119001884133104115,PSO J188.4132+09.1697,188.4132550466637,9.169649431133616,119001884133104115,PSO J188.4132+09.1697,188.4132550466637,9.169649431133616,0.0014064966730477,0.0014067712619962,43,12,13,12,5,1,19.123899459838867,0.0397550016641616,18.29840087890625,0.0257500000298023,18.305700302124023,0.0109820002689957,19.03700065612793,0.0412929989397525,-999.0,-999.0,14.758099555969238,0.1729349941015243,13.574000358581545,0.0564059987664222,-999.0,-999.0,13.3056001663208,0.0994369983673095,14.834199905395508,0.007060999982059,17.71619987487793,0.058773998171091,16.865100860595703,0.0454710014164447,16.87299919128418,0.0135589996352791,17.251100540161133,0.095329999923706,-999.0,-999.0
Pan-STARRS1 DR2 MeanObject,119001884134103421,PSO J188.4134+09.1691,188.41342728,9.16910241,119001884134103421,PSO J188.4134+09.1691,188.41342728,9.16910241,0.0010000000474974,0.0010000000474974,0,0,0,0,0,0,-999.0,-999.0,-999.0,-999.0,-999.0,-999.0,-999.0,-999.0,-999.0,-999.0,-999.0,-999.0,-999.0,-999.0,-999.0,-999.0,-999.0,-999.0,-999.0,-999.0,-999.0,-999.0,-999.0,-999.0,-999.0,-999.0,-999.0,-999.0,-999.0,-999.0
Pan-STARRS1 DR2 MeanObject,119001884135895310,PSO J188.4136+09.1707,188.41355119,9.17068292,119001884135895310,PSO J188.4136+09.1707,188.41355119,9.17068292,0.0306299999356269,0.0306299999356269,1,0,0,0,0,1,-999.0,-999.0,-999.0,-999.0,-999.0,-999.0,-999.0,-999.0,17.99449920654297,0.0267040003091096,-999.0,-999.0,-999.0,-999.0,-999.0,-999.0,-999.0,-999.0,13.239500045776367,0.0037000000011175,-999.0,-999.0,-999.0,-999.0,-999.0,-999.0,-999.0,-999.0,16.39539909362793,0.0267040003091096
Pan-STARRS1 DR2 MeanObject,119001884137444089,PSO J188.4138+09.1697,188.41378071,9.1696741,119001884137444089,PSO J188.4138+09.1697,188.41378071,9.1696741,0.0010000000474974,0.0010000000474974,0,0,0,0,0,0,-999.0,-999.0,-999.0,-999.0,-999.0,-999.0,-999.0,-999.0,-999.0,-999.0,-999.0,-999.0,-999.0,-999.0,-999.0,-999.0,-999.0,-999.0,-999.0,-999.0,-999.0,-999.0,-999.0,-999.0,-999.0,-999.0,-999.0,-999.0,-999.0,-999.0
Pan-STARRS1 DR2 MeanObject,119001884137493754,PSO J188.4138+09.1694,188.41378133,9.16941269,119001884137493754,PSO J188.4138+09.1694,188.41378133,9.16941269,0.0010000000474974,0.0010000000474974,0,0,0,0,0,0,-999.0,-999.0,-999.0,-999.0,-999.0,-999.0,-999.0,-999.0,-999.0,-999.0,-999.0,-999.0,-999.0,-999.0,-999.0,-999.0,-999.0,-999.0,-999.0,-999.0,-999.0,-999.0,-999.0,-999.0,-999.0,-999.0,-999.0,-999.0,-999.0,-999.0
Pan-STARRS1 DR2 MeanObject,119001884137513676,PSO J188.4138+09.1693,188.41378532,9.16934934,119001884137513676,PSO J188.4138+09.1693,188.41378532,9.16934934,0.0010000000474974,0.0010000000474974,0,0,0,0,0,0,-999.0,-999.0,-999.0,-999.0,-999.0,-999.0,-999.0,-999.0,-999.0,-999.0,-999.0,-999.0,-999.0,-999.0,-999.0,-999.0,-999.0,-999.0,-999.0,-999.0,-999.0,-999.0,-999.0,-999.0,-999.0,-999.0,-999.0,-999.0,-999.0,-999.0
Pan-STARRS1 DR2 MeanObject,119001884138193915,PSO J188.4139+09.1695,188.41385267,9.16951569,119001884138193915,PSO J188.4139+09.1695,188.41385267,9.16951569,0.0010000000474974,0.0010000000474974,0,0,0,0,0,0,-999.0,-999.0,-999.0,-999.0,-999.0,-999.0,-999.0,-999.0,-999.0,-999.0,-999.0,-999.0,-999.0,-999.0,-999.0,-999.0,-999.0,-999.0,-999.0,-999.0,-999.0,-999.0,-999.0,-999.0,-999.0,-999.0,-999.0,-999.0,-999.0,-999.0
Pan-STARRS1 DR2 MeanObject,119001884138868576,PSO J188.4139+09.1734,188.41388676,9.17341733,119001884138868576,PSO J188.4139+09.1734,188.41388676,9.17341733,-999.0,-999.0,1,0,1,0,0,0,-999.0,-999.0,-999.0,-999.0,-999.0,-999.0,-999.0,-999.0,-999.0,-999.0,-999.0,-999.0,15.319100379943848,0.0031119999475777,-999.0,-999.0,-999.0,-999.0,-999.0,-999.0,-999.0,-999.0,-999.0,-999.0,-999.0,-999.0,-999.0,-999.0,-999.0,-999.0
Pan-STARRS1 DR2 MeanObject,119001884138874984,PSO J188.4139+09.1706,188.41394675,9.17061233,119001884138874984,PSO J188.4139+09.1706,188.41394675,9.17061233,0.0188599992543458,0.0188599992543458,6,1,2,3,0,0,18.33429908752441,0.0114359995350241,-999.0,-999.0,-999.0,-999.0,-999.0,-999.0,-999.0,-999.0,16.137800216674805,0.014309000223875,-999.0,-999.0,12.562800407409668,0.0144710000604391,-999.0,-999.0,-999.0,-999.0,17.261699676513672,0.0114359995350241,-999.0,-999.0,-999.0,-999.0,-999.0,-999.0,-999.0,-999.0
Pan-STARRS1 DR2 MeanObject,119001884142435305,PSO J188.4143+09.1708,188.4142896156322,9.170796264867496,119001884142435305,PSO J188.4143+09.1708,188.4142896156322,9.170796264867496,0.001227521494605,0.001227521494605,47,4,12,14,10,7,18.782899856567383,0.0146009996533393,18.09980010986328,0.0454949997365474,18.117300033569336,0.1910279989242553,18.253999710083008,0.0119460001587867,17.614599227905273,0.119657002389431,14.878000259399414,0.0195099990814924,14.678199768066406,0.1665869951248169,13.171600341796877,0.088528998196125,13.578399658203123,0.232231006026268,14.540599822998049,0.1196969971060752,17.425199508666992,0.0192120000720024,16.8528995513916,0.0434329994022846,16.715599060058594,0.0518420003354549,17.242799758911133,0.0874800011515617,16.350900650024414,0.3655819892883301
Pan-STARRS1 DR2 MeanObject,119001884142898701,PSO J188.4143+09.1735,188.41428908,9.17352114,119001884142898701,PSO J188.4143+09.1735,188.41428908,9.17352114,-999.0,-999.0,2,2,0,0,0,0,-999.0,-999.0,-999.0,-999.0,-999.0,-999.0,-999.0,-999.0,-999.0,-999.0,15.154500007629396,0.031615000218153,-999.0,-999.0,-999.0,-999.0,-999.0,-999.0,-999.0,-999.0,-999.0,-999.0,-999.0,-999.0,-999.0,-999.0,-999.0,-999.0,-999.0,-999.0
Pan-STARRS1 DR2 MeanObject,119001884144009078,PSO J188.4144+09.1739,188.41444071759005,9.173912894922804,119001884144009078,PSO J188.4144+09.1739,188.41444071759005,9.173912894922804,0.0019152774735725,0.0019152774735725,27,16,8,3,0,0,18.78070068359375,0.116517998278141,17.704299926757812,0.0298950001597404,-999.0,-999.0,19.07900047302246,-999.0,18.270000457763672,-999.0,14.674599647521973,0.1843329966068267,13.41189956665039,0.0006530000246129,14.031200408935549,0.0879810005426406,-999.0,-999.0,-999.0,-999.0,17.510000228881836,0.0930759981274604,16.27829933166504,0.0219870004802942,-999.0,-999.0,-999.0,-999.0,-999.0,-999.0
Pan-STARRS1 DR2 MeanObject,119001884145815538,PSO J188.4144+09.1709,188.4144004534729,9.17087581532354,119001884145815538,PSO J188.4144+09.1709,188.4144004534729,9.17087581532354,0.0011881589113147,0.0011881589113147,35,9,9,8,3,6,18.558399200439453,0.1168849989771843,17.748600006103516,0.0854709967970848,18.181100845336918,0.0405559986829757,17.686599731445312,0.0100349998101592,18.061199188232425,0.1406680047512054,15.116100311279297,0.1016879975795745,13.992899894714355,0.1404729932546615,14.595000267028809,0.0141679998487234,-999.0,-999.0,16.15169906616211,0.2205909937620163,17.171899795532227,0.071382001042366,16.530399322509766,0.0326029993593692,16.644100189208984,0.0371729992330074,17.17930030822754,0.045703999698162,17.407899856567383,0.2472440004348755
Pan-STARRS1 DR2 MeanObject,119001884146299448,PSO J188.4146+09.1741,188.41457701,9.17406509,119001884146299448,PSO J188.4146+09.1741,188.41457701,9.17406509,0.0123300002887845,0.0123300002887845,11,6,3,2,0,0,-999.0,-999.0,17.730199813842773,0.3172860145568847,-999.0,-999.0,-999.0,-999.0,-999.0,-999.0,15.02530002593994,0.308243989944458,13.18649959564209,0.1022860035300254,14.34589958190918,0.0639799982309341,-999.0,-999.0,-999.0,-999.0,-999.0,-999.0,16.326400756835938,0.2805730104446411,-999.0,-999.0,-999.0,-999.0,-999.0,-999.0
Pan-STARRS1 DR2 MeanObject,119001884147969795,PSO J188.4148+09.1744,188.41479635,9.17443298,119001884147969795,PSO J188.4148+09.1744,188.41479635,9.17443298,-999.0,-999.0,1,0,1,0,0,0,-999.0,-999.0,-999.0,-999.0,-999.0,-999.0,-999.0,-999.0,-999.0,-999.0,-999.0,-999.0,13.46969985961914,0.0034159999340772,-999.0,-999.0,-999.0,-999.0,-999.0,-999.0,-999.0,-999.0,-999.0,-999.0,-999.0,-999.0,-999.0,-999.0,-999.0,-999.0
Pan-STARRS1 DR2 MeanObject,119001884149106114,PSO J188.4149+09.1714,188.41486419,9.17135517,119001884149106114,PSO J188.4149+09.1714,188.41486419,9.17135517,0.0727699995040893,0.0727699995040893,2,1,0,0,0,1,-999.0,-999.0,-999.0,-999.0,-999.0,-999.0,-999.0,-999.0,18.70829963684082,0.071211002767086,14.963199615478516,0.0028460000175982,-999.0,-999.0,-999.0,-999.0,-999.0,-999.0,17.74920082092285,0.0449099987745285,-999.0,-999.0,-999.0,-999.0,-999.0,-999.0,-999.0,-999.0,17.409299850463867,0.071211002767086
Pan-STARRS1 DR2 MeanObject,119001884151537247,PSO J188.4152+09.1723,188.41515312,9.17230941,119001884151537247,PSO J188.4152+09.1723,188.41515312,9.17230941,-999.0,-999.0,1,0,1,0,0,0,-999.0,-999.0,-999.0,-999.0,-999.0,-999.0,-999.0,-999.0,-999.0,-999.0,-999.0,-999.0,15.029999732971191,0.0035369999241083,-999.0,-999.0,-999.0,-999.0,-999.0,-999.0,-999.0,-999.0,-999.0,-999.0,-999.0,-999.0,-999.0,-999.0,-999.0,-999.0
Pan-STARRS1 DR2 MeanObject,119001884151556480,PSO J188.4151+09.1716,188.41509806539625,9.171600291727124,119001884151556480,PSO J188.4151+09.1716,188.41509806539625,9.171600291727124,0.0014641707204803,0.0014641707204803,39,9,9,11,7,3,18.57159996032715,0.0853220000863075,17.884000778198242,0.1780979931354522,18.83370018005371,-999.0,18.89069938659668,-999.0,18.16790008544922,0.111005999147892,14.728599548339844,0.1354790031909942,13.35319995880127,0.0618380010128021,-999.0,-999.0,13.504799842834473,0.0103169996291399,16.615400314331055,0.1758700013160705,17.189199447631836,0.0742079988121986,16.60700035095215,0.1480920016765594,17.320199966430664,0.1486770063638687,17.123899459838867,0.5965970158576965,17.647199630737305,0.1187459975481033
Pan-STARRS1 DR2 MeanObject,119001884151659485,PSO J188.4152+09.1742,188.41516511,9.17417416,119001884151659485,PSO J188.4152+09.1742,188.41516511,9.17417416,-999.0,-999.0,5,0,0,3,2,0,-999.0,-999.0,-999.0,-999.0,-999.0,-999.0,-999.0,-999.0,-999.0,-999.0,-999.0,-999.0,-999.0,-999.0,14.11620044708252,0.0295429993420839,14.130000114440918,0.0629059970378875,-999.0,-999.0,-999.0,-999.0,-999.0,-999.0,-999.0,-999.0,-999.0,-999.0,-999.0,-999.0
Pan-STARRS1 DR2 MeanObject,119001884153856919,PSO J188.4154+09.1720,188.41538514,9.17203591,119001884153856919,PSO J188.4154+09.1720,188.41538514,9.17203591,-999.0,-999.0,7,3,2,2,0,0,-999.0,-999.0,-999.0,-999.0,-999.0,-999.0,-999.0,-999.0,-999.0,-999.0,15.00730037689209,0.0117060001939535,14.612899780273438,9.999999974752427e-07,-999.0,-999.0,-999.0,-999.0,-999.0,-999.0,-999.0,-999.0,-999.0,-999.0,-999.0,-999.0,-999.0,-999.0,-999.0,-999.0
Pan-STARRS1 DR2 MeanObject,119001884154456320,PSO J188.4154+09.1715,188.41544502,9.17153702,119001884154456320,PSO J188.4154+09.1715,188.41544502,9.17153702,-999.0,-999.0,1,1,0,0,0,0,-999.0,-999.0,-999.0,-999.0,-999.0,-999.0,-999.0,-999.0,-999.0,-999.0,15.338700294494627,0.0037539999466389,-999.0,-999.0,-999.0,-999.0,-999.0,-999.0,-999.0,-999.0,-999.0,-999.0,-999.0,-999.0,-999.0,-999.0,-999.0,-999.0,-999.0,-999.0
Pan-STARRS1 DR2 MeanObject,119001884158417320,PSO J188.4158+09.1724,188.41584102,9.17237007,119001884158417320,PSO J188.4158+09.1724,188.41584102,9.17237007,-999.0,-999.0,1,1,0,0,0,0,-999.0,-999.0,-999.0,-999.0,-999.0,-999.0,-999.0,-999.0,-999.0,-999.0,15.09749984741211,0.00299399998039,-999.0,-999.0,-999.0,-999.0,-999.0,-999.0,-999.0,-999.0,-999.0,-999.0,-999.0,-999.0,-999.0,-999.0,-999.0,-999.0,-999.0,-999.0
Pan-STARRS1 DR2 MeanObject,119001884158897651,PSO J188.4159+09.1727,188.41592326,9.17267491,119001884158897651,PSO J188.4159+09.1727,188.41592326,9.17267491,0.0191500000655651,0.0191500000655651,7,2,1,1,3,0,-999.0,-999.0,18.97559928894043,0.0197909995913505,-999.0,-999.0,18.80620002746582,0.0260559991002082,-999.0,-999.0,13.947799682617188,0.0077349999919533,13.35569953918457,0.0021349999587982,13.332200050354004,0.0014700000174343,15.029000282287598,0.0081209996715188,-999.0,-999.0,-999.0,-999.0,17.36389923095703,0.0197909995913505,-999.0,-999.0,17.8971004486084,0.0260559991002082,-999.0,-999.0
Pan-STARRS1 DR2 MeanObject,119001884161123125,PSO J188.4161+09.1689,188.41611299,9.16887489,119001884161123125,PSO J188.4161+09.1689,188.41611299,9.16887489,-999.0,-999.0,1,0,0,1,0,0,-999.0,-999.0,-999.0,-999.0,-999.0,-999.0,-999.0,-999.0,-999.0,-999.0,-999.0,-999.0,-999.0,-999.0,17.73390007019043,0.0187160000205039,-999.0,-999.0,-999.0,-999.0,-999.0,-999.0,-999.0,-999.0,-999.0,-999.0,-999.0,-999.0,-999.0,-999.0
Pan-STARRS1 DR2 MeanObject,119001884161337846,PSO J188.4160+09.1727,188.4159700252775,9.172728984539354,119001884161337846,PSO J188.4160+09.1727,188.4159700252775,9.172728984539354,0.0029596678530292,0.0029592411700684,28,5,6,13,4,0,18.9822998046875,3.000000106112566e-06,19.03459930419922,0.0193419996649026,18.82570075988769,0.0519089996814727,18.768400192260746,0.1123130023479461,-999.0,-999.0,14.494199752807615,0.0,13.78969955444336,0.0025049999821931,12.954099655151367,0.0151389995589852,13.037699699401855,0.033730000257492,-999.0,-999.0,17.733200073242188,0.1324709951877594,17.690099716186523,0.0193419996649026,17.423500061035156,0.0080599999055266,17.464799880981445,0.3876470029354095,-999.0,-999.0
Pan-STARRS1 DR2 MeanObject,119001884164428532,PSO J188.4164+09.1734,188.41644261,9.17338032,119001884164428532,PSO J188.4164+09.1734,188.41644261,9.17338032,-999.0,-999.0,2,0,1,0,1,0,-999.0,-999.0,-999.0,-999.0,-999.0,-999.0,-999.0,-999.0,-999.0,-999.0,-999.0,-999.0,14.844599723815918,0.0025679999962449,-999.0,-999.0,14.759499549865724,0.0035480000078678,-999.0,-999.0,-999.0,-999.0,-999.0,-999.0,-999.0,-999.0,-999.0,-999.0,-999.0,-999.0
Pan-STARRS1 DR2 MeanObject,119001884170589818,PSO J188.4171+09.1746,188.41708083,9.17461084,119001884170589818,PSO J188.4171+09.1746,188.41708083,9.17461084,0.0144999995827674,0.0144999995827674,9,7,0,1,1,0,18.82150077819824,0.0055269999429583,-999.0,-999.0,-999.0,-999.0,-999.0,-999.0,-999.0,-999.0,15.395400047302246,0.0612669996917247,-999.0,-999.0,14.375200271606444,0.0021889999043196,14.52970027923584,0.0038819999899715,-999.0,-999.0,17.404300689697266,0.0145349996164441,-999.0,-999.0,-999.0,-999.0,-999.0,-999.0,-999.0,-999.0
Pan-STARRS1 DR2 MeanObject,119001884170849289,PSO J188.4171+09.1740,188.41708425,9.17401153,119001884170849289,PSO J188.4171+09.1740,188.41708425,9.17401153,-999.0,-999.0,1,1,0,0,0,0,-999.0,-999.0,-999.0,-999.0,-999.0,-999.0,-999.0,-999.0,-999.0,-999.0,-999.0,-999.0,-999.0,-999.0,-999.0,-999.0,-999.0,-999.0,-999.0,-999.0,-999.0,-999.0,-999.0,-999.0,-999.0,-999.0,-999.0,-999.0,-999.0,-999.0
Pan-STARRS1 DR2 MeanObject,119001884178372430,PSO J188.4178+09.1683,188.41779978,9.16828263,119001884178372430,PSO J188.4178+09.1683,188.41779978,9.16828263,0.1737599968910217,0.1737599968910217,1,0,0,0,0,1,-999.0,-999.0,-999.0,-999.0,-999.0,-999.0,-999.0,-999.0,20.18869972229004,0.1731079965829849,-999.0,-999.0,-999.0,-999.0,-999.0,-999.0,-999.0,-999.0,18.683900833129883,0.1165720000863075,-999.0,-999.0,-999.0,-999.0,-999.0,-999.0,-999.0,-999.0,19.0049991607666,0.1731079965829849
Pan-STARRS1 DR2 MeanObject,119001884181361497,PSO J188.4181+09.1675,188.418137,9.1675183,119001884181361497,PSO J188.4181+09.1675,188.418137,9.1675183,-999.0,-999.0,1,0,0,1,0,0,-999.0,-999.0,-999.0,-999.0,-999.0,-999.0,-999.0,-999.0,-999.0,-999.0,-999.0,-999.0,-999.0,-999.0,19.54459953308105,0.0645759999752044,-999.0,-999.0,-999.0,-999.0,-999.0,-999.0,-999.0,-999.0,-999.0,-999.0,-999.0,-999.0,-999.0,-999.0
Pan-STARRS1 DR2 MeanObject,119001884183734188,PSO J188.4184+09.1698,188.41837358,9.16976055,119001884183734188,PSO J188.4184+09.1698,188.41837358,9.16976055,-999.0,-999.0,1,0,0,1,0,0,-999.0,-999.0,-999.0,-999.0,-999.0,-999.0,-999.0,-999.0,-999.0,-999.0,-999.0,-999.0,-999.0,-999.0,18.555200576782227,0.033475998789072,-999.0,-999.0,-999.0,-999.0,-999.0,-999.0,-999.0,-999.0,-999.0,-999.0,-999.0,-999.0,-999.0,-999.0
Pan-STARRS1 DR2 MeanObject,119001884183832384,PSO J188.4184+09.1683,188.41836033,9.16827476,119001884183832384,PSO J188.4184+09.1683,188.41836033,9.16827476,0.1574299931526184,0.1574299931526184,1,1,0,0,0,0,21.617700576782227,0.156711995601654,-999.0,-999.0,-999.0,-999.0,-999.0,-999.0,-999.0,-999.0,20.51469993591309,0.0881730020046234,-999.0,-999.0,-999.0,-999.0,-999.0,-999.0,-999.0,-999.0,20.93269920349121,0.156711995601654,-999.0,-999.0,-999.0,-999.0,-999.0,-999.0,-999.0,-999.0
Pan-STARRS1 DR2 MeanObject,119001884186613837,PSO J188.4187+09.1695,188.41866141,9.16946815,119001884186613837,PSO J188.4187+09.1695,188.41866141,9.16946815,-999.0,-999.0,1,0,0,0,1,0,-999.0,-999.0,-999.0,-999.0,-999.0,-999.0,-999.0,-999.0,-999.0,-999.0,-999.0,-999.0,-999.0,-999.0,-999.0,-999.0,19.5216007232666,0.1050259992480278,-999.0,-999.0,-999.0,-999.0,-999.0,-999.0,-999.0,-999.0,-999.0,-999.0,-999.0,-999.0
Pan-STARRS1 DR2 MeanObject,119001884189192607,PSO J188.4189+09.1685,188.41891564,9.1684511,119001884189192607,PSO J188.4189+09.1685,188.41891564,9.1684511,0.1946099996566772,0.1946099996566772,1,0,0,0,0,1,-999.0,-999.0,-999.0,-999.0,-999.0,-999.0,-999.0,-999.0,20.214599609375,0.1940270066261291,-999.0,-999.0,-999.0,-999.0,-999.0,-999.0,-999.0,-999.0,-999.0,-999.0,-999.0,-999.0,-999.0,-999.0,-999.0,-999.0,-999.0,-999.0,20.188600540161133,0.1940270066261291
Pan-STARRS1 DR2 MeanObject,119001884190059761,PSO J188.4190+09.1744,188.41900585,9.17440438,119001884190059761,PSO J188.4190+09.1744,188.41900585,9.17440438,-999.0,-999.0,1,0,0,1,0,0,-999.0,-999.0,-999.0,-999.0,-999.0,-999.0,-999.0,-999.0,-999.0,-999.0,-999.0,-999.0,-999.0,-999.0,-999.0,-999.0,-999.0,-999.0,-999.0,-999.0,-999.0,-999.0,-999.0,-999.0,-999.0,-999.0,-999.0,-999.0,-999.0,-999.0
Pan-STARRS1 DR2 MeanObject,119001884194853080,PSO J188.4194+09.1689,188.41941711,9.16888413,119001884194853080,PSO J188.4194+09.1689,188.41941711,9.16888413,0.1818300038576126,0.1818300038576126,1,0,0,1,0,0,-999.0,-999.0,-999.0,-999.0,21.342100143432617,0.181208997964859,-999.0,-999.0,-999.0,-999.0,-999.0,-999.0,-999.0,-999.0,21.345399856567383,0.2038380056619644,-999.0,-999.0,-999.0,-999.0,-999.0,-999.0,-999.0,-999.0,21.145700454711918,0.181208997964859,-999.0,-999.0,-999.0,-999.0
Pan-STARRS1 DR2 MeanObject,119001884195882155,PSO J188.4195+09.1680,188.41954032,9.16804829,119001884195882155,PSO J188.4195+09.1680,188.41954032,9.16804829,0.1947399973869323,0.1947399973869323,1,0,1,0,0,0,-999.0,-999.0,21.61050033569336,0.1941619962453842,-999.0,-999.0,-999.0,-999.0,-999.0,-999.0,-999.0,-999.0,19.82410049438477,0.1144910007715225,-999.0,-999.0,-999.0,-999.0,-999.0,-999.0,-999.0,-999.0,20.618200302124023,0.1941619962453842,-999.0,-999.0,-999.0,-999.0,-999.0,-999.0
Pan-STARRS1 DR2 MeanObject,119001884198755286,PSO J188.4199+09.1707,188.41986577,9.1706841,119001884198755286,PSO J188.4199+09.1707,188.41986577,9.1706841,0.1611199975013733,0.1611199975013733,1,0,0,0,0,1,-999.0,-999.0,-999.0,-999.0,-999.0,-999.0,-999.0,-999.0,19.914400100708008,0.1604209989309311,-999.0,-999.0,-999.0,-999.0,-999.0,-999.0,-999.0,-999.0,-999.0,-999.0,-999.0,-999.0,-999.0,-999.0,-999.0,-999.0,-999.0,-999.0,19.96489906311035,0.1604209989309311
Pan-STARRS1 DR2 MeanObject,119001884201553500,PSO J188.4201+09.1692,188.42011756,9.1691791,119001884201553500,PSO J188.4201+09.1692,188.42011756,9.1691791,0.332610011100769,0.332610011100769,1,0,0,0,1,0,-999.0,-999.0,-999.0,-999.0,-999.0,-999.0,21.855300903320312,0.332271009683609,-999.0,-999.0,-999.0,-999.0,-999.0,-999.0,-999.0,-999.0,20.12019920349121,0.1835269927978515,-999.0,-999.0,-999.0,-999.0,-999.0,-999.0,-999.0,-999.0,20.489599227905277,0.332271009683609,-999.0,-999.0
Pan-STARRS1 DR2 MeanObject,119001884207313916,PSO J188.4207+09.1695,188.42073156,9.16953362,119001884207313916,PSO J188.4207+09.1695,188.42073156,9.16953362,-999.0,-999.0,1,0,0,0,1,0,-999.0,-999.0,-999.0,-999.0,-999.0,-999.0,-999.0,-999.0,-999.0,-999.0,-999.0,-999.0,-999.0,-999.0,-999.0,-999.0,-999.0,-999.0,-999.0,-999.0,-999.0,-999.0,-999.0,-999.0,-999.0,-999.0,-999.0,-999.0,-999.0,-999.0
Pan-STARRS1 DR2 MeanObject,119001884208056244,PSO J188.4207+09.1715,188.42075555781776,9.171435184346697,119001884208056244,PSO J188.4207+09.1715,188.42075555781776,9.171435184346697,0.0173983185437592,0.0173983185437592,26,10,8,8,0,0,21.471099853515625,0.0266609992831945,20.70509910583496,0.1672549992799759,20.59959983825684,0.07082200050354,-999.0,-999.0,-999.0,-999.0,19.494199752807617,0.0484599992632865,18.72130012512207,0.0537090003490448,18.78019905090332,0.0108270002529025,-999.0,-999.0,-999.0,-999.0,20.09119987487793,0.0741709992289543,19.4025993347168,0.0289089996367692,19.47249984741211,0.1084320023655891,-999.0,-999.0,-999.0,-999.0
Pan-STARRS1 DR2 MeanObject,119001884212893480,PSO J188.4213+09.1692,188.4212535,9.16916113,119001884212893480,PSO J188.4213+09.1692,188.4212535,9.16916113,0.1675599962472915,0.1675599962472915,1,0,1,0,0,0,-999.0,-999.0,21.03070068359375,0.1668889969587326,-999.0,-999.0,-999.0,-999.0,-999.0,-999.0,-999.0,-999.0,20.33989906311035,0.2781769931316376,-999.0,-999.0,-999.0,-999.0,-999.0,-999.0,-999.0,-999.0,20.68630027770996,0.1668889969587326,-999.0,-999.0,-999.0,-999.0,-999.0,-999.0
Pan-STARRS1 DR2 MeanObject,119001884216324246,PSO J188.4216+09.1698,188.42163274,9.16980838,119001884216324246,PSO J188.4216+09.1698,188.42163274,9.16980838,-999.0,-999.0,1,0,1,0,0,0,-999.0,-999.0,-999.0,-999.0,-999.0,-999.0,-999.0,-999.0,-999.0,-999.0,-999.0,-999.0,20.030500411987305,0.0985720008611679,-999.0,-999.0,-999.0,-999.0,-999.0,-999.0,-999.0,-999.0,-999.0,-999.0,-999.0,-999.0,-999.0,-999.0,-999.0,-999.0
Pan-STARRS1 DR2 MeanObject,119001884216773867,PSO J188.4217+09.1695,188.42166763,9.16949993,119001884216773867,PSO J188.4217+09.1695,188.42166763,9.16949993,0.4430400133132934,0.4430400133132934,1,0,0,1,0,0,-999.0,-999.0,-999.0,-999.0,22.364999771118164,0.4427840113639831,-999.0,-999.0,-999.0,-999.0,-999.0,-999.0,-999.0,-999.0,21.7317008972168,0.2613399922847748,-999.0,-999.0,-999.0,-999.0,-999.0,-999.0,-999.0,-999.0,22.120800018310547,0.4427840113639831,-999.0,-999.0,-999.0,-999.0
Pan-STARRS1 DR2 MeanObject,119001884228397467,PSO J188.4228+09.1725,188.42282964,9.17250469,119001884228397467,PSO J188.4228+09.1725,188.42282964,9.17250469,0.1854300051927566,0.1854300051927566,1,0,0,0,1,0,-999.0,-999.0,-999.0,-999.0,-999.0,-999.0,20.72319984436035,0.1848250031471252,-999.0,-999.0,-999.0,-999.0,-999.0,-999.0,-999.0,-999.0,-999.0,-999.0,-999.0,-999.0,-999.0,-999.0,-999.0,-999.0,-999.0,-999.0,20.12849998474121,0.1848250031471252,-999.0,-999.0
Pan-STARRS1 DR2 MeanObject,119001884228529161,PSO J188.4228+09.1739,188.42284338,9.17391626,119001884228529161,PSO J188.4228+09.1739,188.42284338,9.17391626,0.1986699998378753,0.1986699998378753,1,0,0,0,1,0,-999.0,-999.0,-999.0,-999.0,-999.0,-999.0,20.79080009460449,0.1981039941310882,-999.0,-999.0,-999.0,-999.0,-999.0,-999.0,-999.0,-999.0,-999.0,-999.0,-999.0,-999.0,-999.0,-999.0,-999.0,-999.0,-999.0,-999.0,20.20389938354492,0.1981039941310882,-999.0,-999.0
Pan-STARRS1 DR2 MeanObject,119011884079371939,PSO J188.4079+09.1762,188.40793717,9.17621929,119011884079371939,PSO J188.4079+09.1762,188.40793717,9.17621929,-999.0,-999.0,1,0,1,0,0,0,-999.0,-999.0,-999.0,-999.0,-999.0,-999.0,-999.0,-999.0,-999.0,-999.0,-999.0,-999.0,20.97130012512207,0.2281569987535476,-999.0,-999.0,-999.0,-999.0,-999.0,-999.0,-999.0,-999.0,-999.0,-999.0,-999.0,-999.0,-999.0,-999.0,-999.0,-999.0
Pan-STARRS1 DR2 MeanObject,119011884079881524,PSO J188.4080+09.1757,188.40804967,9.17571385,119011884079881524,PSO J188.4080+09.1757,188.40804967,9.17571385,0.4554699957370758,0.4554699957370758,3,3,0,0,0,0,23.14550018310547,0.4552269876003265,-999.0,-999.0,-999.0,-999.0,-999.0,-999.0,-999.0,-999.0,21.84709930419922,0.2316019982099533,-999.0,-999.0,-999.0,-999.0,-999.0,-999.0,-999.0,-999.0,21.599899291992188,0.4552269876003265,-999.0,-999.0,-999.0,-999.0,-999.0,-999.0,-999.0,-999.0
Pan-STARRS1 DR2 MeanObject,119011884080810496,PSO J188.4080+09.1750,188.40803789,9.17500621,119011884080810496,PSO J188.4080+09.1750,188.40803789,9.17500621,0.2286500036716461,0.2286500036716461,1,1,0,0,0,0,22.35770034790039,0.2281579971313476,-999.0,-999.0,-999.0,-999.0,-999.0,-999.0,-999.0,-999.0,20.88170051574707,0.1431709975004196,-999.0,-999.0,-999.0,-999.0,-999.0,-999.0,-999.0,-999.0,21.22470092773437,0.2281579971313476,-999.0,-999.0,-999.0,-999.0,-999.0,-999.0,-999.0,-999.0
Pan-STARRS1 DR2 MeanObject,119011884084340965,PSO J188.4084+09.1754,188.40838953,9.17539163,119011884084340965,PSO J188.4084+09.1754,188.40838953,9.17539163,0.8880400061607361,0.8880400061607361,1,0,1,0,0,0,-999.0,-999.0,23.43910026550293,-999.0,-999.0,-999.0,-999.0,-999.0,-999.0,-999.0,-999.0,-999.0,19.951400756835938,0.1030139997601509,-999.0,-999.0,-999.0,-999.0,-999.0,-999.0,-999.0,-999.0,20.71809959411621,0.8879179954528809,-999.0,-999.0,-999.0,-999.0,-999.0,-999.0
Pan-STARRS1 DR2 MeanObject,119011884085391283,PSO J188.4085+09.1757,188.40849554,9.17565114,119011884085391283,PSO J188.4085+09.1757,188.40849554,9.17565114,0.1762299984693527,0.1762299984693527,1,0,1,0,0,0,-999.0,-999.0,20.274099349975582,0.175586000084877,-999.0,-999.0,-999.0,-999.0,-999.0,-999.0,-999.0,-999.0,19.32690048217773,0.170522004365921,-999.0,-999.0,-999.0,-999.0,-999.0,-999.0,-999.0,-999.0,19.292699813842773,0.175586000084877,-999.0,-999.0,-999.0,-999.0,-999.0,-999.0
Pan-STARRS1 DR2 MeanObject,119011884086231648,PSO J188.4086+09.1760,188.40858946,9.17596661,119011884086231648,PSO J188.4086+09.1760,188.40858946,9.17596661,0.1829600036144256,0.1829600036144256,1,0,0,0,0,1,-999.0,-999.0,-999.0,-999.0,-999.0,-999.0,-999.0,-999.0,19.873699188232425,0.1823460012674331,-999.0,-999.0,-999.0,-999.0,-999.0,-999.0,-999.0,-999.0,19.606000900268555,0.2877880036830902,-999.0,-999.0,-999.0,-999.0,-999.0,-999.0,-999.0,-999.0,19.5856990814209,0.1823460012674331
Pan-STARRS1 DR2 MeanObject,119011884088494985,PSO J188.4089+09.1787,188.40885746,9.17870022,119011884088494985,PSO J188.4089+09.1787,188.40885746,9.17870022,0.0228700004518032,0.0228700004518032,2,2,0,0,0,0,18.9552001953125,7.000000096013537e-06,-999.0,-999.0,-999.0,-999.0,-999.0,-999.0,-999.0,-999.0,19.020099639892575,0.0378260016441345,-999.0,-999.0,-999.0,-999.0,-999.0,-999.0,-999.0,-999.0,19.198699951171875,0.0463979989290237,-999.0,-999.0,-999.0,-999.0,-999.0,-999.0,-999.0,-999.0
Pan-STARRS1 DR2 MeanObject,119011884095314646,PSO J188.4095+09.1785,188.40953195,9.1784753,119011884095314646,PSO J188.4095+09.1785,188.40953195,9.1784753,-999.0,-999.0,1,0,1,0,0,0,-999.0,-999.0,-999.0,-999.0,-999.0,-999.0,-999.0,-999.0,-999.0,-999.0,-999.0,-999.0,20.548599243164062,0.1366000026464462,-999.0,-999.0,-999.0,-999.0,-999.0,-999.0,-999.0,-999.0,-999.0,-999.0,-999.0,-999.0,-999.0,-999.0,-999.0,-999.0
Pan-STARRS1 DR2 MeanObject,119011884097105096,PSO J188.4097+09.1789,188.40969627,9.17885921,119011884097105096,PSO J188.4097+09.1789,188.40969627,9.17885921,0.0613900013267993,0.0613900013267993,1,0,1,0,0,0,-999.0,-999.0,19.827899932861328,0.0595269985496997,-999.0,-999.0,-999.0,-999.0,-999.0,-999.0,-999.0,-999.0,19.149799346923828,0.0244900006800889,-999.0,-999.0,-999.0,-999.0,-999.0,-999.0,-999.0,-999.0,19.367700576782227,0.0595269985496997,-999.0,-999.0,-999.0,-999.0,-999.0,-999.0
Pan-STARRS1 DR2 MeanObject,119011884099354676,PSO J188.4099+09.1785,188.40990478,9.17848662,119011884099354676,PSO J188.4099+09.1785,188.40990478,9.17848662,0.017170000821352,0.017170000821352,1,0,0,1,0,0,-999.0,-999.0,-999.0,-999.0,18.47100067138672,0.0083529995754361,-999.0,-999.0,-999.0,-999.0,-999.0,-999.0,-999.0,-999.0,19.07550048828125,0.0269019994884729,-999.0,-999.0,-999.0,-999.0,-999.0,-999.0,-999.0,-999.0,19.009300231933597,0.0083529995754361,-999.0,-999.0,-999.0,-999.0
Pan-STARRS1 DR2 MeanObject,119011884102466678,PSO J188.4102+09.1802,188.41023653,9.18017915,119011884102466678,PSO J188.4102+09.1802,188.41023653,9.18017915,0.0957999974489212,0.0957999974489212,1,0,0,1,0,0,-999.0,-999.0,-999.0,-999.0,20.56170082092285,0.0946170017123222,-999.0,-999.0,-999.0,-999.0,-999.0,-999.0,-999.0,-999.0,18.76609992980957,0.0362429991364479,-999.0,-999.0,-999.0,-999.0,-999.0,-999.0,-999.0,-999.0,19.550199508666992,0.0946170017123222,-999.0,-999.0,-999.0,-999.0
Pan-STARRS1 DR2 MeanObject,119011884105095357,PSO J188.4105+09.1791,188.41049855,9.17907707,119011884105095357,PSO J188.4105+09.1791,188.41049855,9.17907707,0.0557899996638298,0.0557899996638298,1,0,0,1,0,0,-999.0,-999.0,-999.0,-999.0,19.69820022583008,0.0537329986691474,-999.0,-999.0,-999.0,-999.0,-999.0,-999.0,-999.0,-999.0,-999.0,-999.0,-999.0,-999.0,-999.0,-999.0,-999.0,-999.0,-999.0,-999.0,19.27359962463379,0.0537329986691474,-999.0,-999.0,-999.0,-999.0
Pan-STARRS1 DR2 MeanObject,119011884113205200,PSO J188.4113+09.1789,188.41132029,9.17893696,119011884113205200,PSO J188.4113+09.1789,188.41132029,9.17893696,-999.0,-999.0,1,0,1,0,0,0,-999.0,-999.0,-999.0,-999.0,-999.0,-999.0,-999.0,-999.0,-999.0,-999.0,-999.0,-999.0,19.9197998046875,0.0404519997537136,-999.0,-999.0,-999.0,-999.0,-999.0,-999.0,-999.0,-999.0,-999.0,-999.0,-999.0,-999.0,-999.0,-999.0,-999.0,-999.0
Pan-STARRS1 DR2 MeanObject,119011884113508656,PSO J188.4113+09.1818,188.4113123,9.18181565,119011884113508656,PSO J188.4113+09.1818,188.4113123,9.18181565,0.162770003080368,0.162770003080368,1,0,0,1,0,0,-999.0,-999.0,-999.0,-999.0,21.409299850463867,0.1620730012655258,-999.0,-999.0,-999.0,-999.0,-999.0,-999.0,-999.0,-999.0,20.27630043029785,0.1460700035095214,-999.0,-999.0,-999.0,-999.0,-999.0,-999.0,-999.0,-999.0,20.460899353027344,0.1620730012655258,-999.0,-999.0,-999.0,-999.0
Pan-STARRS1 DR2 MeanObject,119011884116793578,PSO J188.4116+09.1776,188.41163626,9.17756292,119011884116793578,PSO J188.4116+09.1776,188.41163626,9.17756292,0.3173100054264068,0.3173100054264068,1,0,1,0,0,0,-999.0,-999.0,20.909500122070312,0.3169580101966858,-999.0,-999.0,-999.0,-999.0,-999.0,-999.0,-999.0,-999.0,19.65080070495605,0.2533900141716003,-999.0,-999.0,-999.0,-999.0,-999.0,-999.0,-999.0,-999.0,19.59320068359375,0.3169580101966858,-999.0,-999.0,-999.0,-999.0,-999.0,-999.0
Pan-STARRS1 DR2 MeanObject,119011884125678934,PSO J188.4126+09.1820,188.41256753,9.18204877,119011884125678934,PSO J188.4126+09.1820,188.41256753,9.18204877,-999.0,-999.0,1,0,0,1,0,0,-999.0,-999.0,-999.0,-999.0,-999.0,-999.0,-999.0,-999.0,-999.0,-999.0,-999.0,-999.0,-999.0,-999.0,20.01799964904785,0.0906990021467208,-999.0,-999.0,-999.0,-999.0,-999.0,-999.0,-999.0,-999.0,-999.0,-999.0,-999.0,-999.0,-999.0,-999.0
Pan-STARRS1 DR2 MeanObject,119011884128554496,PSO J188.4129+09.1784,188.41285509,9.17835043,119011884128554496,PSO J188.4129+09.1784,188.41285509,9.17835043,-999.0,-999.0,1,1,0,0,0,0,-999.0,-999.0,-999.0,-999.0,-999.0,-999.0,-999.0,-999.0,-999.0,-999.0,19.268400192260746,0.0280949994921684,-999.0,-999.0,-999.0,-999.0,-999.0,-999.0,-999.0,-999.0,-999.0,-999.0,-999.0,-999.0,-999.0,-999.0,-999.0,-999.0,-999.0,-999.0
Pan-STARRS1 DR2 MeanObject,119011884130403884,PSO J188.4130+09.1778,188.41304073,9.17784029,119011884130403884,PSO J188.4130+09.1778,188.41304073,9.17784029,-999.0,-999.0,1,0,1,0,0,0,-999.0,-999.0,-999.0,-999.0,-999.0,-999.0,-999.0,-999.0,-999.0,-999.0,-999.0,-999.0,-999.0,-999.0,-999.0,-999.0,-999.0,-999.0,-999.0,-999.0,-999.0,-999.0,-999.0,-999.0,-999.0,-999.0,-999.0,-999.0,-999.0,-999.0
Pan-STARRS1 DR2 MeanObject,119011884131854409,PSO J188.4132+09.1783,188.41317723,9.17829789,119011884131854409,PSO J188.4132+09.1783,188.41317723,9.17829789,0.2872599959373474,0.2872599959373474,1,1,0,0,0,0,21.9862003326416,0.2868649959564209,-999.0,-999.0,-999.0,-999.0,-999.0,-999.0,-999.0,-999.0,-999.0,-999.0,-999.0,-999.0,-999.0,-999.0,-999.0,-999.0,-999.0,-999.0,19.421600341796875,0.2868649959564209,-999.0,-999.0,-999.0,-999.0,-999.0,-999.0,-999.0,-999.0
Pan-STARRS1 DR2 MeanObject,119011884133557348,PSO J188.4133+09.1808,188.4133391471723,9.180792473918997,119011884133557348,PSO J188.4133+09.1808,188.4133391471723,9.180792473918997,0.0231516307799539,0.0231516307799539,15,6,5,2,2,0,21.09830093383789,0.163559004664421,24.375600814819336,0.0918359979987144,-999.0,-999.0,20.93409919738769,0.0577309988439083,-999.0,-999.0,19.100400924682617,9.000000318337698e-06,19.08580017089844,0.1588979959487915,17.285200119018555,1.999999994950485e-06,-999.0,-999.0,-999.0,-999.0,19.913799285888672,0.1114910021424293,19.855600357055664,0.049015000462532,-999.0,-999.0,19.769800186157227,0.0001180000035674,-999.0,-999.0
Pan-STARRS1 DR2 MeanObject,119011884135440711,PSO J188.4135+09.1752,188.41351238,9.1751733,119011884135440711,PSO J188.4135+09.1752,188.41351238,9.1751733,0.0458800010383129,0.0458800010383129,1,0,0,0,1,0,-999.0,-999.0,-999.0,-999.0,-999.0,-999.0,18.52280044555664,0.0433540008962154,-999.0,-999.0,-999.0,-999.0,-999.0,-999.0,-999.0,-999.0,15.849300384521484,0.0204579997807741,-999.0,-999.0,-999.0,-999.0,-999.0,-999.0,-999.0,-999.0,17.199399948120117,0.0433540008962154,-999.0,-999.0
Pan-STARRS1 DR2 MeanObject,119011884150910487,PSO J188.4151+09.1750,188.41506942,9.17500197,119011884150910487,PSO J188.4151+09.1750,188.41506942,9.17500197,0.0209500007331371,0.0209500007331371,3,2,1,0,0,0,18.782100677490234,0.0146199995651841,-999.0,-999.0,-999.0,-999.0,-999.0,-999.0,-999.0,-999.0,15.235199928283691,0.0078400000929832,15.5600004196167,0.0033179998863488,-999.0,-999.0,-999.0,-999.0,-999.0,-999.0,17.414100646972656,0.0146199995651841,-999.0,-999.0,-999.0,-999.0,-999.0,-999.0,-999.0,-999.0
Pan-STARRS1 DR2 MeanObject,119011884155120478,PSO J188.4154+09.1750,188.4154459757863,9.175010054423591,119011884155120478,PSO J188.4154+09.1750,188.4154459757863,9.175010054423591,0.0006381748406269,0.0006381748406269,91,15,21,22,12,21,18.572599411010746,0.0342199988663196,17.710800170898438,0.0993110015988349,17.683500289916992,0.0632629990577697,17.71470069885254,0.0854530036449432,17.224300384521484,0.051316998898983,14.447999954223633,0.1125959977507591,12.99209976196289,0.0294189993292093,12.589200019836426,0.0215530004352331,12.593899726867676,0.0500090010464191,12.803400039672852,0.0147519996389746,17.363800048828125,0.0435470007359981,16.371599197387695,0.0501249991357326,16.366500854492188,0.0939769968390464,16.38409996032715,0.068302996456623,15.952500343322754,0.0369380004703998
Pan-STARRS1 DR2 MeanObject,119011884155827916,PSO J188.4156+09.1812,188.41555099,9.18118859,119011884155827916,PSO J188.4156+09.1812,188.41555099,9.18118859,0.018190000206232,0.018190000206232,1,0,0,0,0,1,-999.0,-999.0,-999.0,-999.0,-999.0,-999.0,-999.0,-999.0,16.888200759887695,0.0102890003472566,-999.0,-999.0,-999.0,-999.0,-999.0,-999.0,-999.0,-999.0,17.463199615478516,0.0418549999594688,-999.0,-999.0,-999.0,-999.0,-999.0,-999.0,-999.0,-999.0,17.502500534057617,0.0102890003472566
Pan-STARRS1 DR2 MeanObject,119011884156460817,PSO J188.4156+09.1752,188.41555642,9.17515983,119011884156460817,PSO J188.4156+09.1752,188.41555642,9.17515983,0.0166999995708465,0.0166999995708465,3,2,0,0,1,0,17.23979949951172,0.0072499997913837,-999.0,-999.0,-999.0,-999.0,21.938899993896484,-999.0,-999.0,-999.0,14.704700469970703,0.0065640001557767,-999.0,-999.0,-999.0,-999.0,12.522100448608398,0.0026920000091195,-999.0,-999.0,16.043500900268555,0.0072499997913837,-999.0,-999.0,-999.0,-999.0,17.018600463867188,0.7145000100135803,-999.0,-999.0
Pan-STARRS1 DR2 MeanObject,119011884160603055,PSO J188.4161+09.1771,188.41606027,9.1771494,119011884160603055,PSO J188.4161+09.1771,188.41606027,9.1771494,-999.0,-999.0,2,1,0,0,1,0,-999.0,-999.0,-999.0,-999.0,-999.0,-999.0,-999.0,-999.0,-999.0,-999.0,15.565600395202637,0.0033909999765455,-999.0,-999.0,-999.0,-999.0,14.637200355529783,0.0042200000025331,-999.0,-999.0,-999.0,-999.0,-999.0,-999.0,-999.0,-999.0,-999.0,-999.0,-999.0,-999.0
Pan-STARRS1 DR2 MeanObject,119011884163153504,PSO J188.4163+09.1775,188.41631577,9.17752353,119011884163153504,PSO J188.4163+09.1775,188.41631577,9.17752353,-999.0,-999.0,3,1,1,1,0,0,-999.0,-999.0,-999.0,-999.0,-999.0,-999.0,-999.0,-999.0,-999.0,-999.0,14.75160026550293,0.0024580000899732,15.406299591064451,0.0040930001996457,13.70829963684082,0.0013239999534562,-999.0,-999.0,-999.0,-999.0,-999.0,-999.0,-999.0,-999.0,-999.0,-999.0,-999.0,-999.0,-999.0,-999.0
Pan-STARRS1 DR2 MeanObject,119011884164143979,PSO J188.4166+09.1781,188.4165693,9.17813095,119011884164143979,PSO J188.4166+09.1781,188.4165693,9.17813095,0.0010000000474974,0.0010000000474974,3,3,0,0,0,0,-999.0,-999.0,-999.0,-999.0,-999.0,-999.0,-999.0,-999.0,-999.0,-999.0,15.04640007019043,0.015982000157237,-999.0,-999.0,-999.0,-999.0,-999.0,-999.0,-999.0,-999.0,-999.0,-999.0,-999.0,-999.0,-999.0,-999.0,-999.0,-999.0,-999.0,-999.0
Pan-STARRS1 DR2 MeanObject,119011884164651668,PSO J188.4165+09.1757,188.4165425,9.17573911,119011884164651668,PSO J188.4165+09.1757,188.4165425,9.17573911,0.0010000000474974,0.0010000000474974,5,5,0,0,0,0,-999.0,-999.0,-999.0,-999.0,-999.0,-999.0,-999.0,-999.0,-999.0,-999.0,14.92199993133545,0.2499970048666,-999.0,-999.0,-999.0,-999.0,-999.0,-999.0,-999.0,-999.0,-999.0,-999.0,-999.0,-999.0,-999.0,-999.0,-999.0,-999.0,-999.0,-999.0
Pan-STARRS1 DR2 MeanObject,119011884165164364,PSO J188.4164+09.1784,188.416416,9.178379,119011884165164364,PSO J188.4164+09.1784,188.416416,9.178379,0.0562000013887882,0.0562000013887882,8,8,0,0,0,0,-999.0,-999.0,15.338000297546388,-999.0,15.390000343322754,-999.0,15.461000442504885,-999.0,15.59000015258789,-999.0,14.064900398254396,0.0904939994215965,-999.0,-999.0,-999.0,-999.0,-999.0,-999.0,-999.0,-999.0,-999.0,-999.0,-999.0,-999.0,-999.0,-999.0,-999.0,-999.0,-999.0,-999.0
Pan-STARRS1 DR2 MeanObject,119011884166494694,PSO J188.4166+09.1785,188.41663509,9.1784579,119011884166494694,PSO J188.4166+09.1785,188.41663509,9.1784579,0.0010000000474974,0.0010000000474974,1,1,0,0,0,0,-999.0,-999.0,-999.0,-999.0,-999.0,-999.0,-999.0,-999.0,-999.0,-999.0,15.15019989013672,0.0030650000553578,-999.0,-999.0,-999.0,-999.0,-999.0,-999.0,-999.0,-999.0,-999.0,-999.0,-999.0,-999.0,-999.0,-999.0,-999.0,-999.0,-999.0,-999.0
Pan-STARRS1 DR2 MeanObject,119011884169150549,PSO J188.4169+09.1751,188.41691501,9.17506128,119011884169150549,PSO J188.4169+09.1751,188.41691501,9.17506128,-999.0,-999.0,1,1,0,0,0,0,-999.0,-999.0,-999.0,-999.0,-999.0,-999.0,-999.0,-999.0,-999.0,-999.0,-999.0,-999.0,-999.0,-999.0,-999.0,-999.0,-999.0,-999.0,-999.0,-999.0,-999.0,-999.0,-999.0,-999.0,-999.0,-999.0,-999.0,-999.0,-999.0,-999.0
Pan-STARRS1 DR2 MeanObject,119011884169971022,PSO J188.4170+09.1755,188.41699789,9.17545527,119011884169971022,PSO J188.4170+09.1755,188.41699789,9.17545527,-999.0,-999.0,1,0,1,0,0,0,-999.0,-999.0,-999.0,-999.0,-999.0,-999.0,-999.0,-999.0,-999.0,-999.0,-999.0,-999.0,12.795100212097168,0.0016909999540075,-999.0,-999.0,-999.0,-999.0,-999.0,-999.0,-999.0,-999.0,-999.0,-999.0,-999.0,-999.0,-999.0,-999.0,-999.0,-999.0
Pan-STARRS1 DR2 MeanObject,119011884172133615,PSO J188.4172+09.1776,188.4171880730456,9.177627359006346,119011884172133615,PSO J188.4172+09.1776,188.4171880730456,9.177627359006346,0.0012532026244687,0.0012532026244687,77,14,15,16,15,17,19.09630012512207,0.0330110006034374,18.345800399780277,0.1518269926309585,18.27680015563965,0.0646580010652542,19.711700439453125,0.2451159954071045,19.776899337768555,0.0907820016145706,13.867899894714355,0.0164960008114576,13.125699996948242,0.0338589996099472,12.749199867248535,0.0503479987382888,14.108599662780762,0.0461729988455772,12.991000175476074,0.0918029993772506,17.95870018005371,0.0450420007109642,16.958200454711914,0.1688240021467209,16.940399169921875,0.0908859968185424,17.52739906311035,0.0957019999623298,16.460500717163086,0.0751449987292289
Pan-STARRS1 DR2 MeanObject,119011884173195580,PSO J188.4173+09.1793,188.41731934,9.17925329,119011884173195580,PSO J188.4173+09.1793,188.41731934,9.17925329,-999.0,-999.0,2,2,0,0,0,0,-999.0,-999.0,-999.0,-999.0,-999.0,-999.0,-999.0,-999.0,-999.0,-999.0,15.091899871826172,0.0205140002071857,-999.0,-999.0,-999.0,-999.0,-999.0,-999.0,-999.0,-999.0,-999.0,-999.0,-999.0,-999.0,-999.0,-999.0,-999.0,-999.0,-999.0,-999.0
Pan-STARRS1 DR2 MeanObject,119011884173270355,PSO J188.4174+09.1747,188.4173591,9.1746907,119011884173270355,PSO J188.4174+09.1747,188.4173591,9.1746907,0.0402100011706352,0.0402100011706352,3,1,1,0,1,0,-999.0,-999.0,-999.0,-999.0,-999.0,-999.0,18.30150032043457,0.0373030006885528,-999.0,-999.0,14.661999702453612,0.0024959999136626,13.204299926757812,0.0015989999519661,-999.0,-999.0,-999.0,-999.0,-999.0,-999.0,-999.0,-999.0,-999.0,-999.0,-999.0,-999.0,17.507400512695312,0.0373030006885528,-999.0,-999.0
Pan-STARRS1 DR2 MeanObject,119011884173315702,PSO J188.4173+09.1794,188.41733164,9.17935561,119011884173315702,PSO J188.4173+09.1794,188.41733164,9.17935561,-999.0,-999.0,2,2,0,0,0,0,-999.0,-999.0,-999.0,-999.0,-999.0,-999.0,-999.0,-999.0,-999.0,-999.0,15.158300399780272,0.0450530014932155,-999.0,-999.0,-999.0,-999.0,-999.0,-999.0,-999.0,-999.0,-999.0,-999.0,-999.0,-999.0,-999.0,-999.0,-999.0,-999.0,-999.0,-999.0
Pan-STARRS1 DR2 MeanObject,119011884175281301,PSO J188.4175+09.1757,188.41752872,9.17568804,119011884175281301,PSO J188.4175+09.1757,188.41752872,9.17568804,-999.0,-999.0,1,0,1,0,0,0,-999.0,-999.0,-999.0,-999.0,-999.0,-999.0,-999.0,-999.0,-999.0,-999.0,-999.0,-999.0,17.85460090637207,0.013065000064671,-999.0,-999.0,-999.0,-999.0,-999.0,-999.0,-999.0,-999.0,-999.0,-999.0,-999.0,-999.0,-999.0,-999.0,-999.0,-999.0
Pan-STARRS1 DR2 MeanObject,119011884175621841,PSO J188.4176+09.1761,188.41756298,9.1761382,119011884175621841,PSO J188.4176+09.1761,188.41756298,9.1761382,-999.0,-999.0,1,0,1,0,0,0,-999.0,-999.0,-999.0,-999.0,-999.0,-999.0,-999.0,-999.0,-999.0,-999.0,-999.0,-999.0,13.140399932861328,0.0021619999315589,-999.0,-999.0,-999.0,-999.0,-999.0,-999.0,-999.0,-999.0,-999.0,-999.0,-999.0,-999.0,-999.0,-999.0,-999.0,-999.0
Pan-STARRS1 DR2 MeanObject,119011884175909653,PSO J188.4176+09.1826,188.4175768841136,9.18263381569524,119011884175909653,PSO J188.4176+09.1826,188.4175768841136,9.18263381569524,0.0047671857893818,0.0047671857893818,18,12,3,3,0,0,20.0004997253418,0.0255290009081363,19.58830070495605,7.000000096013537e-06,-999.0,-999.0,-999.0,-999.0,-999.0,-999.0,16.57159996032715,0.0821919962763786,15.57960033416748,9.999999974752427e-07,15.734299659729004,0.3067770004272461,-999.0,-999.0,-999.0,-999.0,18.67679977416992,0.0121259996667504,18.005300521850586,7.000000096013537e-06,-999.0,-999.0,-999.0,-999.0,-999.0,-999.0
Pan-STARRS1 DR2 MeanObject,119011884178641424,PSO J188.4179+09.1758,188.41786413,9.17579,119011884178641424,PSO J188.4179+09.1758,188.41786413,9.17579,-999.0,-999.0,1,1,0,0,0,0,-999.0,-999.0,-999.0,-999.0,-999.0,-999.0,-999.0,-999.0,-999.0,-999.0,15.100299835205078,0.0029949999880045,-999.0,-999.0,-999.0,-999.0,-999.0,-999.0,-999.0,-999.0,-999.0,-999.0,-999.0,-999.0,-999.0,-999.0,-999.0,-999.0,-999.0,-999.0
Pan-STARRS1 DR2 MeanObject,119011884180085639,PSO J188.4179+09.1794,188.41791843,9.1793569,119011884180085639,PSO J188.4179+09.1794,188.41791843,9.1793569,0.5458099842071533,0.5458099842071533,9,3,3,3,0,0,-999.0,-999.0,21.46699905395508,-999.0,-999.0,-999.0,-999.0,-999.0,-999.0,-999.0,14.74820041656494,0.1145929992198944,14.675299644470217,0.0104440003633499,13.931300163269045,0.0123410001397132,-999.0,-999.0,-999.0,-999.0,-999.0,-999.0,17.422800064086914,0.5456079840660095,-999.0,-999.0,-999.0,-999.0,-999.0,-999.0
Pan-STARRS1 DR2 MeanObject,119011884180182225,PSO J188.4180+09.1765,188.41801882,9.17645786,119011884180182225,PSO J188.4180+09.1765,188.41801882,9.17645786,-999.0,-999.0,1,1,0,0,0,0,-999.0,-999.0,-999.0,-999.0,-999.0,-999.0,-999.0,-999.0,-999.0,-999.0,14.999899864196776,0.0028399999719113,-999.0,-999.0,-999.0,-999.0,-999.0,-999.0,-999.0,-999.0,-999.0,-999.0,-999.0,-999.0,-999.0,-999.0,-999.0,-999.0,-999.0,-999.0
Pan-STARRS1 DR2 MeanObject,119011884181845032,PSO J188.4184+09.1789,188.41840746,9.1788701,119011884181845032,PSO J188.4184+09.1789,188.41840746,9.1788701,0.1770700067281723,0.1770700067281723,3,0,1,1,0,1,-999.0,-999.0,-999.0,-999.0,-999.0,-999.0,-999.0,-999.0,20.272600173950195,0.1764370054006576,-999.0,-999.0,14.811400413513184,0.0032770000398159,13.229299545288086,0.0015529999509453,-999.0,-999.0,18.65399932861328,0.1066579967737197,-999.0,-999.0,-999.0,-999.0,-999.0,-999.0,-999.0,-999.0,19.107999801635746,0.1764370054006576
Pan-STARRS1 DR2 MeanObject,119011884181861529,PSO J188.4182+09.1759,188.41815,9.17586772,119011884181861529,PSO J188.4182+09.1759,188.41815,9.17586772,0.2553099989891052,0.2553099989891052,5,2,1,1,1,0,22.27669906616211,0.2548640072345733,-999.0,-999.0,-999.0,-999.0,-999.0,-999.0,-999.0,-999.0,15.952400207519531,0.0041780001483857,13.770299911499023,0.0032440000213682,13.797200202941896,0.0017819999484345,14.296099662780762,0.0035240000579506,-999.0,-999.0,17.84779930114746,0.2548640072345733,-999.0,-999.0,-999.0,-999.0,-999.0,-999.0,-999.0,-999.0
