catalog,catalog_object_id,object_name,objid,ra,dec,type,clean,mode,run,rerun,camcol,field,psfMag_u,psfMagErr_u,psfMag_g,psfMagErr_g,psfMag_r,psfMagErr_r,psfMag_i,psfMagErr_i,psfMag_z,psfMagErr_z,modelMag_u,modelMagErr_u,modelMag_g,modelMagErr_g,modelMag_r,modelMagErr_r,modelMag_i,modelMagErr_i,modelMag_z,modelMagErr_z,petroMag_u,petroMagErr_u,petroMag_g,petroMagErr_g,petroMag_r,petroMagErr_r,petroMag_i,petroMagErr_i,petroMag_z,petroMagErr_z
SDSS DR18 PhotoObj,1237658491746123833,SDSS J188.416419+9.178087,1237658491746123833,188.41641857113,9.17808691576242,6,1,1,3031,301,2,454,24.63493,1.928268,22.42361,0.311016,21.9693,0.2895322,22.44895,0.4850646,22.68821,0.4484057,24.63467,1.279644,22.40101,0.1769608,21.92868,0.1513373,22.39972,0.3105955,22.67356,0.7047743,24.6349,3.155661,22.65897,0.7173033,22.09665,0.6655,22.46701,1.230402,22.69187,1.817773
SDSS DR18 PhotoObj,1237658491746123852,SDSS J188.418294+9.176370,1237658491746123852,188.418293930145,9.17637039610407,6,0,1,3031,301,2,454,23.97305,1.533128,21.10842,0.1414831,22.46526,0.4573199,21.67151,0.2776136,20.66924,0.2936166,23.96856,1.37678,21.00606,0.05866894,22.35119,0.2509588,21.55121,0.1631394,20.53666,0.1894918,24.22072,2.972443,21.11858,0.5682861,22.48206,1.118319,21.65434,0.7628825,20.62037,0.7711491
SDSS DR18 PhotoObj,1237658491746123828,SDSS J188.419091+9.177988,1237658491746123828,188.419091243049,9.17798796932429,6,0,1,3031,301,2,454,21.99018,0.3982117,21.13877,0.205546,21.09978,0.235847,20.67108,0.1899941,20.8555,0.3298518,22.005,0.2544468,21.10672,0.05740436,21.04824,0.06922486,20.63411,0.06474575,20.83121,0.2240114,22.34642,0.8740315,21.34346,0.4539925,21.22683,0.5337989,20.82815,0.4404612,21.04762,0.7754201
SDSS DR18 PhotoObj,1237658491746123836,SDSS J188.419872+9.178437,1237658491746123836,188.419872420686,9.17843718663671,6,1,1,3031,301,2,454,21.8035,0.2827131,21.86993,0.2086253,21.13692,0.1392049,21.81143,0.318424,21.74569,0.5383006,21.81788,0.2093733,21.84595,0.1021457,21.09377,0.06854356,21.77195,0.1696717,21.72912,0.4455934,22.19974,0.6305281,22.15259,0.4860274,21.27793,0.3117241,22.0457,0.7795148,21.91501,1.281215
SDSS DR18 PhotoObj,1237658491746123835,SDSS J188.420342+9.180519,1237658491746123835,188.420341604277,9.18051854139887,6,1,1,3031,301,2,454,22.17108,0.3765056,20.68628,0.111199,20.80611,0.1332965,21.08808,0.1747767,20.91599,0.3244414,22.17402,0.2906803,20.64471,0.03868029,20.74669,0.05235902,21.0383,0.09020253,20.88131,0.2303563,22.55228,0.8628849,20.85357,0.2398185,20.90386,0.2994322,21.22228,0.4063886,21.1856,0.8350561
SDSS DR18 PhotoObj,1237658491746123837,SDSS J188.420421+9.179987,1237658491746123837,188.420420699973,9.1799870395731,3,1,1,3031,301,2,454,21.23604,0.1745417,20.45533,0.09546308,20.47233,0.1034346,20.40904,0.1084443,20.42084,0.2170554,21.09219,0.1282704,20.18318,0.02992274,20.14608,0.03656804,20.09223,0.04683167,20.13712,0.1455662,21.35489,0.3784149,20.33082,0.1907768,20.25759,0.2116585,20.25018,0.2344224,20.39812,0.5285543
SDSS DR18 PhotoObj,1237658491746123867,SDSS J188.419973+9.179343,1237658491746123867,188.419972883324,9.17934345649794,6,0,1,3031,301,2,454,22.54519,0.5060421,22.02102,0.275282,22.72432,0.5868165,22.6929,0.7906289,22.82663,1.030879,22.54871,0.4103019,21.97519,0.1204125,22.66417,0.2861219,22.64182,0.3754582,22.8269,0.69923,22.92152,1.203573,22.16418,0.760596,22.83418,1.388101,22.83511,1.642954,22.82704,2.072815
SDSS DR18 PhotoObj,1237658491746123843,SDSS J188.420694+9.171423,1237658491746123843,188.420694105823,9.17142305672865,3,1,1,3031,301,2,454,22.04127,0.2826269,21.72651,0.1004753,21.32909,0.09702523,21.4324,0.1290413,21.26411,0.3803878,21.9955,0.2253644,21.52936,0.06480336,21.09606,0.06057827,21.17527,0.09300818,21.12977,0.2876535,22.45832,0.8069991,21.65738,0.2076933,21.1766,0.2066548,21.27206,0.275608,21.68191,1.311702
SDSS DR18 PhotoObj,1237658491746123826,SDSS J188.415457+9.175018,1237658491746123826,188.415457498259,9.1750178124731,3,0,1,3031,301,2,454,19.82723,0.03936101,18.82289,0.02236727,18.20526,0.0162676,17.78613,0.01667999,18.06518,0.02162318,13.97716,0.005080681,12.81332,0.002124692,12.15829,0.001922366,11.79653,0.001916106,11.62177,0.002892439,13.90807,0.01880775,12.66136,0.01621618,12.14879,0.01444536,11.92043,0.007016228,11.67113,0.01128768
SDSS DR18 PhotoObj,1237658491746123829,SDSS J188.414335+9.171795,1237658491746123829,188.414335476027,9.17179459747693,6,1,1,3031,301,2,454,23.20541,0.8549338,21.52228,0.2013039,20.67144,0.1193736,20.28057,0.1093405,19.8739,0.1535565,23.20167,0.7034892,21.50048,0.0825901,20.62901,0.04989833,20.24071,0.04766174,19.84807,0.09791602,23.59029,2.17812,21.75434,0.4587889,20.79877,0.2697856,20.40302,0.2450747,20.04074,0.3549374
SDSS DR18 PhotoObj,1237658491746123832,SDSS J188.412307+9.169821,1237658491746123832,188.412307023742,9.16982052648753,6,0,1,3031,301,2,454,24.63493,2.118143,22.61451,0.3289248,21.7634,0.2182939,21.01998,0.1599067,20.44687,0.2483397,24.63467,1.281386,22.61209,0.2069157,21.75043,0.1256324,21.01001,0.0890966,20.44873,0.1590634,24.63487,3.273252,22.91192,0.7559475,21.9191,0.4851108,21.17763,0.3545307,20.63663,0.56122
SDSS DR18 PhotoObj,1237658491746123869,SDSS J188.412332+9.171261,1237658491746123869,188.412331571178,9.17126064503967,6,0,1,3031,301,2,454,23.59657,1.159695,23.03816,0.5700811,22.09925,0.4443406,21.78864,0.4547788,21.54415,0.5247552,23.57969,1.028467,22.94347,0.3008609,21.95532,0.1645611,21.64573,0.1711749,21.42598,0.3983108,24.03924,2.638542,23.27158,1.472997,22.09841,1.088096,21.79327,1.110104,21.60466,1.425772
SDSS DR18 PhotoObj,1237658491746123831,SDSS J188.412535+9.170378,1237658491746123831,188.412535212833,9.17037764416157,6,1,1,3031,301,2,454,24.63493,2.146505,23.73031,0.6786072,21.42121,0.1417003,20.83889,0.1266822,20.50697,0.2414832,24.63467,1.299973,23.72651,0.5416182,21.40927,0.09450349,20.82643,0.07659644,20.50232,0.1679478,24.63488,3.343643,23.94357,1.618283,21.57629,0.3150381,20.98613,0.2790594,20.69221,0.5470515
SDSS DR18 PhotoObj,1237658491746123839,SDSS J188.412328+9.171703,1237658491746123839,188.412328089737,9.17170318060673,6,0,1,3031,301,2,454,23.6205,1.265198,22.69733,0.4221103,22.49479,0.4993588,22.60196,0.7366517,22.82663,1.047116,23.60453,0.9736421,22.65512,0.2325913,22.42538,0.2389672,22.54338,0.3590485,22.8269,0.7216763,23.94127,99.89767,22.90102,82.09045,22.57587,19.98751,22.76332,82.45112,22.82705,55.66724
