external_id,ra,dec,wd_subtype,star_truth_class,benchmark_id,truth_source,truth_quality
J000416.52+153146.9,1.068867,15.52972,DA,DA,WDSUB00001,LAMOST_DR5_GUO2022_VISUAL_WD_TYPE,PURE_DA_DB_LABEL
J000441.75+152841.1,1.1739757,15.478096,DA,DA,WDSUB00002,LAMOST_DR5_GUO2022_VISUAL_WD_TYPE,PURE_DA_DB_LABEL
J000622.61+010958.7,1.5942383,1.1663246,DA,DA,WDSUB00003,LAMOST_DR5_GUO2022_VISUAL_WD_TYPE,PURE_DA_DB_LABEL
J000633.57+031956.6,1.6398861,3.3323917,DA,DA,WDSUB00004,LAMOST_DR5_GUO2022_VISUAL_WD_TYPE,PURE_DA_DB_LABEL
J000707.62+011430.1,1.7817837,1.2417119,DA,DA,WDSUB00005,LAMOST_DR5_GUO2022_VISUAL_WD_TYPE,PURE_DA_DB_LABEL
J000746.89+082236.1,1.945404,8.376722,DA,DA,WDSUB00006,LAMOST_DR5_GUO2022_VISUAL_WD_TYPE,PURE_DA_DB_LABEL
J000747.61+195124.6,1.948394,19.856837,DA,DA,WDSUB00007,LAMOST_DR5_GUO2022_VISUAL_WD_TYPE,PURE_DA_DB_LABEL
J000852.45+183314.3,2.2185764,18.5539884,DA,DA,WDSUB00008,LAMOST_DR5_GUO2022_VISUAL_WD_TYPE,PURE_DA_DB_LABEL
J000954.74+463717.9,2.4781197,46.621656,DA,DA,WDSUB00009,LAMOST_DR5_GUO2022_VISUAL_WD_TYPE,PURE_DA_DB_LABEL
J000955.07+350231.2,2.4794847,35.042003,DA,DA,WDSUB00010,LAMOST_DR5_GUO2022_VISUAL_WD_TYPE,PURE_DA_DB_LABEL
J001024.81+193424.0,2.603381,19.5733454,DA,DA,WDSUB00011,LAMOST_DR5_GUO2022_VISUAL_WD_TYPE,PURE_DA_DB_LABEL
J001029.08+094532.2,2.621188,9.758958,DA,DA,WDSUB00012,LAMOST_DR5_GUO2022_VISUAL_WD_TYPE,PURE_DA_DB_LABEL
J001212.47+415411.0,3.0519943,41.903082,DA,DA,WDSUB00013,LAMOST_DR5_GUO2022_VISUAL_WD_TYPE,PURE_DA_DB_LABEL
J001306.21+005506.3,3.2759141,0.9184214,DA,DA,WDSUB00014,LAMOST_DR5_GUO2022_VISUAL_WD_TYPE,PURE_DA_DB_LABEL
J001518.26+362352.4,3.8261009,36.397902,DA,DA,WDSUB00015,LAMOST_DR5_GUO2022_VISUAL_WD_TYPE,PURE_DA_DB_LABEL
J001715.82+011311.2,4.3159236,1.2197833,DA,DA,WDSUB00016,LAMOST_DR5_GUO2022_VISUAL_WD_TYPE,PURE_DA_DB_LABEL
J001836.11+003151.1,4.6504622,0.5308753,DA,DA,WDSUB00017,LAMOST_DR5_GUO2022_VISUAL_WD_TYPE,PURE_DA_DB_LABEL
J001938.31+373321.1,4.9096339,37.555869,DA,DA,WDSUB00018,LAMOST_DR5_GUO2022_VISUAL_WD_TYPE,PURE_DA_DB_LABEL
J002122.14+001729.9,5.3422652,0.2916563,DA,DA,WDSUB00019,LAMOST_DR5_GUO2022_VISUAL_WD_TYPE,PURE_DA_DB_LABEL
J002202.58+333832.8,5.5107676,33.642456,DA,DA,WDSUB00020,LAMOST_DR5_GUO2022_VISUAL_WD_TYPE,PURE_DA_DB_LABEL
J002250.50+420140.0,5.7104424,42.027801,DA,DA,WDSUB00021,LAMOST_DR5_GUO2022_VISUAL_WD_TYPE,PURE_DA_DB_LABEL
J002328.65+335147.3,5.8694051,33.863149,DA,DA,WDSUB00022,LAMOST_DR5_GUO2022_VISUAL_WD_TYPE,PURE_DA_DB_LABEL
J002349.63+480921.6,5.9568278,48.156015,DA,DA,WDSUB00023,LAMOST_DR5_GUO2022_VISUAL_WD_TYPE,PURE_DA_DB_LABEL
J002456.25+443502.0,6.234384,44.583915,DA,DA,WDSUB00024,LAMOST_DR5_GUO2022_VISUAL_WD_TYPE,PURE_DA_DB_LABEL
J002529.92+343618.0,6.3746757,34.605008,DA,DA,WDSUB00025,LAMOST_DR5_GUO2022_VISUAL_WD_TYPE,PURE_DA_DB_LABEL
J002634.40+353337.3,6.6433683,35.560364,DA,DA,WDSUB00026,LAMOST_DR5_GUO2022_VISUAL_WD_TYPE,PURE_DA_DB_LABEL
J002744.45+372139.7,6.935241,37.361038,DA,DA,WDSUB00027,LAMOST_DR5_GUO2022_VISUAL_WD_TYPE,PURE_DA_DB_LABEL
J002822.41+430406.3,7.0933989,43.06842,DA,DA,WDSUB00028,LAMOST_DR5_GUO2022_VISUAL_WD_TYPE,PURE_DA_DB_LABEL
J002841.50+313109.2,7.1729325,31.519229,DA,DA,WDSUB00029,LAMOST_DR5_GUO2022_VISUAL_WD_TYPE,PURE_DA_DB_LABEL
J002924.60+380322.3,7.3525298,38.05621,DA,DA,WDSUB00030,LAMOST_DR5_GUO2022_VISUAL_WD_TYPE,PURE_DA_DB_LABEL
J002952.73+441903.6,7.469728,44.317673,DA,DA,WDSUB00031,LAMOST_DR5_GUO2022_VISUAL_WD_TYPE,PURE_DA_DB_LABEL
J003045.79+273333.2,7.6908278,27.5592471,DA,DA,WDSUB00032,LAMOST_DR5_GUO2022_VISUAL_WD_TYPE,PURE_DA_DB_LABEL
J003109.84+352255.0,7.791034,35.381955,DA,DA,WDSUB00033,LAMOST_DR5_GUO2022_VISUAL_WD_TYPE,PURE_DA_DB_LABEL
J003156.77+274433.0,7.9865807,27.7425074,DA,DA,WDSUB00034,LAMOST_DR5_GUO2022_VISUAL_WD_TYPE,PURE_DA_DB_LABEL
J003157.24+385001.5,7.9885311,38.833752,DA,DA,WDSUB00035,LAMOST_DR5_GUO2022_VISUAL_WD_TYPE,PURE_DA_DB_LABEL
J003213.89+380515.3,8.0579068,38.087591,DA,DA,WDSUB00036,LAMOST_DR5_GUO2022_VISUAL_WD_TYPE,PURE_DA_DB_LABEL
J003224.24+363120.3,8.1010069,36.522307,DA,DA,WDSUB00037,LAMOST_DR5_GUO2022_VISUAL_WD_TYPE,PURE_DA_DB_LABEL
J003250.27+334552.3,8.2094627,33.764537,DA,DA,WDSUB00038,LAMOST_DR5_GUO2022_VISUAL_WD_TYPE,PURE_DA_DB_LABEL
J003301.65+275252.2,8.2569126,27.8811682,DA,DA,WDSUB00039,LAMOST_DR5_GUO2022_VISUAL_WD_TYPE,PURE_DA_DB_LABEL
J003303.06+444412.6,8.2627846,44.736843,DA,DA,WDSUB00040,LAMOST_DR5_GUO2022_VISUAL_WD_TYPE,PURE_DA_DB_LABEL
J003422.83+403321.8,8.595151,40.556056,DA,DA,WDSUB00041,LAMOST_DR5_GUO2022_VISUAL_WD_TYPE,PURE_DA_DB_LABEL
J003515.90+362104.8,8.8162865,36.351361,DA,DA,WDSUB00042,LAMOST_DR5_GUO2022_VISUAL_WD_TYPE,PURE_DA_DB_LABEL
J003651.42+381834.0,9.2142894,38.309447,DA,DA,WDSUB00043,LAMOST_DR5_GUO2022_VISUAL_WD_TYPE,PURE_DA_DB_LABEL
J003851.17+390144.1,9.7132377,39.028921,DA,DA,WDSUB00044,LAMOST_DR5_GUO2022_VISUAL_WD_TYPE,PURE_DA_DB_LABEL
J003956.63+422929.4,9.9859839,42.491519,DA,DA,WDSUB00045,LAMOST_DR5_GUO2022_VISUAL_WD_TYPE,PURE_DA_DB_LABEL
J004007.81+012153.6,10.0325813,1.3648966,DA,DA,WDSUB00046,LAMOST_DR5_GUO2022_VISUAL_WD_TYPE,PURE_DA_DB_LABEL
J004110.37+392310.0,10.293215,39.386128,DA,DA,WDSUB00047,LAMOST_DR5_GUO2022_VISUAL_WD_TYPE,PURE_DA_DB_LABEL
J004127.78+032906.6,10.36575,3.485183,DA,DA,WDSUB00048,LAMOST_DR5_GUO2022_VISUAL_WD_TYPE,PURE_DA_DB_LABEL
J004148.24+491531.7,10.451009,49.258817,DA,DA,WDSUB00049,LAMOST_DR5_GUO2022_VISUAL_WD_TYPE,PURE_DA_DB_LABEL
J004159.18+362352.4,10.496604,36.397891,DA,DA,WDSUB00050,LAMOST_DR5_GUO2022_VISUAL_WD_TYPE,PURE_DA_DB_LABEL
J004300.05+392017.4,10.750221,39.338193,DA,DA,WDSUB00051,LAMOST_DR5_GUO2022_VISUAL_WD_TYPE,PURE_DA_DB_LABEL
J004600.28+393439.6,11.501177,39.577689,DA,DA,WDSUB00052,LAMOST_DR5_GUO2022_VISUAL_WD_TYPE,PURE_DA_DB_LABEL
J004617.25+391255.9,11.571914,39.215528,DA,DA,WDSUB00053,LAMOST_DR5_GUO2022_VISUAL_WD_TYPE,PURE_DA_DB_LABEL
J004642.17+391519.1,11.675745,39.255315,DA,DA,WDSUB00054,LAMOST_DR5_GUO2022_VISUAL_WD_TYPE,PURE_DA_DB_LABEL
J004643.78+362608.3,11.682441,36.435641,DA,DA,WDSUB00055,LAMOST_DR5_GUO2022_VISUAL_WD_TYPE,PURE_DA_DB_LABEL
J004813.61+023352.1,12.0567171,2.564477,DA,DA,WDSUB00056,LAMOST_DR5_GUO2022_VISUAL_WD_TYPE,PURE_DA_DB_LABEL
J004858.11+370800.8,12.242147,37.133558,DA,DA,WDSUB00057,LAMOST_DR5_GUO2022_VISUAL_WD_TYPE,PURE_DA_DB_LABEL
J004912.04+384129.8,12.300193,38.691634,DA,DA,WDSUB00058,LAMOST_DR5_GUO2022_VISUAL_WD_TYPE,PURE_DA_DB_LABEL
J004917.51+395646.5,12.322979,39.946257,DA,DA,WDSUB00059,LAMOST_DR5_GUO2022_VISUAL_WD_TYPE,PURE_DA_DB_LABEL
J005052.54+401100.3,12.718931,40.183422,DA,DA,WDSUB00060,LAMOST_DR5_GUO2022_VISUAL_WD_TYPE,PURE_DA_DB_LABEL
J005124.23+033903.9,12.8509815,3.6510963,DA,DA,WDSUB00061,LAMOST_DR5_GUO2022_VISUAL_WD_TYPE,PURE_DA_DB_LABEL
J005313.66+392705.2,13.306947,39.451458,DA,DA,WDSUB00062,LAMOST_DR5_GUO2022_VISUAL_WD_TYPE,PURE_DA_DB_LABEL
J005417.62+081336.7,13.573425,8.2268778,DA,DA,WDSUB00063,LAMOST_DR5_GUO2022_VISUAL_WD_TYPE,PURE_DA_DB_LABEL
J005510.53+010838.4,13.793902,1.144006,DA,DA,WDSUB00064,LAMOST_DR5_GUO2022_VISUAL_WD_TYPE,PURE_DA_DB_LABEL
J005657.59+075709.2,14.2399856,7.9525595,DA,DA,WDSUB00065,LAMOST_DR5_GUO2022_VISUAL_WD_TYPE,PURE_DA_DB_LABEL
J005808.87+345313.2,14.536975,34.887015,DA,DA,WDSUB00066,LAMOST_DR5_GUO2022_VISUAL_WD_TYPE,PURE_DA_DB_LABEL
J005851.42+063909.0,14.714259,6.6525077,DA,DA,WDSUB00067,LAMOST_DR5_GUO2022_VISUAL_WD_TYPE,PURE_DA_DB_LABEL
J010129.52+003717.0,15.373032,0.6213935,DA,DA,WDSUB00068,LAMOST_DR5_GUO2022_VISUAL_WD_TYPE,PURE_DA_DB_LABEL
J010332.42+333149.8,15.885106,33.530525,DA,DA,WDSUB00069,LAMOST_DR5_GUO2022_VISUAL_WD_TYPE,PURE_DA_DB_LABEL
J010348.87+061505.7,15.95366,6.251604,DA,DA,WDSUB00070,LAMOST_DR5_GUO2022_VISUAL_WD_TYPE,PURE_DA_DB_LABEL
J010348.88+061506.1,15.9537077,6.2517109,DA,DA,WDSUB00071,LAMOST_DR5_GUO2022_VISUAL_WD_TYPE,PURE_DA_DB_LABEL
J010350.11+050432.5,15.95882,5.0757,DA,DA,WDSUB00072,LAMOST_DR5_GUO2022_VISUAL_WD_TYPE,PURE_DA_DB_LABEL
J010419.28+381654.8,16.080366,38.281898,DA,DA,WDSUB00073,LAMOST_DR5_GUO2022_VISUAL_WD_TYPE,PURE_DA_DB_LABEL
J010419.29+381654.7,16.080385,38.281879,DA,DA,WDSUB00074,LAMOST_DR5_GUO2022_VISUAL_WD_TYPE,PURE_DA_DB_LABEL
J010441.30+094942.4,16.1720963,9.8284454,DA,DA,WDSUB00075,LAMOST_DR5_GUO2022_VISUAL_WD_TYPE,PURE_DA_DB_LABEL
J010458.48+474020.3,16.243701,47.672321,DA,DA,WDSUB00076,LAMOST_DR5_GUO2022_VISUAL_WD_TYPE,PURE_DA_DB_LABEL
J010539.14+321846.6,16.413084,32.312956,DA,DA,WDSUB00077,LAMOST_DR5_GUO2022_VISUAL_WD_TYPE,PURE_DA_DB_LABEL
J010602.95+004717.4,16.512331,0.7881796,DA,DA,WDSUB00078,LAMOST_DR5_GUO2022_VISUAL_WD_TYPE,PURE_DA_DB_LABEL
J010637.06+014502.4,16.654437,1.750692,DA,DA,WDSUB00079,LAMOST_DR5_GUO2022_VISUAL_WD_TYPE,PURE_DA_DB_LABEL
J010654.10+393056.9,16.725451,39.515828,DA,DA,WDSUB00080,LAMOST_DR5_GUO2022_VISUAL_WD_TYPE,PURE_DA_DB_LABEL
J010724.01+451732.0,16.850069,45.292229,DA,DA,WDSUB00081,LAMOST_DR5_GUO2022_VISUAL_WD_TYPE,PURE_DA_DB_LABEL
J010811.33+022144.5,17.047227,2.3623876,DA,DA,WDSUB00082,LAMOST_DR5_GUO2022_VISUAL_WD_TYPE,PURE_DA_DB_LABEL
J010837.50+315604.2,17.156271,31.934505,DA,DA,WDSUB00083,LAMOST_DR5_GUO2022_VISUAL_WD_TYPE,PURE_DA_DB_LABEL
J010852.77+165838.8,17.2198958,16.97745,DA,DA,WDSUB00084,LAMOST_DR5_GUO2022_VISUAL_WD_TYPE,PURE_DA_DB_LABEL
J010935.64+022031.2,17.3985152,2.3420029,DA,DA,WDSUB00085,LAMOST_DR5_GUO2022_VISUAL_WD_TYPE,PURE_DA_DB_LABEL
J010941.46+343509.4,17.422761,34.585961,DA,DA,WDSUB00086,LAMOST_DR5_GUO2022_VISUAL_WD_TYPE,PURE_DA_DB_LABEL
J010955.01+462442.9,17.479237,46.41192,DA,DA,WDSUB00087,LAMOST_DR5_GUO2022_VISUAL_WD_TYPE,PURE_DA_DB_LABEL
J011000.39+332441.2,17.501636,33.411465,DA,DA,WDSUB00088,LAMOST_DR5_GUO2022_VISUAL_WD_TYPE,PURE_DA_DB_LABEL
J011011.77+270104.5,17.549078,27.017925,DA,DA,WDSUB00089,LAMOST_DR5_GUO2022_VISUAL_WD_TYPE,PURE_DA_DB_LABEL
J011023.82+075609.4,17.5992586,7.9359622,DA,DA,WDSUB00090,LAMOST_DR5_GUO2022_VISUAL_WD_TYPE,PURE_DA_DB_LABEL
J011025.63+172840.7,17.6068041,17.4779889,DA,DA,WDSUB00091,LAMOST_DR5_GUO2022_VISUAL_WD_TYPE,PURE_DA_DB_LABEL
J011250.34+343847.4,18.209759,34.6465,DA,DA,WDSUB00092,LAMOST_DR5_GUO2022_VISUAL_WD_TYPE,PURE_DA_DB_LABEL
J011312.48+342852.7,18.302006,34.481319,DA,DA,WDSUB00093,LAMOST_DR5_GUO2022_VISUAL_WD_TYPE,PURE_DA_DB_LABEL
J011350.05+031503.9,18.458581,3.2511036,DA,DA,WDSUB00094,LAMOST_DR5_GUO2022_VISUAL_WD_TYPE,PURE_DA_DB_LABEL
J011406.82+475034.0,18.528434,47.842785,DA,DA,WDSUB00095,LAMOST_DR5_GUO2022_VISUAL_WD_TYPE,PURE_DA_DB_LABEL
J011419.57+075536.1,18.58157,7.9267,DA,DA,WDSUB00096,LAMOST_DR5_GUO2022_VISUAL_WD_TYPE,PURE_DA_DB_LABEL
J011444.35+352434.1,18.684796,35.409497,DA,DA,WDSUB00097,LAMOST_DR5_GUO2022_VISUAL_WD_TYPE,PURE_DA_DB_LABEL
J011508.21+352419.6,18.784242,35.405461,DA,DA,WDSUB00098,LAMOST_DR5_GUO2022_VISUAL_WD_TYPE,PURE_DA_DB_LABEL
J011522.02+321314.8,18.841785,32.220802,DA,DA,WDSUB00099,LAMOST_DR5_GUO2022_VISUAL_WD_TYPE,PURE_DA_DB_LABEL
J011634.44+312852.4,19.143521,31.481236,DA,DA,WDSUB00100,LAMOST_DR5_GUO2022_VISUAL_WD_TYPE,PURE_DA_DB_LABEL
J011634.44+312852.5,19.143506,31.481256,DA,DA,WDSUB00101,LAMOST_DR5_GUO2022_VISUAL_WD_TYPE,PURE_DA_DB_LABEL
J011647.92+312845.5,19.199699,31.479317,DA,DA,WDSUB00102,LAMOST_DR5_GUO2022_VISUAL_WD_TYPE,PURE_DA_DB_LABEL
J011658.82-031054.4,19.2451108,-3.1817853,DA,DA,WDSUB00103,LAMOST_DR5_GUO2022_VISUAL_WD_TYPE,PURE_DA_DB_LABEL
J011704.88+323855.0,19.270354,32.648628,DA,DA,WDSUB00104,LAMOST_DR5_GUO2022_VISUAL_WD_TYPE,PURE_DA_DB_LABEL
J011721.33+311650.9,19.338896,31.280816,DA,DA,WDSUB00105,LAMOST_DR5_GUO2022_VISUAL_WD_TYPE,PURE_DA_DB_LABEL
J011739.77+313055.7,19.415731,31.515481,DA,DA,WDSUB00106,LAMOST_DR5_GUO2022_VISUAL_WD_TYPE,PURE_DA_DB_LABEL
J011757.18+440349.6,19.488275,44.063798,DA,DA,WDSUB00107,LAMOST_DR5_GUO2022_VISUAL_WD_TYPE,PURE_DA_DB_LABEL
J011817.61+384249.3,19.5734,38.713713,DA,DA,WDSUB00108,LAMOST_DR5_GUO2022_VISUAL_WD_TYPE,PURE_DA_DB_LABEL
J011854.21+522713.6,19.725891,52.453804,DA,DA,WDSUB00109,LAMOST_DR5_GUO2022_VISUAL_WD_TYPE,PURE_DA_DB_LABEL
J011951.17+402159.8,19.963249,40.366638,DA,DA,WDSUB00110,LAMOST_DR5_GUO2022_VISUAL_WD_TYPE,PURE_DA_DB_LABEL
J012047.37+081724.4,20.197415,8.290133,DA,DA,WDSUB00111,LAMOST_DR5_GUO2022_VISUAL_WD_TYPE,PURE_DA_DB_LABEL
J012153.02+232317.9,20.4709538,23.3883057,DA,DA,WDSUB00112,LAMOST_DR5_GUO2022_VISUAL_WD_TYPE,PURE_DA_DB_LABEL
J012206.21+400953.2,20.525891,40.164784,DA,DA,WDSUB00113,LAMOST_DR5_GUO2022_VISUAL_WD_TYPE,PURE_DA_DB_LABEL
J012208.93+064430.3,20.537225,6.741753,DA,DA,WDSUB00114,LAMOST_DR5_GUO2022_VISUAL_WD_TYPE,PURE_DA_DB_LABEL
J012218.02+010749.7,20.575102,1.130474,DA,DA,WDSUB00115,LAMOST_DR5_GUO2022_VISUAL_WD_TYPE,PURE_DA_DB_LABEL
J012219.87+461746.6,20.582833,46.296297,DA,DA,WDSUB00116,LAMOST_DR5_GUO2022_VISUAL_WD_TYPE,PURE_DA_DB_LABEL
J012325.87+410141.5,20.8578,41.028204,DA,DA,WDSUB00117,LAMOST_DR5_GUO2022_VISUAL_WD_TYPE,PURE_DA_DB_LABEL
J012327.04+010822.7,20.862704,1.1396663,DA,DA,WDSUB00118,LAMOST_DR5_GUO2022_VISUAL_WD_TYPE,PURE_DA_DB_LABEL
J012334.85+452655.6,20.895224,45.44878,DA,DA,WDSUB00119,LAMOST_DR5_GUO2022_VISUAL_WD_TYPE,PURE_DA_DB_LABEL
J012350.73+474714.5,20.961379,47.787379,DA,DA,WDSUB00120,LAMOST_DR5_GUO2022_VISUAL_WD_TYPE,PURE_DA_DB_LABEL
J012412.93+361003.6,21.053893,36.167678,DA,DA,WDSUB00121,LAMOST_DR5_GUO2022_VISUAL_WD_TYPE,PURE_DA_DB_LABEL
J012459.09+310215.8,21.246211,31.037744,DA,DA,WDSUB00122,LAMOST_DR5_GUO2022_VISUAL_WD_TYPE,PURE_DA_DB_LABEL
J012500.57+181140.7,21.2524063,18.1946512,DA,DA,WDSUB00123,LAMOST_DR5_GUO2022_VISUAL_WD_TYPE,PURE_DA_DB_LABEL
J012501.91+322925.9,21.257964,32.490544,DA,DA,WDSUB00124,LAMOST_DR5_GUO2022_VISUAL_WD_TYPE,PURE_DA_DB_LABEL
J012529.36+304518.0,21.372347,30.755019,DA,DA,WDSUB00125,LAMOST_DR5_GUO2022_VISUAL_WD_TYPE,PURE_DA_DB_LABEL
J012553.96+333151.0,21.474874,33.530841,DA,DA,WDSUB00126,LAMOST_DR5_GUO2022_VISUAL_WD_TYPE,PURE_DA_DB_LABEL
J012615.84+302748.6,21.56604,30.4635,DA,DA,WDSUB00127,LAMOST_DR5_GUO2022_VISUAL_WD_TYPE,PURE_DA_DB_LABEL
J012755.09+093911.9,21.9795563,9.6533074,DA,DA,WDSUB00128,LAMOST_DR5_GUO2022_VISUAL_WD_TYPE,PURE_DA_DB_LABEL
J012833.86+135122.0,22.1411042,13.8561361,DA,DA,WDSUB00129,LAMOST_DR5_GUO2022_VISUAL_WD_TYPE,PURE_DA_DB_LABEL
J012942.73+422817.6,22.428061,42.471566,DA,DA,WDSUB00130,LAMOST_DR5_GUO2022_VISUAL_WD_TYPE,PURE_DA_DB_LABEL
J013005.95+271620.6,22.524816,27.272394,DA,DA,WDSUB00131,LAMOST_DR5_GUO2022_VISUAL_WD_TYPE,PURE_DA_DB_LABEL
J013032.02+022439.7,22.63344,2.4110372,DA,DA,WDSUB00132,LAMOST_DR5_GUO2022_VISUAL_WD_TYPE,PURE_DA_DB_LABEL
J013038.00-001317.2,22.65834,-0.2214641,DA,DA,WDSUB00133,LAMOST_DR5_GUO2022_VISUAL_WD_TYPE,PURE_DA_DB_LABEL
J013045.52-002011.2,22.689696,-0.3364703,DA,DA,WDSUB00134,LAMOST_DR5_GUO2022_VISUAL_WD_TYPE,PURE_DA_DB_LABEL
J013210.47+073724.3,23.043645,7.6234398,DA,DA,WDSUB00135,LAMOST_DR5_GUO2022_VISUAL_WD_TYPE,PURE_DA_DB_LABEL
J013213.22+052631.3,23.055115,5.442037,DA,DA,WDSUB00136,LAMOST_DR5_GUO2022_VISUAL_WD_TYPE,PURE_DA_DB_LABEL
J013217.83+293752.9,23.074316,29.631383,DA,DA,WDSUB00137,LAMOST_DR5_GUO2022_VISUAL_WD_TYPE,PURE_DA_DB_LABEL
J013250.67+234308.7,23.211126,23.719096,DA,DA,WDSUB00138,LAMOST_DR5_GUO2022_VISUAL_WD_TYPE,PURE_DA_DB_LABEL
J013323.42+242228.1,23.3475936,24.3744959,DA,DA,WDSUB00139,LAMOST_DR5_GUO2022_VISUAL_WD_TYPE,PURE_DA_DB_LABEL
J013440.94-010902.2,23.670586,-1.1506377,DA,DA,WDSUB00140,LAMOST_DR5_GUO2022_VISUAL_WD_TYPE,PURE_DA_DB_LABEL
J013447.54-013516.7,23.6981,-1.5879766,DA,DA,WDSUB00141,LAMOST_DR5_GUO2022_VISUAL_WD_TYPE,PURE_DA_DB_LABEL
J013517.64+572248.2,23.823522,57.380079,DA,DA,WDSUB00142,LAMOST_DR5_GUO2022_VISUAL_WD_TYPE,PURE_DA_DB_LABEL
J013518.23+065324.7,23.825995,6.8902109,DA,DA,WDSUB00143,LAMOST_DR5_GUO2022_VISUAL_WD_TYPE,PURE_DA_DB_LABEL
J013532.99+144556.1,23.88748,14.765593,DA,DA,WDSUB00144,LAMOST_DR5_GUO2022_VISUAL_WD_TYPE,PURE_DA_DB_LABEL
J013812.92+444251.6,24.55384,44.71434,DA,DA,WDSUB00145,LAMOST_DR5_GUO2022_VISUAL_WD_TYPE,PURE_DA_DB_LABEL
J013820.29+402754.7,24.584582,40.465221,DA,DA,WDSUB00146,LAMOST_DR5_GUO2022_VISUAL_WD_TYPE,PURE_DA_DB_LABEL
J013856.85+152741.4,24.73691,15.46151,DA,DA,WDSUB00147,LAMOST_DR5_GUO2022_VISUAL_WD_TYPE,PURE_DA_DB_LABEL
J013943.63+424521.0,24.931821,42.755841,DA,DA,WDSUB00148,LAMOST_DR5_GUO2022_VISUAL_WD_TYPE,PURE_DA_DB_LABEL
J014005.11+374042.4,25.021333,37.678464,DA,DA,WDSUB00149,LAMOST_DR5_GUO2022_VISUAL_WD_TYPE,PURE_DA_DB_LABEL
J014036.46+205616.9,25.1519336,20.9380397,DA,DA,WDSUB00150,LAMOST_DR5_GUO2022_VISUAL_WD_TYPE,PURE_DA_DB_LABEL
J001529.74+010521.1,3.8739236,1.0892034,DB,DB,WDSUB00151,LAMOST_DR5_GUO2022_VISUAL_WD_TYPE,PURE_DA_DB_LABEL
J002434.81+274205.8,6.145075,27.70162,DB,DB,WDSUB00152,LAMOST_DR5_GUO2022_VISUAL_WD_TYPE,PURE_DA_DB_LABEL
J003623.88+474719.7,9.099538,47.788806,DB,DB,WDSUB00153,LAMOST_DR5_GUO2022_VISUAL_WD_TYPE,PURE_DA_DB_LABEL
J010321.61+491330.5,15.840044,49.225157,DB,DB,WDSUB00154,LAMOST_DR5_GUO2022_VISUAL_WD_TYPE,PURE_DA_DB_LABEL
J010901.57+083354.6,17.256573,8.5651871,DB,DB,WDSUB00155,LAMOST_DR5_GUO2022_VISUAL_WD_TYPE,PURE_DA_DB_LABEL
J011332.85+410132.2,18.386888,41.025612,DB,DB,WDSUB00156,LAMOST_DR5_GUO2022_VISUAL_WD_TYPE,PURE_DA_DB_LABEL
J011535.51+004543.3,18.897971,0.7620351,DB,DB,WDSUB00157,LAMOST_DR5_GUO2022_VISUAL_WD_TYPE,PURE_DA_DB_LABEL
J012148.23-001053.0,20.450998,-0.1813945,DB,DB,WDSUB00158,LAMOST_DR5_GUO2022_VISUAL_WD_TYPE,PURE_DA_DB_LABEL
J013553.04+070315.0,23.971036,7.0541936,DB,DB,WDSUB00159,LAMOST_DR5_GUO2022_VISUAL_WD_TYPE,PURE_DA_DB_LABEL
J014200.46+073350.6,25.501922,7.5640776,DB,DB,WDSUB00160,LAMOST_DR5_GUO2022_VISUAL_WD_TYPE,PURE_DA_DB_LABEL
J023438.99+121959.5,38.662465,12.3331946,DB,DB,WDSUB00161,LAMOST_DR5_GUO2022_VISUAL_WD_TYPE,PURE_DA_DB_LABEL
J031238.51+183505.0,48.1604776,18.584748,DB,DB,WDSUB00162,LAMOST_DR5_GUO2022_VISUAL_WD_TYPE,PURE_DA_DB_LABEL
J033731.08+381813.5,54.379514,38.303774,DB,DB,WDSUB00163,LAMOST_DR5_GUO2022_VISUAL_WD_TYPE,PURE_DA_DB_LABEL
J034741.95+010823.8,56.92482,1.1399455,DB,DB,WDSUB00164,LAMOST_DR5_GUO2022_VISUAL_WD_TYPE,PURE_DA_DB_LABEL
J042130.97+203313.7,65.379049,20.553809,DB,DB,WDSUB00165,LAMOST_DR5_GUO2022_VISUAL_WD_TYPE,PURE_DA_DB_LABEL
J044510.26+371606.6,71.292752,37.268505,DB,DB,WDSUB00166,LAMOST_DR5_GUO2022_VISUAL_WD_TYPE,PURE_DA_DB_LABEL
J050215.07+381424.7,75.562833,38.240222,DB,DB,WDSUB00167,LAMOST_DR5_GUO2022_VISUAL_WD_TYPE,PURE_DA_DB_LABEL
J050215.08+381424.9,75.562844,38.240259,DB,DB,WDSUB00168,LAMOST_DR5_GUO2022_VISUAL_WD_TYPE,PURE_DA_DB_LABEL
J052300.65+182726.1,80.752734,18.457267,DB,DB,WDSUB00169,LAMOST_DR5_GUO2022_VISUAL_WD_TYPE,PURE_DA_DB_LABEL
J052650.29+191521.7,81.709582,19.256037,DB,DB,WDSUB00170,LAMOST_DR5_GUO2022_VISUAL_WD_TYPE,PURE_DA_DB_LABEL
J053210.44+101633.0,83.043508,10.275842,DB,DB,WDSUB00171,LAMOST_DR5_GUO2022_VISUAL_WD_TYPE,PURE_DA_DB_LABEL
J060602.16+214848.2,91.509004,21.813401,DB,DB,WDSUB00172,LAMOST_DR5_GUO2022_VISUAL_WD_TYPE,PURE_DA_DB_LABEL
J063831.24+273130.9,99.630186,27.525255,DB,DB,WDSUB00173,LAMOST_DR5_GUO2022_VISUAL_WD_TYPE,PURE_DA_DB_LABEL
J064441.65+410336.7,101.17358,41.060221,DB,DB,WDSUB00174,LAMOST_DR5_GUO2022_VISUAL_WD_TYPE,PURE_DA_DB_LABEL
J065710.74+222936.2,104.29478,22.49341,DB,DB,WDSUB00175,LAMOST_DR5_GUO2022_VISUAL_WD_TYPE,PURE_DA_DB_LABEL
J070857.76+441558.2,107.2407,44.266176,DB,DB,WDSUB00176,LAMOST_DR5_GUO2022_VISUAL_WD_TYPE,PURE_DA_DB_LABEL
J070916.34+394038.8,107.31809,39.677472,DB,DB,WDSUB00177,LAMOST_DR5_GUO2022_VISUAL_WD_TYPE,PURE_DA_DB_LABEL
J071756.12+174953.7,109.48384,17.831596,DB,DB,WDSUB00178,LAMOST_DR5_GUO2022_VISUAL_WD_TYPE,PURE_DA_DB_LABEL
J071959.37+402120.1,109.99738,40.355606,DB,DB,WDSUB00179,LAMOST_DR5_GUO2022_VISUAL_WD_TYPE,PURE_DA_DB_LABEL
J071959.53+402121.0,109.99805,40.355848,DB,DB,WDSUB00180,LAMOST_DR5_GUO2022_VISUAL_WD_TYPE,PURE_DA_DB_LABEL
J072222.78+445904.4,110.59495,44.984569,DB,DB,WDSUB00181,LAMOST_DR5_GUO2022_VISUAL_WD_TYPE,PURE_DA_DB_LABEL
J080236.94+154814.8,120.65394,15.804116,DB,DB,WDSUB00182,LAMOST_DR5_GUO2022_VISUAL_WD_TYPE,PURE_DA_DB_LABEL
J080348.49+393114.7,120.95206,39.520764,DB,DB,WDSUB00183,LAMOST_DR5_GUO2022_VISUAL_WD_TYPE,PURE_DA_DB_LABEL
J081656.09+204944.9,124.23372,20.829152,DB,DB,WDSUB00184,LAMOST_DR5_GUO2022_VISUAL_WD_TYPE,PURE_DA_DB_LABEL
J081904.19+354255.8,124.76747,35.715502,DB,DB,WDSUB00185,LAMOST_DR5_GUO2022_VISUAL_WD_TYPE,PURE_DA_DB_LABEL
J082323.19+360834.7,125.84666,36.142997,DB,DB,WDSUB00186,LAMOST_DR5_GUO2022_VISUAL_WD_TYPE,PURE_DA_DB_LABEL
J082543.11+430640.9,126.42964,43.111369,DB,DB,WDSUB00187,LAMOST_DR5_GUO2022_VISUAL_WD_TYPE,PURE_DA_DB_LABEL
J082614.96+402234.8,126.56236,40.376339,DB,DB,WDSUB00188,LAMOST_DR5_GUO2022_VISUAL_WD_TYPE,PURE_DA_DB_LABEL
J082829.17+363418.6,127.12155,36.571859,DB,DB,WDSUB00189,LAMOST_DR5_GUO2022_VISUAL_WD_TYPE,PURE_DA_DB_LABEL
J082852.82+305603.4,127.22009,30.934303,DB,DB,WDSUB00190,LAMOST_DR5_GUO2022_VISUAL_WD_TYPE,PURE_DA_DB_LABEL
J082931.59+282836.2,127.38166,28.476742,DB,DB,WDSUB00191,LAMOST_DR5_GUO2022_VISUAL_WD_TYPE,PURE_DA_DB_LABEL
J083035.13+564459.3,127.6464,56.749828,DB,DB,WDSUB00192,LAMOST_DR5_GUO2022_VISUAL_WD_TYPE,PURE_DA_DB_LABEL
J083407.25+385057.2,128.53022,38.849249,DB,DB,WDSUB00193,LAMOST_DR5_GUO2022_VISUAL_WD_TYPE,PURE_DA_DB_LABEL
J083415.44+254819.9,128.56437,25.805531,DB,DB,WDSUB00194,LAMOST_DR5_GUO2022_VISUAL_WD_TYPE,PURE_DA_DB_LABEL
J083906.10+432459.4,129.77544,43.416503,DB,DB,WDSUB00195,LAMOST_DR5_GUO2022_VISUAL_WD_TYPE,PURE_DA_DB_LABEL
J084244.92+295444.3,130.68719,29.91232,DB,DB,WDSUB00196,LAMOST_DR5_GUO2022_VISUAL_WD_TYPE,PURE_DA_DB_LABEL
J084539.17+225728.0,131.41323,22.957784,DB,DB,WDSUB00197,LAMOST_DR5_GUO2022_VISUAL_WD_TYPE,PURE_DA_DB_LABEL
J084910.94+525222.4,132.2955951,52.872912,DB,DB,WDSUB00198,LAMOST_DR5_GUO2022_VISUAL_WD_TYPE,PURE_DA_DB_LABEL
J084952.80+471248.7,132.4700389,47.2135375,DB,DB,WDSUB00199,LAMOST_DR5_GUO2022_VISUAL_WD_TYPE,PURE_DA_DB_LABEL
J085427.98+380841.7,133.61661,38.144942,DB,DB,WDSUB00200,LAMOST_DR5_GUO2022_VISUAL_WD_TYPE,PURE_DA_DB_LABEL
J085618.94+161103.7,134.078957,16.18438,DB,DB,WDSUB00201,LAMOST_DR5_GUO2022_VISUAL_WD_TYPE,PURE_DA_DB_LABEL
J090538.46+290610.3,136.41025,29.102879,DB,DB,WDSUB00202,LAMOST_DR5_GUO2022_VISUAL_WD_TYPE,PURE_DA_DB_LABEL
J091905.82+202316.7,139.77426,20.387975,DB,DB,WDSUB00203,LAMOST_DR5_GUO2022_VISUAL_WD_TYPE,PURE_DA_DB_LABEL
J092113.59+235152.1,140.30666,23.864498,DB,DB,WDSUB00204,LAMOST_DR5_GUO2022_VISUAL_WD_TYPE,PURE_DA_DB_LABEL
J092452.74+020712.2,141.21976,2.1200727,DB,DB,WDSUB00205,LAMOST_DR5_GUO2022_VISUAL_WD_TYPE,PURE_DA_DB_LABEL
J092539.10+345445.6,141.41295,34.91269,DB,DB,WDSUB00206,LAMOST_DR5_GUO2022_VISUAL_WD_TYPE,PURE_DA_DB_LABEL
J092654.50-013111.0,141.72711,-1.5197263,DB,DB,WDSUB00207,LAMOST_DR5_GUO2022_VISUAL_WD_TYPE,PURE_DA_DB_LABEL
J093844.80+391321.6,144.6867,39.222685,DB,DB,WDSUB00208,LAMOST_DR5_GUO2022_VISUAL_WD_TYPE,PURE_DA_DB_LABEL
J093849.68+363839.8,144.707,36.64441,DB,DB,WDSUB00209,LAMOST_DR5_GUO2022_VISUAL_WD_TYPE,PURE_DA_DB_LABEL
J094026.86-021234.8,145.11193,-2.2096879,DB,DB,WDSUB00210,LAMOST_DR5_GUO2022_VISUAL_WD_TYPE,PURE_DA_DB_LABEL
J094329.02+392800.9,145.87095,39.466922,DB,DB,WDSUB00211,LAMOST_DR5_GUO2022_VISUAL_WD_TYPE,PURE_DA_DB_LABEL
J094411.17+310333.9,146.04657,31.05944,DB,DB,WDSUB00212,LAMOST_DR5_GUO2022_VISUAL_WD_TYPE,PURE_DA_DB_LABEL
J095035.51+483758.7,147.64796,48.632976,DB,DB,WDSUB00213,LAMOST_DR5_GUO2022_VISUAL_WD_TYPE,PURE_DA_DB_LABEL
J095102.22+010432.5,147.759268,1.075699,DB,DB,WDSUB00214,LAMOST_DR5_GUO2022_VISUAL_WD_TYPE,PURE_DA_DB_LABEL
J095455.11+440330.0,148.72964,44.058355,DB,DB,WDSUB00215,LAMOST_DR5_GUO2022_VISUAL_WD_TYPE,PURE_DA_DB_LABEL
J095749.39+335923.5,149.45582,33.989888,DB,DB,WDSUB00216,LAMOST_DR5_GUO2022_VISUAL_WD_TYPE,PURE_DA_DB_LABEL
J095902.37+044653.0,149.75991,4.7813954,DB,DB,WDSUB00217,LAMOST_DR5_GUO2022_VISUAL_WD_TYPE,PURE_DA_DB_LABEL
J100442.47+533150.0,151.17699,53.530567,DB,DB,WDSUB00218,LAMOST_DR5_GUO2022_VISUAL_WD_TYPE,PURE_DA_DB_LABEL
J101149.92+024105.8,152.95804,2.684952,DB,DB,WDSUB00219,LAMOST_DR5_GUO2022_VISUAL_WD_TYPE,PURE_DA_DB_LABEL
J101208.09+283244.8,153.03371,28.545793,DB,DB,WDSUB00220,LAMOST_DR5_GUO2022_VISUAL_WD_TYPE,PURE_DA_DB_LABEL
J101320.06+354116.7,153.33362,35.687991,DB,DB,WDSUB00221,LAMOST_DR5_GUO2022_VISUAL_WD_TYPE,PURE_DA_DB_LABEL
J101821.19+140506.9,154.58831,14.085266,DB,DB,WDSUB00222,LAMOST_DR5_GUO2022_VISUAL_WD_TYPE,PURE_DA_DB_LABEL
J101951.55+290100.6,154.96481,29.016858,DB,DB,WDSUB00223,LAMOST_DR5_GUO2022_VISUAL_WD_TYPE,PURE_DA_DB_LABEL
J102106.69+082724.8,155.27791,8.456894,DB,DB,WDSUB00224,LAMOST_DR5_GUO2022_VISUAL_WD_TYPE,PURE_DA_DB_LABEL
J102618.50+013646.4,156.57709,1.6129046,DB,DB,WDSUB00225,LAMOST_DR5_GUO2022_VISUAL_WD_TYPE,PURE_DA_DB_LABEL
J102816.82+490200.6,157.07012,49.033518,DB,DB,WDSUB00226,LAMOST_DR5_GUO2022_VISUAL_WD_TYPE,PURE_DA_DB_LABEL
J103033.20+385447.5,157.63835,38.913219,DB,DB,WDSUB00227,LAMOST_DR5_GUO2022_VISUAL_WD_TYPE,PURE_DA_DB_LABEL
J103453.65+393127.8,158.72357,39.524398,DB,DB,WDSUB00228,LAMOST_DR5_GUO2022_VISUAL_WD_TYPE,PURE_DA_DB_LABEL
J103923.87+264822.8,159.84946,26.806354,DB,DB,WDSUB00229,LAMOST_DR5_GUO2022_VISUAL_WD_TYPE,PURE_DA_DB_LABEL
J104318.44+415412.4,160.82684,41.903469,DB,DB,WDSUB00230,LAMOST_DR5_GUO2022_VISUAL_WD_TYPE,PURE_DA_DB_LABEL
J104806.83+025431.7,162.02847,2.9088308,DB,DB,WDSUB00231,LAMOST_DR5_GUO2022_VISUAL_WD_TYPE,PURE_DA_DB_LABEL
J105149.10+110112.7,162.95459,11.020207,DB,DB,WDSUB00232,LAMOST_DR5_GUO2022_VISUAL_WD_TYPE,PURE_DA_DB_LABEL
J105404.67+443819.8,163.51949,44.638857,DB,DB,WDSUB00233,LAMOST_DR5_GUO2022_VISUAL_WD_TYPE,PURE_DA_DB_LABEL
J110445.12+350004.9,166.18801,35.001364,DB,DB,WDSUB00234,LAMOST_DR5_GUO2022_VISUAL_WD_TYPE,PURE_DA_DB_LABEL
J110649.88+374655.9,166.70784,37.782204,DB,DB,WDSUB00235,LAMOST_DR5_GUO2022_VISUAL_WD_TYPE,PURE_DA_DB_LABEL
J111816.72+215059.4,169.5696971,21.8498445,DB,DB,WDSUB00236,LAMOST_DR5_GUO2022_VISUAL_WD_TYPE,PURE_DA_DB_LABEL
J112752.94+553521.9,171.9706132,55.5894423,DB,DB,WDSUB00237,LAMOST_DR5_GUO2022_VISUAL_WD_TYPE,PURE_DA_DB_LABEL
J112839.69+415140.7,172.16538,41.861309,DB,DB,WDSUB00238,LAMOST_DR5_GUO2022_VISUAL_WD_TYPE,PURE_DA_DB_LABEL
J113143.40+370128.0,172.93084,37.024465,DB,DB,WDSUB00239,LAMOST_DR5_GUO2022_VISUAL_WD_TYPE,PURE_DA_DB_LABEL
J113143.44+370128.1,172.931033,37.024493,DB,DB,WDSUB00240,LAMOST_DR5_GUO2022_VISUAL_WD_TYPE,PURE_DA_DB_LABEL
J113654.20+070336.2,174.2258469,7.060069,DB,DB,WDSUB00241,LAMOST_DR5_GUO2022_VISUAL_WD_TYPE,PURE_DA_DB_LABEL
J113747.77+354421.6,174.44907,35.739359,DB,DB,WDSUB00242,LAMOST_DR5_GUO2022_VISUAL_WD_TYPE,PURE_DA_DB_LABEL
J113811.94+545947.6,174.54975,54.996559,DB,DB,WDSUB00243,LAMOST_DR5_GUO2022_VISUAL_WD_TYPE,PURE_DA_DB_LABEL
J114238.68+572747.4,175.6612,57.463189,DB,DB,WDSUB00244,LAMOST_DR5_GUO2022_VISUAL_WD_TYPE,PURE_DA_DB_LABEL
J115503.66+314825.7,178.76525,31.807154,DB,DB,WDSUB00245,LAMOST_DR5_GUO2022_VISUAL_WD_TYPE,PURE_DA_DB_LABEL
J122420.49+264738.8,186.0854019,26.7941365,DB,DB,WDSUB00246,LAMOST_DR5_GUO2022_VISUAL_WD_TYPE,PURE_DA_DB_LABEL
J122859.40+102319.8,187.24752,10.388842,DB,DB,WDSUB00247,LAMOST_DR5_GUO2022_VISUAL_WD_TYPE,PURE_DA_DB_LABEL
J123454.67+373744.8,188.727825,37.6291139,DB,DB,WDSUB00248,LAMOST_DR5_GUO2022_VISUAL_WD_TYPE,PURE_DA_DB_LABEL
J123914.29+321058.6,189.80956,32.182945,DB,DB,WDSUB00249,LAMOST_DR5_GUO2022_VISUAL_WD_TYPE,PURE_DA_DB_LABEL
J124112.98+122613.7,190.30412,12.437151,DB,DB,WDSUB00250,LAMOST_DR5_GUO2022_VISUAL_WD_TYPE,PURE_DA_DB_LABEL
J124810.23+100541.1,192.04264,10.094766,DB,DB,WDSUB00251,LAMOST_DR5_GUO2022_VISUAL_WD_TYPE,PURE_DA_DB_LABEL
J124920.37+290454.2,192.33489,29.081725,DB,DB,WDSUB00252,LAMOST_DR5_GUO2022_VISUAL_WD_TYPE,PURE_DA_DB_LABEL
J125752.77+425255.1,194.46989,42.881978,DB,DB,WDSUB00253,LAMOST_DR5_GUO2022_VISUAL_WD_TYPE,PURE_DA_DB_LABEL
J130106.26+023455.3,195.27609,2.5820338,DB,DB,WDSUB00254,LAMOST_DR5_GUO2022_VISUAL_WD_TYPE,PURE_DA_DB_LABEL
J130516.51+405640.9,196.31882,40.944698,DB,DB,WDSUB00255,LAMOST_DR5_GUO2022_VISUAL_WD_TYPE,PURE_DA_DB_LABEL
J131012.28+444728.3,197.5512,44.791217,DB,DB,WDSUB00256,LAMOST_DR5_GUO2022_VISUAL_WD_TYPE,PURE_DA_DB_LABEL
J131038.32+063406.6,197.65968,6.5685016,DB,DB,WDSUB00257,LAMOST_DR5_GUO2022_VISUAL_WD_TYPE,PURE_DA_DB_LABEL
J131148.50+053847.6,197.95209,5.6465694,DB,DB,WDSUB00258,LAMOST_DR5_GUO2022_VISUAL_WD_TYPE,PURE_DA_DB_LABEL
J131426.24+341028.9,198.60936,34.174705,DB,DB,WDSUB00259,LAMOST_DR5_GUO2022_VISUAL_WD_TYPE,PURE_DA_DB_LABEL
J131446.16+483124.9,198.69236,48.523596,DB,DB,WDSUB00260,LAMOST_DR5_GUO2022_VISUAL_WD_TYPE,PURE_DA_DB_LABEL
J131953.38+430202.0,199.97243,43.03389,DB,DB,WDSUB00261,LAMOST_DR5_GUO2022_VISUAL_WD_TYPE,PURE_DA_DB_LABEL
J132301.28+355924.5,200.75534,35.990149,DB,DB,WDSUB00262,LAMOST_DR5_GUO2022_VISUAL_WD_TYPE,PURE_DA_DB_LABEL
J132332.78+362031.8,200.8866,36.342189,DB,DB,WDSUB00263,LAMOST_DR5_GUO2022_VISUAL_WD_TYPE,PURE_DA_DB_LABEL
J133127.86+420044.4,202.86609,42.012354,DB,DB,WDSUB00264,LAMOST_DR5_GUO2022_VISUAL_WD_TYPE,PURE_DA_DB_LABEL
J133740.75+213216.8,204.41981,21.538011,DB,DB,WDSUB00265,LAMOST_DR5_GUO2022_VISUAL_WD_TYPE,PURE_DA_DB_LABEL
J133754.88+344911.0,204.47867,34.819742,DB,DB,WDSUB00266,LAMOST_DR5_GUO2022_VISUAL_WD_TYPE,PURE_DA_DB_LABEL
J133913.61+120829.9,204.806723,12.141661,DB,DB,WDSUB00267,LAMOST_DR5_GUO2022_VISUAL_WD_TYPE,PURE_DA_DB_LABEL
J134246.51+521921.1,205.69382,52.322548,DB,DB,WDSUB00268,LAMOST_DR5_GUO2022_VISUAL_WD_TYPE,PURE_DA_DB_LABEL
J135121.91+180411.8,207.84132,18.069971,DB,DB,WDSUB00269,LAMOST_DR5_GUO2022_VISUAL_WD_TYPE,PURE_DA_DB_LABEL
J135541.69+110031.7,208.92374,11.00883,DB,DB,WDSUB00270,LAMOST_DR5_GUO2022_VISUAL_WD_TYPE,PURE_DA_DB_LABEL
J140001.73+363139.9,210.00722,36.527759,DB,DB,WDSUB00271,LAMOST_DR5_GUO2022_VISUAL_WD_TYPE,PURE_DA_DB_LABEL
J140035.81+341440.4,210.14922,34.244562,DB,DB,WDSUB00272,LAMOST_DR5_GUO2022_VISUAL_WD_TYPE,PURE_DA_DB_LABEL
J140518.56+332340.6,211.32736,33.394627,DB,DB,WDSUB00273,LAMOST_DR5_GUO2022_VISUAL_WD_TYPE,PURE_DA_DB_LABEL
J141048.82+342746.7,212.70343,34.462976,DB,DB,WDSUB00274,LAMOST_DR5_GUO2022_VISUAL_WD_TYPE,PURE_DA_DB_LABEL
J141621.78+322638.3,214.09078,32.443998,DB,DB,WDSUB00275,LAMOST_DR5_GUO2022_VISUAL_WD_TYPE,PURE_DA_DB_LABEL
J141803.55+200053.6,214.5148,20.014912,DB,DB,WDSUB00276,LAMOST_DR5_GUO2022_VISUAL_WD_TYPE,PURE_DA_DB_LABEL
J142240.80+334807.9,215.67004,33.802209,DB,DB,WDSUB00277,LAMOST_DR5_GUO2022_VISUAL_WD_TYPE,PURE_DA_DB_LABEL
J142405.54+181807.3,216.0231,18.302043,DB,DB,WDSUB00278,LAMOST_DR5_GUO2022_VISUAL_WD_TYPE,PURE_DA_DB_LABEL
J142440.79+330439.5,216.16999,33.077657,DB,DB,WDSUB00279,LAMOST_DR5_GUO2022_VISUAL_WD_TYPE,PURE_DA_DB_LABEL
J143846.21+280455.9,219.69255,28.082197,DB,DB,WDSUB00280,LAMOST_DR5_GUO2022_VISUAL_WD_TYPE,PURE_DA_DB_LABEL
J144205.40+122926.8,220.52254,12.490778,DB,DB,WDSUB00281,LAMOST_DR5_GUO2022_VISUAL_WD_TYPE,PURE_DA_DB_LABEL
J144650.87+285142.3,221.71196,28.861765,DB,DB,WDSUB00282,LAMOST_DR5_GUO2022_VISUAL_WD_TYPE,PURE_DA_DB_LABEL
J145514.36+044153.4,223.80986,4.6981703,DB,DB,WDSUB00283,LAMOST_DR5_GUO2022_VISUAL_WD_TYPE,PURE_DA_DB_LABEL
J150003.80+002418.9,225.01586,0.4052547,DB,DB,WDSUB00284,LAMOST_DR5_GUO2022_VISUAL_WD_TYPE,PURE_DA_DB_LABEL
J150435.34+013707.9,226.14728,1.6188825,DB,DB,WDSUB00285,LAMOST_DR5_GUO2022_VISUAL_WD_TYPE,PURE_DA_DB_LABEL
J150647.59+310313.2,226.69833,31.053694,DB,DB,WDSUB00286,LAMOST_DR5_GUO2022_VISUAL_WD_TYPE,PURE_DA_DB_LABEL
J152046.66+180300.7,230.1944558,18.0502168,DB,DB,WDSUB00287,LAMOST_DR5_GUO2022_VISUAL_WD_TYPE,PURE_DA_DB_LABEL
J153755.30+093249.4,234.48044,9.5470721,DB,DB,WDSUB00288,LAMOST_DR5_GUO2022_VISUAL_WD_TYPE,PURE_DA_DB_LABEL
J154134.42+252331.6,235.393448,25.392115,DB,DB,WDSUB00289,LAMOST_DR5_GUO2022_VISUAL_WD_TYPE,PURE_DA_DB_LABEL
J154419.46+180642.8,236.081124,18.11189,DB,DB,WDSUB00290,LAMOST_DR5_GUO2022_VISUAL_WD_TYPE,PURE_DA_DB_LABEL
J154955.23+285209.0,237.48016,28.869169,DB,DB,WDSUB00291,LAMOST_DR5_GUO2022_VISUAL_WD_TYPE,PURE_DA_DB_LABEL
J155709.96+234509.4,239.291516,23.752634,DB,DB,WDSUB00292,LAMOST_DR5_GUO2022_VISUAL_WD_TYPE,PURE_DA_DB_LABEL
J155713.74+280339.0,239.30726,28.060859,DB,DB,WDSUB00293,LAMOST_DR5_GUO2022_VISUAL_WD_TYPE,PURE_DA_DB_LABEL
J161003.24+113004.5,242.51351,11.501262,DB,DB,WDSUB00294,LAMOST_DR5_GUO2022_VISUAL_WD_TYPE,PURE_DA_DB_LABEL
J161252.34+424856.3,243.2181,42.815647,DB,DB,WDSUB00295,LAMOST_DR5_GUO2022_VISUAL_WD_TYPE,PURE_DA_DB_LABEL
J161756.83+301751.8,244.48681,30.297724,DB,DB,WDSUB00296,LAMOST_DR5_GUO2022_VISUAL_WD_TYPE,PURE_DA_DB_LABEL
J162425.01+295511.8,246.10421,29.919962,DB,DB,WDSUB00297,LAMOST_DR5_GUO2022_VISUAL_WD_TYPE,PURE_DA_DB_LABEL
J162710.78+270332.0,246.79492,27.0589,DB,DB,WDSUB00298,LAMOST_DR5_GUO2022_VISUAL_WD_TYPE,PURE_DA_DB_LABEL
J163520.15+260852.9,248.83396,26.148035,DB,DB,WDSUB00299,LAMOST_DR5_GUO2022_VISUAL_WD_TYPE,PURE_DA_DB_LABEL
J164718.38+322832.8,251.826614,32.475803,DB,DB,WDSUB00300,LAMOST_DR5_GUO2022_VISUAL_WD_TYPE,PURE_DA_DB_LABEL
