r_bin,truth_class,n,coverage,accuracy_when_classified,pred_STAR,pred_GALAXY,pred_QSO,pred_UNKNOWN
18-20,GALAXY,150,0.8933333333333333,1.0,0,134,0,16
18-20,QSO,147,0.9523809523809523,0.9,1,13,126,7
18-20,STAR,150,1.0,0.9933333333333333,149,0,1,0
20-21,GALAXY,150,1.0,0.9933333333333333,1,149,0,0
20-21,QSO,150,0.9933333333333333,0.7449664429530202,34,4,111,1
20-21,STAR,150,0.9866666666666667,0.9054054054054054,134,1,13,2
21-22,GALAXY,150,1.0,0.9133333333333333,12,137,1,0
21-22,QSO,150,1.0,0.12666666666666668,127,4,19,0
21-22,STAR,150,0.9933333333333333,0.9932885906040269,148,1,0,1
22-23,GALAXY,150,0.96,0.8055555555555556,28,116,0,6
22-23,QSO,150,1.0,0.03333333333333333,141,4,5,0
22-23,STAR,150,1.0,0.9,135,15,0,0
