rule_id,level,target_class,feature_group,feature_columns,transform,criterion_type,criterion_expression,evidence_direction,evidence_strength,likelihood_method,threshold,threshold_origin,reference,reference_section,catalog,quality_columns,missing_policy,conflict_group,notes
AST-EXT-001,primary,EXTRAGALACTIC,astrometry,parallax|parallax_error,normalized_corrected_parallax,threshold,"abs((parallax+0.017)/parallax_error) < 5",support,moderate,binary_evidence,5,LITERATURE,Gaia-CRF3,,Gaia DR3,parallax_error|catalog_confidence_gaia_astrometry,ignore,galactic_origin,"Astrometric consistency only; does not distinguish QSO from galaxy"
AST-EXT-002,primary,EXTRAGALACTIC,astrometry,pmra|pmra_error|pmdec|pmdec_error,proper_motion_significance,threshold,"sqrt((pmra/pmra_error)^2+(pmdec/pmdec_error)^2) < 5",support,moderate,binary_evidence,5,LITERATURE,Gaia-CRF3,,Gaia DR3,pmra_error|pmdec_error,ignore,galactic_origin,"Approximation when covariance is unavailable; exact Gaia-CRF3 rule uses covariance"
AST-GAL-001,primary,STAR,astrometry,parallax|parallax_error,parallax_snr,continuous,"abs(parallax/parallax_error)",support,moderate,continuous_score,,PHYSICAL,Gaia astrometry,,Gaia DR3,parallax_error|catalog_confidence_gaia_astrometry,ignore,galactic_origin,"Significant parallax supports Galactic origin; calibration deferred"
AST-GAL-002,primary,STAR,astrometry,pmra|pmra_error|pmdec|pmdec_error,proper_motion_significance,continuous,"sqrt((pmra/pmra_error)^2+(pmdec/pmdec_error)^2)",support,moderate,continuous_score,,PHYSICAL,Gaia astrometry,,Gaia DR3,pmra_error|pmdec_error,ignore,galactic_origin,"Significant proper motion supports Galactic origin; calibration deferred"
SPC-SDSS-001,primary,STAR,spectrum,class|zwarning,identity,categorical,"upper(class) == 'STAR'",support,strong,catalog_label,,CATALOG,SDSS spectroscopy,,SDSS DR18,zwarning|catalog_confidence_sdss_spectroscopy,ignore,spectral_class,"Keep quality flag separately"
SPC-SDSS-002,primary,GALAXY,spectrum,class|zwarning,identity,categorical,"upper(class) == 'GALAXY'",support,strong,catalog_label,,CATALOG,SDSS spectroscopy,,SDSS DR18,zwarning|catalog_confidence_sdss_spectroscopy,ignore,spectral_class,"Keep quality flag separately"
SPC-SDSS-003,primary,QSO,spectrum,class|zwarning,identity,categorical,"upper(class) in {'QSO','QUASAR'}",support,strong,catalog_label,,CATALOG,SDSS spectroscopy,,SDSS DR18,zwarning|catalog_confidence_sdss_spectroscopy,ignore,spectral_class,"Keep quality flag separately"
DSC-001,primary,MULTICLASS,catalog_classifier,classprob_dsc_combmod_quasar|classprob_dsc_combmod_galaxy|classprob_dsc_combmod_star|classprob_dsc_combmod_whitedwarf|classprob_dsc_combmod_binarystar,identity,probability_vector,provided,probability,direct_probability,,CATALOG,Gaia DR3 DSC,,Gaia DR3,catalog_confidence_gaia_dsc,ignore,dsc_class,"Use catalog posterior directly when available"
VAR-001,secondary,VARIABLE_SUBTYPE,variability,best_class_name|best_class_score,identity,catalog_score,provided,probability,direct_score,,CATALOG,Gaia DR3 variability,,Gaia DR3,,ignore,variability_class,"Score is preserved as classifier evidence; do not assume cross-class calibration"

PS1-MORPH-001,primary,GALAXY,morphology,ps1_i_psf_minus_kron|iMeanPSFMag|ps1_i_photometry_valid,identity,threshold,"ps1_i_psf_minus_kron > 0.05 and 14 <= iMeanPSFMag <= 21 and ps1_i_photometry_valid == 1",support,moderate,binary_evidence,0.05,LITERATURE,Tachibana & Miller 2018 Sec. 4.1 / PS1 Public Archive,Section 4.1 baseline PS1 model; archive PSF-Kron guidance,Pan-STARRS1 DR2 MeanObject,ps1_i_photometry_valid|catalog_confidence_ps1_morphology,ignore,ps1_morphology,"Extended-source evidence only; point-like morphology is not STAR-specific because QSOs are unresolved. Simple cut becomes unreliable faintward of i~21 and saturation can move bright stars to galaxy side."
PS1-MORPH-002,primary,POINT_SOURCE,morphology,ps1_i_psf_minus_kron|iMeanPSFMag|ps1_i_photometry_valid,identity,threshold,"ps1_i_psf_minus_kron <= 0.05 and 14 <= iMeanPSFMag <= 21 and ps1_i_photometry_valid == 1",support,weak,binary_evidence,0.05,LITERATURE,Tachibana & Miller 2018 Sec. 4.1 / PS1 Public Archive,Section 4.1 baseline PS1 model; archive PSF-Kron guidance,Pan-STARRS1 DR2 MeanObject,ps1_i_photometry_valid|catalog_confidence_ps1_morphology,ignore,ps1_morphology,"Weak STAR support only: unresolved morphology also includes QSOs. Magnitude guard follows documented saturation/faint-end caveats; do not treat as a pure stellar classifier.; unresolved morphology supports STAR or QSO equally (fused as POINT_SOURCE)"
WISE-AGN-001,primary,EXTRAGALACTIC,infrared,W1mag|W2mag|snr1|snr2|catalog_confidence_allwise,identity,color_cut,"W1mag-W2mag >= 0.8 and W2mag <= 15.05 and snr1 >= 10 and snr2 >= 10",support,strong,literature_reliability,0.8,LITERATURE,Stern et al. 2012,Section 3.5 / Figure 6,AllWISE,snr1|snr2|qph|ccf|nb|catalog_confidence_allwise,ignore,wise_agn,"AGN evidence with reported ~95% reliability and ~78% completeness in COSMOS at the stated depth; mapped to EXTRAGALACTIC rather than QSO because the selection includes obscured/type-2 AGN."
SDSS-PHOTO-001,primary,GALAXY,morphology,type|clean|catalog_confidence_sdss_photometry,identity,categorical,"type == 3 and clean == 1",support,moderate,catalog_label,,CATALOG,SDSS photometric pipeline,Morphology/Classification and clean-photometry guidance,SDSS DR18 PhotoObj,clean|catalog_confidence_sdss_photometry,ignore,sdss_morphology,"SDSS type=3 is extended/GALAXY morphology; clean=1 required."
SDSS-PHOTO-002,primary,POINT_SOURCE,morphology,type|clean|catalog_confidence_sdss_photometry,identity,categorical,"type == 6 and clean == 1",support,weak,catalog_label,,CATALOG,SDSS photometric pipeline,Morphology/Classification and clean-photometry guidance,SDSS DR18 PhotoObj,clean|catalog_confidence_sdss_photometry,ignore,sdss_morphology,"Point-like morphology only; quasars and compact AGN can be type=6, so STAR evidence is deliberately weak.; unresolved morphology supports STAR or QSO equally (fused as POINT_SOURCE)"
NED-TYPE-001,primary,MULTICLASS,catalog_reference,Type|catalog_confidence_ned_type,identity,categorical,"preferred NED physical object type",support,moderate,catalog_label,,CATALOG,NASA/IPAC Extragalactic Database,NED object-type and preferred-data documentation,NED,catalog_confidence_ned_type,ignore,ned_type,"Curated literature-derived preferred type; not a calibrated probability. Only explicit physical types are mapped."
SIMBAD-TYPE-001,primary,MULTICLASS,catalog_reference,otype|catalog_confidence_simbad_type,identity,categorical,"SIMBAD main hierarchical physical object type",support,moderate,catalog_label,,CATALOG,SIMBAD object-type hierarchy,Oberto et al. 2018 / SIMBAD object-type guide,SIMBAD,catalog_confidence_simbad_type,ignore,simbad_type,"Literature-derived hierarchical main type; not a calibrated probability. Only explicit physical types are mapped."
WISE-AGN-R90-001,primary,EXTRAGALACTIC,color,wise_w1_w2_color|W2mag|snr1|snr2|catalog_confidence_allwise,identity,color_cut,"W1-W2 > 0.650 for W2<=13.86; otherwise W1-W2 > 0.650*exp(0.153*(W2-13.86)^2)",support,strong,literature_reliability,0.90,LITERATURE,Assef et al. 2018,Equation 4 R90,AllWISE,snr1|snr2|ccf|nb|catalog_confidence_allwise,ignore,wise_agn,"AllWISE R90 AGN selection; ~90% reliability by construction over the calibrated survey regime. EXTRAGALACTIC/AGN evidence, not QSO-only."
PS1-QSO-Z6-001,primary,QSO,color,ps1_i_z_color|ps1_z_y_color|ps1_g_psf_mag_err|ps1_r_psf_mag_err|ps1_z_psf_mag_err|ps1_y_psf_mag_err|ps1_z_photometry_valid|ps1_y_photometry_valid,identity,color_cut,"i-z > 2.0; g S/N < 3; if z-y < 0.5 then z S/N > 10 and y S/N > 5 and (r S/N < 3 or r-z > 2.2); if z-y >= 0.5 then z S/N > 7 and y S/N > 7 and r S/N < 3",support,moderate,selection_evidence,,LITERATURE,Bañados et al. 2016,Section 2.1.1 equations 1-3,Pan-STARRS1 DR2 MeanObject,ps1_z_photometry_valid|ps1_y_photometry_valid,ignore,ps1_highz_qso,"Candidate-selection evidence for 5.7<z<6.5 quasars; not a calibrated posterior and known brown-dwarf contamination remains, especially at z-y>=0.5. Requires measured i here; dropout-limit branch is not implemented without limiting magnitudes."

LS-MORPH-001,primary,GALAXY,morphology,type|flux_r|flux_ivar_r|flux_z|flux_ivar_z,identity,categorical,"type in {REX,EXP,DEV,SER} and max(flux_r*sqrt(flux_ivar_r),flux_z*sqrt(flux_ivar_z)) >= 10",support,moderate,binary_evidence,10,LITERATURE,"Dey et al. 2019 (AJ 157, 168); Chaussidon et al. 2023 (ApJ 944, 107)",Tractor morphological models (Dey+2019 Sec. 8); QSO target selection PSF requirement (Chaussidon+2023),DESI Legacy Surveys DR10,flux_ivar_r|flux_ivar_z,ignore,ls_morphology,Tractor prefers a resolved galaxy model over PSF at S/N>=10; extended-source GALAXY evidence
LS-MORPH-002,primary,POINT_SOURCE,morphology,type|flux_r|flux_ivar_r|flux_z|flux_ivar_z,identity,categorical,"type == PSF and max(flux_r*sqrt(flux_ivar_r),flux_z*sqrt(flux_ivar_z)) >= 10",support,weak,binary_evidence,10,LITERATURE,"Dey et al. 2019 (AJ 157, 168); Chaussidon et al. 2023 (ApJ 944, 107)",Tractor morphological models (Dey+2019 Sec. 8); QSO target selection PSF requirement (Chaussidon+2023),DESI Legacy Surveys DR10,flux_ivar_r|flux_ivar_z,ignore,ls_morphology,Unresolved Tractor model; supports STAR or QSO equally (DESI QSO targeting requires PSF morphology)
SGA-001,primary,GALAXY,catalog,catalogs,identity,categorical,SGA-2020 counterpart,support,strong,catalog_label,,CATALOG,"Moustakas et al. 2023 (ApJS 269, 3)",Siena Galaxy Atlas 2020 sample definition,SGA-2020,,ignore,curated_type,Curated atlas of large galaxies; a counterpart at the galaxy centre is GALAXY evidence
LS-COLOR-001,primary,MULTICLASS,color,ls_g_r_color|ls_r_z_color|ls_z_w1_color|ls_w1_w2_color,identity,continuous,"dereddened Legacy Surveys AB colours g-r, r-z, z-W1, W1-W2 (each band S/N>=3)",support,fitted,linear_feature,3,LITERATURE,"Dey et al. 2019 (AJ 157, 168); Chaussidon et al. 2023 (ApJ 944, 107)",Legacy Surveys grz + unWISE forced photometry; QSO mid-IR excess used for DESI QSO selection,DESI Legacy Surveys DR10,flux_ivar_g|flux_ivar_r|flux_ivar_z|flux_ivar_w1|flux_ivar_w2,ignore,ls_color,Continuous features; weights come only from the fitted Stage-5 model (zero otherwise)
LS-CKNN-001,primary,MULTICLASS,color,ls_g_r_color|ls_r_z_color|ls_z_w1_color|ls_w1_w2_color,identity,continuous,"Laplace-smoothed STAR/GALAXY/QSO fraction among the k=31 nearest train-split benchmark objects measured in the same (>=2) dereddened Legacy Surveys colours",support,fitted,direct_probability,31,EMPIRICAL,"Ball et al. 2006 (ApJ 650, 497); Covey et al. 2007 (AJ 134, 2398); Zhou et al. 2023 (AJ 165, 58)",kNN in colour space; stellar locus vs galaxy/QSO mid-IR excess,DESI Legacy Surveys DR10,flux_ivar_g|flux_ivar_r|flux_ivar_z|flux_ivar_w1|flux_ivar_w2,ignore,ls_color,"Reference: color_reference.csv.gz (benchmark train split only, built by v2/benchmark/build_color_reference.py); missing colours are never imputed"
PS1-CKNN-001,primary,MULTICLASS,color,ps1_g_r_color|ps1_r_i_color|ps1_i_z_color|ps1_z_y_color,identity,continuous,"Laplace-smoothed STAR/GALAXY/QSO fraction among the k=31 nearest train-split benchmark objects measured in the same (>=2) Pan-STARRS1 PSF colours (colour error <= 0.2 mag)",support,fitted,direct_probability,31,EMPIRICAL,"Ball et al. 2006 (ApJ 650, 497); Covey et al. 2007 (AJ 134, 2398); Chambers et al. 2016 (arXiv:1612.05560)",kNN in colour space; PS1 3pi covers Dec > -30 incl. outside the Legacy Surveys footprint,Pan-STARRS1 DR2 MeanObject,gMeanPSFMagErr|rMeanPSFMagErr|iMeanPSFMagErr|zMeanPSFMagErr|yMeanPSFMagErr,ignore,ps1_color,"Reference: color_reference.csv.gz (train split only); colours not dereddened (less reliable at low Galactic latitude)"
