specobjid,bestobjid,ra,dec,class,subclass,z,zerr,zwarning,plate,mjd,fiberid,truth_class,truth_source,truth_quality,benchmark_id
299493525735630848,1237650795146576079,146.91375,-0.64448137,STAR,A0,0.0006005246,2.033313e-05,0,266,51630,15,STAR,SDSS_DR18_SPECTROSCOPY,ZWARNING_0_SCIENCEPRIMARY,TRD000001
299495175003072512,0,147.0479,-0.32770152,STAR,F2,-4.950318e-05,9.545094e-06,0,266,51630,21,STAR,SDSS_DR18_SPECTROSCOPY,ZWARNING_0_SCIENCEPRIMARY,TRD000002
299496549392607232,1237650795683643399,147.25534,-0.31933693,STAR,WD,-0.0002443073,1.780399e-05,0,266,51630,26,STAR,SDSS_DR18_SPECTROSCOPY,ZWARNING_0_SCIENCEPRIMARY,TRD000003
299497923782141952,1237648721216274522,147.01792,-0.1272663,STAR,WD,-6.583336e-05,5.039021e-05,0,266,51630,31,STAR,SDSS_DR18_SPECTROSCOPY,ZWARNING_0_SCIENCEPRIMARY,TRD000004
299498198660048896,1237648721216340121,147.09176,-0.07734624,STAR,WD,-0.0002587513,0.0001898356,0,266,51630,32,STAR,SDSS_DR18_SPECTROSCOPY,ZWARNING_0_SCIENCEPRIMARY,TRD000005
299499573049583616,1237648721216405598,147.32107,-0.0065757249,STAR,WD,-0.0002599027,7.338508e-05,0,266,51630,37,STAR,SDSS_DR18_SPECTROSCOPY,ZWARNING_0_SCIENCEPRIMARY,TRD000006
299499847927490560,1237650796220383236,146.94386,0.039168534,STAR,G2,0.0001605878,9.64798e-06,0,266,51630,38,STAR,SDSS_DR18_SPECTROSCOPY,ZWARNING_0_SCIENCEPRIMARY,TRD000007
299501222317025280,0,146.54425,-1.1064971,STAR,F9,0.0002576545,7.442234e-05,0,266,51630,43,STAR,SDSS_DR18_SPECTROSCOPY,ZWARNING_0_SCIENCEPRIMARY,TRD000008
299505070607722496,1237651800158830862,146.47335,-0.58450953,STAR,CV,0.000151985,0.000141913,0,266,51630,57,STAR,SDSS_DR18_SPECTROSCOPY,ZWARNING_0_SCIENCEPRIMARY,TRD000009
299506994753071104,1237650795683446879,146.83368,-0.3359704,STAR,M6,-6.372974e-05,3.557372e-05,0,266,51630,64,STAR,SDSS_DR18_SPECTROSCOPY,ZWARNING_0_SCIENCEPRIMARY,TRD000010
299511942555396096,1237648720142204988,146.17616,-0.98244054,STAR,A0,0.0002256552,1.829432e-05,0,266,51630,82,STAR,SDSS_DR18_SPECTROSCOPY,ZWARNING_0_SCIENCEPRIMARY,TRD000011
299515515968186368,0,146.03,-0.65827367,STAR,A0p,0.004153254,-1.0,0,266,51630,95,STAR,SDSS_DR18_SPECTROSCOPY,ZWARNING_0_SCIENCEPRIMARY,TRD000012
299525136694929408,1237648720142008421,145.83254,-1.0027092,STAR,F5,1.640591e-05,8.813818e-06,0,266,51630,130,STAR,SDSS_DR18_SPECTROSCOPY,ZWARNING_0_SCIENCEPRIMARY,TRD000013
299527885473998848,1237650794609246297,145.8232,-1.1725503,STAR,A0,0.0004925642,7.709806e-06,0,266,51630,140,STAR,SDSS_DR18_SPECTROSCOPY,ZWARNING_0_SCIENCEPRIMARY,TRD000014
299530359375161344,1237648720679142200,146.40564,-0.50711993,STAR,M8,2.843799e-05,4.08538e-05,0,266,51630,149,STAR,SDSS_DR18_SPECTROSCOPY,ZWARNING_0_SCIENCEPRIMARY,TRD000015
299536956444928000,1237648721215816394,145.97827,-0.030849846,STAR,K5,0.000385456,5.692773e-05,0,266,51630,173,STAR,SDSS_DR18_SPECTROSCOPY,ZWARNING_0_SCIENCEPRIMARY,TRD000016
299540804735625216,1237650795682988170,145.87459,-0.33551457,STAR,F9,0.0003758192,9.830715e-06,0,266,51630,187,STAR,SDSS_DR18_SPECTROSCOPY,ZWARNING_0_SCIENCEPRIMARY,TRD000017
299543553514694656,1237650795682988135,145.84176,-0.27778925,STAR,A0,0.0006633649,1.228166e-05,0,266,51630,197,STAR,SDSS_DR18_SPECTROSCOPY,ZWARNING_0_SCIENCEPRIMARY,TRD000018
299553449119344640,1237648720678813718,145.57595,-0.42212484,STAR,A0,-0.0003828644,5.416867e-06,0,266,51630,233,STAR,SDSS_DR18_SPECTROSCOPY,ZWARNING_0_SCIENCEPRIMARY,TRD000019
299553723997251584,1237650795682922628,145.67423,-0.38081052,STAR,G0,-0.0001019948,9.332035e-06,0,266,51630,234,STAR,SDSS_DR18_SPECTROSCOPY,ZWARNING_0_SCIENCEPRIMARY,TRD000020
299560595944925184,1237650795145920645,145.44053,-0.72903632,STAR,F2,-1.068308e-05,1.049109e-05,0,266,51630,259,STAR,SDSS_DR18_SPECTROSCOPY,ZWARNING_0_SCIENCEPRIMARY,TRD000021
299571316183296000,1237650795145855903,145.29542,-0.74985409,STAR,M8,0.0001377936,4.748072e-05,0,266,51630,298,STAR,SDSS_DR18_SPECTROSCOPY,ZWARNING_0_SCIENCEPRIMARY,TRD000022
299572140817016832,1237650796219597133,145.24573,0.044365969,STAR,M2,-6.119941e-05,0.000127596,0,266,51630,301,STAR,SDSS_DR18_SPECTROSCOPY,ZWARNING_0_SCIENCEPRIMARY,TRD000023
299575714229807104,1237650795682726190,145.28112,-0.3304716,STAR,WD,0.0001110906,7.460005e-05,0,266,51630,314,STAR,SDSS_DR18_SPECTROSCOPY,ZWARNING_0_SCIENCEPRIMARY,TRD000024
299583960567015424,1237648722289295504,145.28412,0.706299,STAR,K1,0.0001784339,8.602095e-06,0,266,51630,344,STAR,SDSS_DR18_SPECTROSCOPY,ZWARNING_0_SCIENCEPRIMARY,TRD000025
299584510322829312,1237648721752424633,145.2928,0.37633508,STAR,F2,0.0002133724,1.336234e-05,0,266,51630,346,STAR,SDSS_DR18_SPECTROSCOPY,ZWARNING_0_SCIENCEPRIMARY,TRD000026
299584785200736256,1237648721752424612,145.26257,0.31093104,STAR,M3,6.569824e-05,2.397361e-05,0,266,51630,347,STAR,SDSS_DR18_SPECTROSCOPY,ZWARNING_0_SCIENCEPRIMARY,TRD000027
299589458125154304,1237651752921595910,145.7304,1.1649383,STAR,G2,0.0002861073,1.017449e-05,0,266,51630,364,STAR,SDSS_DR18_SPECTROSCOPY,ZWARNING_0_SCIENCEPRIMARY,TRD000028
299593306415851520,1237650797293469748,145.56677,0.99523194,STAR,F5,0.0001012022,1.618991e-05,0,266,51630,378,STAR,SDSS_DR18_SPECTROSCOPY,ZWARNING_0_SCIENCEPRIMARY,TRD000029
299596604950734848,1237648721752555568,145.63729,0.37329958,STAR,F9,-3.48146e-05,1.007914e-05,0,266,51630,390,STAR,SDSS_DR18_SPECTROSCOPY,ZWARNING_0_SCIENCEPRIMARY,TRD000030
299597704462362624,1197132650278879267,145.40905,0.30596715,STAR,A0,-0.0002228576,2.777784e-05,0,266,51630,394,STAR,SDSS_DR18_SPECTROSCOPY,ZWARNING_0_SCIENCEPRIMARY,TRD000031
299601827630966784,1237650797293600829,145.87385,0.94870332,STAR,M4,9.570571e-05,2.460136e-05,0,266,51630,409,STAR,SDSS_DR18_SPECTROSCOPY,ZWARNING_0_SCIENCEPRIMARY,TRD000032
299607874944919552,1237648721752621131,145.76527,0.30018593,STAR,F9,0.0001260678,8.465737e-06,0,266,51630,431,STAR,SDSS_DR18_SPECTROSCOPY,ZWARNING_0_SCIENCEPRIMARY,TRD000033
299611723235616768,1237651752921858234,146.33534,1.2198521,STAR,M0,-3.042288e-05,2.108187e-05,0,266,51630,445,STAR,SDSS_DR18_SPECTROSCOPY,ZWARNING_0_SCIENCEPRIMARY,TRD000034
299618870061197312,1237650796756795662,146.02863,0.55695456,STAR,K5,0.000189626,1.112506e-05,0,266,51630,471,STAR,SDSS_DR18_SPECTROSCOPY,ZWARNING_0_SCIENCEPRIMARY,TRD000035
299623268107708416,1237648721752817789,146.18598,0.27795367,STAR,A0,-5.65732e-06,4.962093e-05,0,266,51630,487,STAR,SDSS_DR18_SPECTROSCOPY,ZWARNING_0_SCIENCEPRIMARY,TRD000036
299626016886777856,1237648721752752179,146.08468,0.25722726,STAR,F9,0.0003433451,9.787325e-06,0,266,51630,497,STAR,SDSS_DR18_SPECTROSCOPY,ZWARNING_0_SCIENCEPRIMARY,TRD000037
299637561758869504,1237648722289819691,146.49713,0.7424233,STAR,F5,0.0005075927,1.058176e-05,0,266,51630,539,STAR,SDSS_DR18_SPECTROSCOPY,ZWARNING_0_SCIENCEPRIMARY,TRD000038
299641135171659776,1237650796220252547,146.7187,0.12311831,STAR,M4,0.0003283003,6.772573e-05,0,266,51630,552,STAR,SDSS_DR18_SPECTROSCOPY,ZWARNING_0_SCIENCEPRIMARY,TRD000039
299643059317008384,1237648721753079825,146.78593,0.28355444,STAR,F5,0.0008870953,9.866083e-06,0,266,51630,559,STAR,SDSS_DR18_SPECTROSCOPY,ZWARNING_0_SCIENCEPRIMARY,TRD000040
299646082973984768,1237651752921989167,146.66811,1.2221831,STAR,WD,-3.489032e-05,2.4882e-05,0,266,51630,570,STAR,SDSS_DR18_SPECTROSCOPY,ZWARNING_0_SCIENCEPRIMARY,TRD000041
299646357851891712,1237650797294059539,146.8094,0.97601012,STAR,A0,0.000312962,9.149279e-06,0,266,51630,571,STAR,SDSS_DR18_SPECTROSCOPY,ZWARNING_0_SCIENCEPRIMARY,TRD000042
299651855410030592,1237650796220383270,147.01354,0.15538982,STAR,G2,0.001112312,1.34747e-05,0,266,51630,591,STAR,SDSS_DR18_SPECTROSCOPY,ZWARNING_0_SCIENCEPRIMARY,TRD000043
299659826869331968,1237651752385249327,146.98697,0.90994195,STAR,G2,-0.0001887061,1.243863e-05,0,266,51630,620,STAR,SDSS_DR18_SPECTROSCOPY,ZWARNING_0_SCIENCEPRIMARY,TRD000044
299661751014680576,1237650796757319859,147.16763,0.47167291,STAR,A0,1.36942e-05,2.515826e-05,0,266,51630,627,STAR,SDSS_DR18_SPECTROSCOPY,ZWARNING_0_SCIENCEPRIMARY,TRD000045
299662300770494464,1237651801769705649,147.18683,0.58795241,STAR,WD,0.0001449878,2.623872e-05,0,266,51630,629,STAR,SDSS_DR18_SPECTROSCOPY,ZWARNING_0_SCIENCEPRIMARY,TRD000046
300618050883840000,1237654669198295120,148.96675,-0.77607839,STAR,K7,0.0001006776,1.666907e-05,0,267,51608,10,STAR,SDSS_DR18_SPECTROSCOPY,ZWARNING_0_SCIENCEPRIMARY,TRD000047
300628771122210816,1237648720143188043,148.5264,-0.97168901,STAR,G0,0.0004589118,1.017801e-05,0,267,51608,49,STAR,SDSS_DR18_SPECTROSCOPY,ZWARNING_0_SCIENCEPRIMARY,TRD000048
300635917947791360,1237654670272036870,148.98573,0.005366197,STAR,G2,3.180645e-05,1.079627e-05,0,267,51608,75,STAR,SDSS_DR18_SPECTROSCOPY,ZWARNING_0_SCIENCEPRIMARY,TRD000049
300642515017558016,1237648720143122475,148.37166,-0.8501361,STAR,WD,0.0001417175,7.577005e-05,0,267,51608,99,STAR,SDSS_DR18_SPECTROSCOPY,ZWARNING_0_SCIENCEPRIMARY,TRD000050
300643064773371904,1237651800696684677,148.76817,-0.22083189,STAR,F9,-1.568407e-05,7.747117e-06,0,267,51608,101,STAR,SDSS_DR18_SPECTROSCOPY,ZWARNING_0_SCIENCEPRIMARY,TRD000051
300650486476859392,1237651799622680623,148.1694,-1.1243151,STAR,G2,0.0002441445,1.751179e-05,0,267,51608,128,STAR,SDSS_DR18_SPECTROSCOPY,ZWARNING_0_SCIENCEPRIMARY,TRD000052
300656533790812160,1237650795684167831,148.53234,-0.38237117,STAR,G2,0.0003602553,9.117093e-06,0,267,51608,150,STAR,SDSS_DR18_SPECTROSCOPY,ZWARNING_0_SCIENCEPRIMARY,TRD000053
300663955494299648,1237648721216864346,148.38949,-0.034760168,STAR,F9,6.80852e-05,8.36428e-06,0,267,51608,177,STAR,SDSS_DR18_SPECTROSCOPY,ZWARNING_0_SCIENCEPRIMARY,TRD000054
300671926953601024,1237651799622549759,147.85068,-1.0771943,STAR,K7,6.838652e-05,1.865045e-05,0,267,51608,206,STAR,SDSS_DR18_SPECTROSCOPY,ZWARNING_0_SCIENCEPRIMARY,TRD000055
300674950610577408,1237650795147034650,147.86705,-0.71049327,STAR,F5,0.0003561869,1.424398e-05,0,267,51608,217,STAR,SDSS_DR18_SPECTROSCOPY,ZWARNING_0_SCIENCEPRIMARY,TRD000056
300676050122205184,1237648720679731356,147.76419,-0.58103041,STAR,A0,0.0002325052,4.073521e-05,0,267,51608,221,STAR,SDSS_DR18_SPECTROSCOPY,ZWARNING_0_SCIENCEPRIMARY,TRD000057
300678524023367680,1237648720679731206,147.65636,-0.54811511,STAR,G0,0.0002479524,9.314385e-06,0,267,51608,230,STAR,SDSS_DR18_SPECTROSCOPY,ZWARNING_0_SCIENCEPRIMARY,TRD000058
300682097436157952,1237650794609967319,147.47546,-1.1815886,STAR,M1,0.0001258202,1.407556e-05,0,267,51608,243,STAR,SDSS_DR18_SPECTROSCOPY,ZWARNING_0_SCIENCEPRIMARY,TRD000059
300684296459413504,1237650795146772611,147.28951,-0.79756098,STAR,F9,-0.000107002,1.189009e-05,0,267,51608,251,STAR,SDSS_DR18_SPECTROSCOPY,ZWARNING_0_SCIENCEPRIMARY,TRD000060
300685121093134336,1237648720142729345,147.4488,-0.96330768,STAR,F5,0.0004456736,9.896408e-06,0,267,51608,254,STAR,SDSS_DR18_SPECTROSCOPY,ZWARNING_0_SCIENCEPRIMARY,TRD000061
300689794017552384,1237650796220645482,147.61614,0.093248577,STAR,OB,-0.0001549117,4.541897e-05,0,267,51608,271,STAR,SDSS_DR18_SPECTROSCOPY,ZWARNING_0_SCIENCEPRIMARY,TRD000062
300695016697784320,1237650794609770746,147.08272,-1.2156437,STAR,M0,0.0001186718,1.232801e-05,0,267,51608,290,STAR,SDSS_DR18_SPECTROSCOPY,ZWARNING_0_SCIENCEPRIMARY,TRD000063
300695841331505152,1237650795146707159,147.21337,-0.8131697,STAR,G2,9.934753e-05,1.359476e-05,0,267,51608,293,STAR,SDSS_DR18_SPECTROSCOPY,ZWARNING_0_SCIENCEPRIMARY,TRD000064
300699964500109312,1237650795683577872,147.10709,-0.34790731,STAR,G0,-9.755677e-05,9.016946e-06,0,267,51608,308,STAR,SDSS_DR18_SPECTROSCOPY,ZWARNING_0_SCIENCEPRIMARY,TRD000065
300703812790806528,1237648722289819705,146.52448,0.83016299,STAR,F9,-3.738093e-05,9.22375e-06,0,267,51608,322,STAR,SDSS_DR18_SPECTROSCOPY,ZWARNING_0_SCIENCEPRIMARY,TRD000066
300704637424527360,1237650797294190659,147.18509,1.0136953,STAR,F9,0.0001322047,9.613366e-06,0,267,51608,325,STAR,SDSS_DR18_SPECTROSCOPY,ZWARNING_0_SCIENCEPRIMARY,TRD000067
300709585226852352,1237648721752948868,146.50391,0.41384664,STAR,F9,-5.466048e-05,1.185237e-05,0,267,51608,343,STAR,SDSS_DR18_SPECTROSCOPY,ZWARNING_0_SCIENCEPRIMARY,TRD000068
300711784250107904,1237650796757319805,147.09942,0.47544679,STAR,F9,-0.0001056808,1.200314e-05,0,267,51608,351,STAR,SDSS_DR18_SPECTROSCOPY,ZWARNING_0_SCIENCEPRIMARY,TRD000069
300713983273363456,1237648721753342016,147.39408,0.28653246,STAR,F5,0.0009098107,1.085128e-05,0,267,51608,359,STAR,SDSS_DR18_SPECTROSCOPY,ZWARNING_0_SCIENCEPRIMARY,TRD000070
300718381319874560,1237650797294321708,147.50014,1.0065357,STAR,K7,0.0001808972,1.546841e-05,0,267,51608,375,STAR,SDSS_DR18_SPECTROSCOPY,ZWARNING_0_SCIENCEPRIMARY,TRD000071
300729926191966208,1237651752922447882,147.67551,1.2573303,STAR,WD,0.0001760774,4.078669e-05,0,267,51608,417,STAR,SDSS_DR18_SPECTROSCOPY,ZWARNING_0_SCIENCEPRIMARY,TRD000072
300731300581500928,1237651801769967698,147.73122,0.54832364,STAR,A0,0.001209172,1.821622e-05,0,267,51608,422,STAR,SDSS_DR18_SPECTROSCOPY,ZWARNING_0_SCIENCEPRIMARY,TRD000073
300732674971035648,1237651801769967640,147.65394,0.52316504,STAR,F9,-1.182113e-05,8.2495e-06,0,267,51608,427,STAR,SDSS_DR18_SPECTROSCOPY,ZWARNING_0_SCIENCEPRIMARY,TRD000074
300746968622196736,1237648721753669788,148.10993,0.37240762,STAR,A0,1.521532e-05,2.744704e-05,0,267,51608,479,STAR,SDSS_DR18_SPECTROSCOPY,ZWARNING_0_SCIENCEPRIMARY,TRD000075
300749167645452288,1237648722290540752,148.16678,0.72642294,STAR,K7,7.043976e-05,1.045255e-05,0,267,51608,487,STAR,SDSS_DR18_SPECTROSCOPY,ZWARNING_0_SCIENCEPRIMARY,TRD000076
300753015936149504,1237651801770230027,148.36464,0.62225381,STAR,M1,-4.179206e-05,1.379143e-05,0,267,51608,501,STAR,SDSS_DR18_SPECTROSCOPY,ZWARNING_0_SCIENCEPRIMARY,TRD000077
300754390325684224,1237648721753735225,148.32412,0.41432082,STAR,F5,0.0006163775,1.285965e-05,0,267,51608,506,STAR,SDSS_DR18_SPECTROSCOPY,ZWARNING_0_SCIENCEPRIMARY,TRD000078
300768409098938368,1237648721753800838,148.54058,0.25761725,STAR,G0,-0.0001195583,1.124645e-05,0,267,51608,557,STAR,SDSS_DR18_SPECTROSCOPY,ZWARNING_0_SCIENCEPRIMARY,TRD000079
300780778604750848,1237651752386035760,148.76657,0.92770885,STAR,F5,8.181729e-05,1.674055e-05,0,267,51608,602,STAR,SDSS_DR18_SPECTROSCOPY,ZWARNING_0_SCIENCEPRIMARY,TRD000080
300781603238471680,1237648722827542622,148.49046,1.088089,STAR,A0,0.0004529761,3.294102e-05,0,267,51608,605,STAR,SDSS_DR18_SPECTROSCOPY,ZWARNING_0_SCIENCEPRIMARY,TRD000081
301745875355461632,1237651800160469042,150.24775,-0.70635261,STAR,F5,0.0003859657,9.411415e-06,0,268,51633,17,STAR,SDSS_DR18_SPECTROSCOPY,ZWARNING_0_SCIENCEPRIMARY,TRD000082
301746150233368576,1237648720680845348,150.21882,-0.5674201,STAR,G2,-6.401377e-05,9.467484e-06,0,268,51633,18,STAR,SDSS_DR18_SPECTROSCOPY,ZWARNING_0_SCIENCEPRIMARY,TRD000083
301752472425228288,1237654669198622795,149.81852,-0.82974198,STAR,M2,-0.0001557162,5.329775e-05,0,268,51633,41,STAR,SDSS_DR18_SPECTROSCOPY,ZWARNING_0_SCIENCEPRIMARY,TRD000084
301753846814763008,1237651800160206926,149.6984,-0.66619961,STAR,G0,0.000518739,1.180289e-05,0,268,51633,46,STAR,SDSS_DR18_SPECTROSCOPY,ZWARNING_0_SCIENCEPRIMARY,TRD000085
301755496082204672,1237654669198688808,149.93783,-0.81879212,STAR,K5,1.193515e-05,5.988037e-05,0,268,51633,52,STAR,SDSS_DR18_SPECTROSCOPY,ZWARNING_0_SCIENCEPRIMARY,TRD000086
301756870471739392,1237648720680714347,149.98047,-0.49724368,STAR,G0,0.0005194137,1.266701e-05,0,268,51633,57,STAR,SDSS_DR18_SPECTROSCOPY,ZWARNING_0_SCIENCEPRIMARY,TRD000087
301759344372901888,1237654669735690484,150.30047,-0.3368643,STAR,F9,0.0002399448,1.12468e-05,0,268,51633,66,STAR,SDSS_DR18_SPECTROSCOPY,ZWARNING_0_SCIENCEPRIMARY,TRD000088
301760443884529664,1237654669735690489,150.3032,-0.40868281,STAR,A0,0.0004102931,6.342235e-05,0,268,51633,70,STAR,SDSS_DR18_SPECTROSCOPY,ZWARNING_0_SCIENCEPRIMARY,TRD000089
301769789733365760,1237654669735690438,150.25163,-0.40262853,STAR,F9,0.0001131323,9.281056e-06,0,268,51633,104,STAR,SDSS_DR18_SPECTROSCOPY,ZWARNING_0_SCIENCEPRIMARY,TRD000090
301776661681039360,1237651799623270428,149.49651,-1.1186917,STAR,CV,0.000185373,3.746895e-05,0,268,51633,129,STAR,SDSS_DR18_SPECTROSCOPY,ZWARNING_0_SCIENCEPRIMARY,TRD000091
301792329721735168,1237654669735428421,149.65236,-0.38533516,STAR,M3,-2.547461e-05,2.645456e-05,0,268,51633,186,STAR,SDSS_DR18_SPECTROSCOPY,ZWARNING_0_SCIENCEPRIMARY,TRD000092
301800301181036544,1237651800160010291,149.21152,-0.63278803,STAR,F5,0.0002515242,1.400962e-05,0,268,51633,215,STAR,SDSS_DR18_SPECTROSCOPY,ZWARNING_0_SCIENCEPRIMARY,TRD000093
301814319954290688,1237648721217192123,149.14113,-0.16971801,STAR,F5,-7.009811e-05,1.262144e-05,0,268,51633,266,STAR,SDSS_DR18_SPECTROSCOPY,ZWARNING_0_SCIENCEPRIMARY,TRD000094
301817618489174016,1237651800696815710,149.09645,-0.28140122,STAR,G2,-3.127029e-05,1.114862e-05,0,268,51633,278,STAR,SDSS_DR18_SPECTROSCOPY,ZWARNING_0_SCIENCEPRIMARY,TRD000095
301820642146150400,1237654668661227698,148.64859,-1.2369798,STAR,F2,1.175856e-05,8.354628e-06,0,268,51633,289,STAR,SDSS_DR18_SPECTROSCOPY,ZWARNING_0_SCIENCEPRIMARY,TRD000096
301820917024057344,1237651799622746339,148.34904,-1.0635568,STAR,M1,0.0001166087,1.698585e-05,0,268,51633,290,STAR,SDSS_DR18_SPECTROSCOPY,ZWARNING_0_SCIENCEPRIMARY,TRD000097
301821741657778176,1237650795146969228,147.83633,-0.74426931,STAR,F9,0.0001508287,9.20183e-06,0,268,51633,293,STAR,SDSS_DR18_SPECTROSCOPY,ZWARNING_0_SCIENCEPRIMARY,TRD000098
301822291413592064,1237654669198164195,148.72993,-0.76054033,STAR,K1,0.0005035414,2.570864e-05,0,268,51633,295,STAR,SDSS_DR18_SPECTROSCOPY,ZWARNING_0_SCIENCEPRIMARY,TRD000099
301823116047312896,1237650795147100191,148.00729,-0.77663315,STAR,A0,0.0009542352,9.433258e-06,0,268,51633,298,STAR,SDSS_DR18_SPECTROSCOPY,ZWARNING_0_SCIENCEPRIMARY,TRD000100
299489677444933632,1237648720142401611,146.71421,-1.0413043,GALAXY,STARFORMING,0.02122228,9.465381e-06,0,266,51630,1,GALAXY,SDSS_DR18_SPECTROSCOPY,ZWARNING_0_SCIENCEPRIMARY,TRD000101
299489952322840576,1237650795146510627,146.74413,-0.65219064,GALAXY,,0.2037833,3.89048e-05,0,266,51630,2,GALAXY,SDSS_DR18_SPECTROSCOPY,ZWARNING_0_SCIENCEPRIMARY,TRD000102
299490502078654464,1237650795146445031,146.62857,-0.76513683,GALAXY,STARFORMING,0.06465632,2.0662e-05,0,266,51630,4,GALAXY,SDSS_DR18_SPECTROSCOPY,ZWARNING_0_SCIENCEPRIMARY,TRD000103
299491051834468352,1237648720142401670,146.63167,-0.98827781,GALAXY,STARFORMING,0.05265425,8.614109e-06,0,266,51630,6,GALAXY,SDSS_DR18_SPECTROSCOPY,ZWARNING_0_SCIENCEPRIMARY,TRD000104
299491326712375296,1237648720142532891,146.91945,-0.99049175,GALAXY,,0.2138606,4.031544e-05,0,266,51630,7,GALAXY,SDSS_DR18_SPECTROSCOPY,ZWARNING_0_SCIENCEPRIMARY,TRD000105
299491876468189184,1237650795146510903,146.76339,-0.81043316,GALAXY,,0.4482199,0.0001066882,0,266,51630,9,GALAXY,SDSS_DR18_SPECTROSCOPY,ZWARNING_0_SCIENCEPRIMARY,TRD000106
299492151346096128,1237648720142401774,146.62282,-0.95138526,GALAXY,,0.3711277,6.93721e-05,0,266,51630,10,GALAXY,SDSS_DR18_SPECTROSCOPY,ZWARNING_0_SCIENCEPRIMARY,TRD000107
299492426224003072,1237650795146576091,146.9341,-0.67040397,GALAXY,,0.1212705,2.837492e-05,0,266,51630,11,GALAXY,SDSS_DR18_SPECTROSCOPY,ZWARNING_0_SCIENCEPRIMARY,TRD000108
299492701101910016,0,146.9639,-0.54500256,GALAXY,STARFORMING,0.05598059,9.574063e-06,0,266,51630,12,GALAXY,SDSS_DR18_SPECTROSCOPY,ZWARNING_0_SCIENCEPRIMARY,TRD000109
299492975979816960,1237650795146641532,146.9635,-0.75935173,GALAXY,,0.09708638,2.930541e-05,0,266,51630,13,GALAXY,SDSS_DR18_SPECTROSCOPY,ZWARNING_0_SCIENCEPRIMARY,TRD000110
299493250857723904,0,146.94999,-0.59220225,GALAXY,STARFORMING,0.06477907,7.535732e-06,0,266,51630,14,GALAXY,SDSS_DR18_SPECTROSCOPY,ZWARNING_0_SCIENCEPRIMARY,TRD000111
299493800613537792,1237650795146576030,146.85983,-0.80890165,GALAXY,,0.1265899,4.931949e-05,0,266,51630,16,GALAXY,SDSS_DR18_SPECTROSCOPY,ZWARNING_0_SCIENCEPRIMARY,TRD000112
299494075491444736,1237650795146444862,146.59272,-0.76025604,GALAXY,STARFORMING,0.06495924,9.294928e-06,0,266,51630,17,GALAXY,SDSS_DR18_SPECTROSCOPY,ZWARNING_0_SCIENCEPRIMARY,TRD000113
299494350369351680,1237650795146575935,146.8577,-0.66285236,GALAXY,,0.08429205,2.641273e-05,0,266,51630,18,GALAXY,SDSS_DR18_SPECTROSCOPY,ZWARNING_0_SCIENCEPRIMARY,TRD000114
299494625247258624,1237651800158896649,146.72794,-0.55687994,GALAXY,,0.08931196,2.806693e-05,0,266,51630,19,GALAXY,SDSS_DR18_SPECTROSCOPY,ZWARNING_0_SCIENCEPRIMARY,TRD000115
299494900125165568,1237650794609574093,146.60721,-1.240753,GALAXY,,0.0906017,2.594763e-05,0,266,51630,20,GALAXY,SDSS_DR18_SPECTROSCOPY,ZWARNING_0_SCIENCEPRIMARY,TRD000116
299495449880979456,1237648720679469274,147.18679,-0.49381256,GALAXY,,0.09031707,2.509904e-05,0,266,51630,22,GALAXY,SDSS_DR18_SPECTROSCOPY,ZWARNING_0_SCIENCEPRIMARY,TRD000117
299495724758886400,1237648721216274697,147.02336,-0.16009352,GALAXY,,0.2156694,4.268031e-05,0,266,51630,23,GALAXY,SDSS_DR18_SPECTROSCOPY,ZWARNING_0_SCIENCEPRIMARY,TRD000118
299496274514700288,1237650795683512507,146.95607,-0.34230044,GALAXY,STARFORMING,0.1346802,3.115196e-05,0,266,51630,25,GALAXY,SDSS_DR18_SPECTROSCOPY,ZWARNING_0_SCIENCEPRIMARY,TRD000119
299496824270514176,1237650795683578031,147.17639,-0.35405684,GALAXY,STARFORMING,0.006282841,7.219081e-06,0,266,51630,27,GALAXY,SDSS_DR18_SPECTROSCOPY,ZWARNING_0_SCIENCEPRIMARY,TRD000120
299497099148421120,1237648721216340148,147.11461,-0.16521837,GALAXY,,0.2040574,3.867013e-05,0,266,51630,28,GALAXY,SDSS_DR18_SPECTROSCOPY,ZWARNING_0_SCIENCEPRIMARY,TRD000121
299497648904235008,1237650795683578073,147.22569,-0.29262062,GALAXY,,0.1336352,3.373426e-05,0,266,51630,30,GALAXY,SDSS_DR18_SPECTROSCOPY,ZWARNING_0_SCIENCEPRIMARY,TRD000122
299498473537955840,1237648721216405657,147.24805,-0.035723556,GALAXY,,0.08419658,2.464909e-05,0,266,51630,33,GALAXY,SDSS_DR18_SPECTROSCOPY,ZWARNING_0_SCIENCEPRIMARY,TRD000123
299498748415862784,1237648721216274720,146.92403,-0.10514302,GALAXY,,0.3275724,8.634971e-05,0,266,51630,34,GALAXY,SDSS_DR18_SPECTROSCOPY,ZWARNING_0_SCIENCEPRIMARY,TRD000124
299499023293769728,1237650795683446969,146.9201,-0.30646208,GALAXY,,0.1314801,4.511572e-05,0,266,51630,35,GALAXY,SDSS_DR18_SPECTROSCOPY,ZWARNING_0_SCIENCEPRIMARY,TRD000125
299499298171676672,1237650796220514489,147.32951,0.028902695,GALAXY,STARFORMING,0.04808582,1.016774e-05,0,266,51630,36,GALAXY,SDSS_DR18_SPECTROSCOPY,ZWARNING_0_SCIENCEPRIMARY,TRD000126
299500122805397504,1237650795683512955,147.08969,-0.26650926,GALAXY,,0.3829364,0.0001026071,0,266,51630,39,GALAXY,SDSS_DR18_SPECTROSCOPY,ZWARNING_0_SCIENCEPRIMARY,TRD000127
299500672561211392,1237648720142336237,146.57134,-0.95721148,GALAXY,STARFORMING,0.06518305,8.58005e-06,0,266,51630,41,GALAXY,SDSS_DR18_SPECTROSCOPY,ZWARNING_0_SCIENCEPRIMARY,TRD000128
299500947439118336,1237651799621959987,146.56561,-1.0847419,GALAXY,BROADLINE,0.09755617,1.745438e-05,0,266,51630,42,GALAXY,SDSS_DR18_SPECTROSCOPY,ZWARNING_0_SCIENCEPRIMARY,TRD000129
299501497194932224,1237651799621894422,146.30548,-1.1305512,GALAXY,STARBURST,0.1548131,7.652434e-06,0,266,51630,44,GALAXY,SDSS_DR18_SPECTROSCOPY,ZWARNING_0_SCIENCEPRIMARY,TRD000130
299501772072839168,1237650795146379400,146.36033,-0.81665691,GALAXY,BROADLINE,0.1274091,2.080412e-05,0,266,51630,45,GALAXY,SDSS_DR18_SPECTROSCOPY,ZWARNING_0_SCIENCEPRIMARY,TRD000131
299502321828653056,1237648720142270656,146.43281,-0.98737835,GALAXY,,0.1404723,2.619556e-05,0,266,51630,47,GALAXY,SDSS_DR18_SPECTROSCOPY,ZWARNING_0_SCIENCEPRIMARY,TRD000132
299503146462373888,1237650794609442930,146.32349,-1.1808359,GALAXY,,0.08926281,2.055173e-05,0,266,51630,50,GALAXY,SDSS_DR18_SPECTROSCOPY,ZWARNING_0_SCIENCEPRIMARY,TRD000133
299503421340280832,1237648720142336185,146.51283,-0.84576492,GALAXY,STARFORMING,0.06490172,3.932979e-06,0,266,51630,51,GALAXY,SDSS_DR18_SPECTROSCOPY,ZWARNING_0_SCIENCEPRIMARY,TRD000134
299503696218187776,1237650795146314028,146.31179,-0.81320921,GALAXY,,0.2058383,3.639716e-05,0,266,51630,52,GALAXY,SDSS_DR18_SPECTROSCOPY,ZWARNING_0_SCIENCEPRIMARY,TRD000135
299504245974001664,1237650795146379447,146.44831,-0.71339967,GALAXY,,0.1146793,8.012174e-06,0,266,51630,54,GALAXY,SDSS_DR18_SPECTROSCOPY,ZWARNING_0_SCIENCEPRIMARY,TRD000136
299504520851908608,1237651799621959813,146.57273,-1.0608357,GALAXY,STARFORMING,0.0606144,1.374815e-05,0,266,51630,55,GALAXY,SDSS_DR18_SPECTROSCOPY,ZWARNING_0_SCIENCEPRIMARY,TRD000137
299505620363536384,0,146.27838,-0.6115498,GALAXY,,0.371149,0.0001059631,0,266,51630,59,GALAXY,SDSS_DR18_SPECTROSCOPY,ZWARNING_0_SCIENCEPRIMARY,TRD000138
299505895241443328,1237650795146379491,146.36894,-0.66824731,GALAXY,,0.2711954,5.39502e-05,0,266,51630,60,GALAXY,SDSS_DR18_SPECTROSCOPY,ZWARNING_0_SCIENCEPRIMARY,TRD000139
299506170119350272,1237650795683446896,146.85757,-0.21877608,GALAXY,,0.1246121,3.362826e-05,0,266,51630,61,GALAXY,SDSS_DR18_SPECTROSCOPY,ZWARNING_0_SCIENCEPRIMARY,TRD000140
299506444997257216,1237650795683446947,146.90125,-0.4131573,GALAXY,STARFORMING,0.05654794,1.527598e-05,0,266,51630,62,GALAXY,SDSS_DR18_SPECTROSCOPY,ZWARNING_0_SCIENCEPRIMARY,TRD000141
299506719875164160,1237650795683447026,146.84292,-0.39093546,GALAXY,,0.454208,0.0001922903,0,266,51630,63,GALAXY,SDSS_DR18_SPECTROSCOPY,ZWARNING_0_SCIENCEPRIMARY,TRD000142
299507269630978048,1237648720679338392,146.86816,-0.48679252,GALAXY,,0.08326827,2.085382e-05,0,266,51630,65,GALAXY,SDSS_DR18_SPECTROSCOPY,ZWARNING_0_SCIENCEPRIMARY,TRD000143
299507544508884992,1237648720679338241,146.86432,-0.46407191,GALAXY,STARFORMING,0.06510994,8.322726e-06,0,266,51630,66,GALAXY,SDSS_DR18_SPECTROSCOPY,ZWARNING_0_SCIENCEPRIMARY,TRD000144
299508369142605824,1237648720679338261,146.89158,-0.51266153,GALAXY,,0.08389291,1.293384e-05,0,266,51630,69,GALAXY,SDSS_DR18_SPECTROSCOPY,ZWARNING_0_SCIENCEPRIMARY,TRD000145
299508644020512768,1237648720679338252,146.8833,-0.49469887,GALAXY,STARFORMING,0.08376556,1.404711e-05,0,266,51630,70,GALAXY,SDSS_DR18_SPECTROSCOPY,ZWARNING_0_SCIENCEPRIMARY,TRD000146
299508918898419712,1237648721216209095,146.85967,-0.098938627,GALAXY,STARFORMING,0.1253916,9.706347e-06,0,266,51630,71,GALAXY,SDSS_DR18_SPECTROSCOPY,ZWARNING_0_SCIENCEPRIMARY,TRD000147
299509193776326656,1237650795683446889,146.85676,-0.27404021,GALAXY,STARBURST,0.02196459,6.059415e-06,0,266,51630,72,GALAXY,SDSS_DR18_SPECTROSCOPY,ZWARNING_0_SCIENCEPRIMARY,TRD000148
299509468654233600,1237650796220252232,146.76078,0.015978141,GALAXY,,0.1249016,2.096762e-05,0,266,51630,73,GALAXY,SDSS_DR18_SPECTROSCOPY,ZWARNING_0_SCIENCEPRIMARY,TRD000149
299509743532140544,1237650795683447045,146.90232,-0.31366176,GALAXY,,0.1314198,4.738492e-05,0,266,51630,74,GALAXY,SDSS_DR18_SPECTROSCOPY,ZWARNING_0_SCIENCEPRIMARY,TRD000150
299510018410047488,1237650795683381563,146.77711,-0.24198689,GALAXY,,0.1308193,2.707374e-05,0,266,51630,75,GALAXY,SDSS_DR18_SPECTROSCOPY,ZWARNING_0_SCIENCEPRIMARY,TRD000151
299510293287954432,1237648721216209489,146.89733,-0.18636779,GALAXY,,0.370904,0.0001274981,0,266,51630,76,GALAXY,SDSS_DR18_SPECTROSCOPY,ZWARNING_0_SCIENCEPRIMARY,TRD000152
299510568165861376,1237650796220317797,146.80914,0.026384187,GALAXY,,0.1260304,3.099657e-05,0,266,51630,77,GALAXY,SDSS_DR18_SPECTROSCOPY,ZWARNING_0_SCIENCEPRIMARY,TRD000153
299510843043768320,1237648721216209266,146.75599,-0.16821182,GALAXY,,0.06244991,4.6045e-05,0,266,51630,78,GALAXY,SDSS_DR18_SPECTROSCOPY,ZWARNING_0_SCIENCEPRIMARY,TRD000154
299511117921675264,1237648721216209055,146.81199,-0.19004646,GALAXY,BROADLINE,0.06215091,1.826503e-05,0,266,51630,79,GALAXY,SDSS_DR18_SPECTROSCOPY,ZWARNING_0_SCIENCEPRIMARY,TRD000155
299511667677489152,1237648720142139633,146.11835,-0.8681462,GALAXY,STARFORMING,0.127676,1.086708e-05,0,266,51630,81,GALAXY,SDSS_DR18_SPECTROSCOPY,ZWARNING_0_SCIENCEPRIMARY,TRD000156
299512217433303040,1237650795146248321,146.09369,-0.79308773,GALAXY,BROADLINE,0.06758517,1.316565e-05,0,266,51630,83,GALAXY,SDSS_DR18_SPECTROSCOPY,ZWARNING_0_SCIENCEPRIMARY,TRD000157
299512492311209984,1237648720142139625,146.09344,-1.0081668,GALAXY,,0.06589106,2.284753e-05,0,266,51630,84,GALAXY,SDSS_DR18_SPECTROSCOPY,ZWARNING_0_SCIENCEPRIMARY,TRD000158
299512767189116928,0,146.23657,-1.1192325,GALAXY,,0.114409,3.475368e-05,0,266,51630,85,GALAXY,SDSS_DR18_SPECTROSCOPY,ZWARNING_0_SCIENCEPRIMARY,TRD000159
299513042067023872,1237650794609377458,146.12796,-1.1897714,GALAXY,,0.1407275,3.332166e-05,0,266,51630,86,GALAXY,SDSS_DR18_SPECTROSCOPY,ZWARNING_0_SCIENCEPRIMARY,TRD000160
299513316944930816,1237651799621828776,146.23485,-1.1527694,GALAXY,STARBURST,0.06741422,5.355525e-06,0,266,51630,87,GALAXY,SDSS_DR18_SPECTROSCOPY,ZWARNING_0_SCIENCEPRIMARY,TRD000161
299513866700744704,1237651799621763660,146.07916,-1.1580268,GALAXY,,0.3507902,8.248531e-05,0,266,51630,89,GALAXY,SDSS_DR18_SPECTROSCOPY,ZWARNING_0_SCIENCEPRIMARY,TRD000162
299514141578651648,1237650795146248378,146.14358,-0.74164105,GALAXY,,0.2038225,3.190344e-05,0,266,51630,90,GALAXY,SDSS_DR18_SPECTROSCOPY,ZWARNING_0_SCIENCEPRIMARY,TRD000163
299514416456558592,1237648720142139722,146.01189,-0.97522919,GALAXY,,0.3740553,8.602985e-05,0,266,51630,91,GALAXY,SDSS_DR18_SPECTROSCOPY,ZWARNING_0_SCIENCEPRIMARY,TRD000164
299514966212372480,1237650795146314138,146.24259,-0.76261796,GALAXY,STARBURST,0.3002294,8.640142e-06,0,266,51630,93,GALAXY,SDSS_DR18_SPECTROSCOPY,ZWARNING_0_SCIENCEPRIMARY,TRD000165
299515241090279424,1237650795146248304,146.07944,-0.68096046,GALAXY,,0.06727324,2.264598e-05,0,266,51630,94,GALAXY,SDSS_DR18_SPECTROSCOPY,ZWARNING_0_SCIENCEPRIMARY,TRD000166
299515790846093312,1237648720142205527,146.26033,-0.94079185,GALAXY,,0.384653,0.0001139746,0,266,51630,96,GALAXY,SDSS_DR18_SPECTROSCOPY,ZWARNING_0_SCIENCEPRIMARY,TRD000167
299516065724000256,1237650795146248369,146.13557,-0.68219057,GALAXY,,0.2038409,3.495571e-05,0,266,51630,97,GALAXY,SDSS_DR18_SPECTROSCOPY,ZWARNING_0_SCIENCEPRIMARY,TRD000168
299516615479814144,1237650795146248407,146.19262,-0.68840099,GALAXY,STARBURST,0.004080323,4.54938e-06,0,266,51630,99,GALAXY,SDSS_DR18_SPECTROSCOPY,ZWARNING_0_SCIENCEPRIMARY,TRD000169
299517440113534976,1237650795683315926,146.57562,-0.29127367,GALAXY,,0.1264097,3.576556e-05,0,266,51630,102,GALAXY,SDSS_DR18_SPECTROSCOPY,ZWARNING_0_SCIENCEPRIMARY,TRD000170
299517714991441920,1237648721216078463,146.59449,-0.13317431,GALAXY,STARFORMING,0.0456523,1.621298e-05,0,266,51630,103,GALAXY,SDSS_DR18_SPECTROSCOPY,ZWARNING_0_SCIENCEPRIMARY,TRD000171
299517989869348864,1237648720679272605,146.74174,-0.52469154,GALAXY,STARFORMING,0.1315038,1.174256e-05,0,266,51630,104,GALAXY,SDSS_DR18_SPECTROSCOPY,ZWARNING_0_SCIENCEPRIMARY,TRD000172
299518264747255808,1237648720679272630,146.61904,-0.43432227,GALAXY,STARFORMING,0.006036635,6.190809e-06,0,266,51630,105,GALAXY,SDSS_DR18_SPECTROSCOPY,ZWARNING_0_SCIENCEPRIMARY,TRD000173
299518539625162752,1237648720679272634,146.62966,-0.46568888,GALAXY,AGN,0.0893447,1.397131e-05,0,266,51630,106,GALAXY,SDSS_DR18_SPECTROSCOPY,ZWARNING_0_SCIENCEPRIMARY,TRD000174
299518814503069696,1237650795683250403,146.49052,-0.36931044,GALAXY,STARFORMING,0.1231987,1.395017e-05,0,266,51630,107,GALAXY,SDSS_DR18_SPECTROSCOPY,ZWARNING_0_SCIENCEPRIMARY,TRD000175
299519089380976640,1237650795683381502,146.7517,-0.40839151,GALAXY,STARBURST,0.03580831,5.25862e-06,0,266,51630,108,GALAXY,SDSS_DR18_SPECTROSCOPY,ZWARNING_0_SCIENCEPRIMARY,TRD000176
299519364258883584,1237650795683381426,146.69572,-0.28693372,GALAXY,,0.1209667,2.551166e-05,0,266,51630,109,GALAXY,SDSS_DR18_SPECTROSCOPY,ZWARNING_0_SCIENCEPRIMARY,TRD000177
299519639136790528,1237650795683381380,146.64357,-0.33134525,GALAXY,,0.1302495,2.532451e-05,0,266,51630,110,GALAXY,SDSS_DR18_SPECTROSCOPY,ZWARNING_0_SCIENCEPRIMARY,TRD000178
299519914014697472,1237648721216143430,146.60365,-0.19149282,GALAXY,STARFORMING,0.1215208,8.370138e-06,0,266,51630,111,GALAXY,SDSS_DR18_SPECTROSCOPY,ZWARNING_0_SCIENCEPRIMARY,TRD000179
299520188892604416,1237650796220186869,146.63068,0.070984066,GALAXY,,0.1258571,3.722625e-05,0,266,51630,112,GALAXY,SDSS_DR18_SPECTROSCOPY,ZWARNING_0_SCIENCEPRIMARY,TRD000180
299520463770511360,1237650796220186902,146.60806,0.047679187,GALAXY,STARFORMING,0.09212417,1.128517e-05,0,266,51630,113,GALAXY,SDSS_DR18_SPECTROSCOPY,ZWARNING_0_SCIENCEPRIMARY,TRD000181
299520738648418304,1237650795683315881,146.60631,-0.21322083,GALAXY,,0.1206172,1.173804e-05,0,266,51630,114,GALAXY,SDSS_DR18_SPECTROSCOPY,ZWARNING_0_SCIENCEPRIMARY,TRD000182
299521013526325248,1237650796220252301,146.72901,0.026971893,GALAXY,,0.05665967,2.209735e-05,0,266,51630,115,GALAXY,SDSS_DR18_SPECTROSCOPY,ZWARNING_0_SCIENCEPRIMARY,TRD000183
299521288404232192,1237650795683381498,146.74794,-0.2682818,GALAXY,,0.1302224,3.737113e-05,0,266,51630,116,GALAXY,SDSS_DR18_SPECTROSCOPY,ZWARNING_0_SCIENCEPRIMARY,TRD000184
299521563282139136,1237648721216143450,146.63489,-0.19229113,GALAXY,,0.1321261,3.163564e-05,0,266,51630,117,GALAXY,SDSS_DR18_SPECTROSCOPY,ZWARNING_0_SCIENCEPRIMARY,TRD000185
299522113037953024,1237650795683381472,146.73712,-0.2521827,GALAXY,,0.130504,3.387846e-05,0,266,51630,119,GALAXY,SDSS_DR18_SPECTROSCOPY,ZWARNING_0_SCIENCEPRIMARY,TRD000186
299522387915859968,1237648721216143524,146.66136,-0.1033698,GALAXY,STARFORMING,0.06934141,2.217244e-05,0,266,51630,120,GALAXY,SDSS_DR18_SPECTROSCOPY,ZWARNING_0_SCIENCEPRIMARY,TRD000187
299522662793766912,1237650794609311944,145.96877,-1.0577835,GALAXY,,0.2900426,5.274088e-05,0,266,51630,121,GALAXY,SDSS_DR18_SPECTROSCOPY,ZWARNING_0_SCIENCEPRIMARY,TRD000188
299522937671673856,1237650794609246448,145.84664,-1.1867962,GALAXY,,0.141718,3.536678e-05,0,266,51630,122,GALAXY,SDSS_DR18_SPECTROSCOPY,ZWARNING_0_SCIENCEPRIMARY,TRD000189
299523212549580800,1237650794609246410,145.80475,-1.184054,GALAXY,,0.1457377,4.051249e-05,0,266,51630,123,GALAXY,SDSS_DR18_SPECTROSCOPY,ZWARNING_0_SCIENCEPRIMARY,TRD000190
299524586939115520,1237650794609246465,145.89059,-1.0976161,GALAXY,STARFORMING,0.06248942,8.072848e-06,0,266,51630,128,GALAXY,SDSS_DR18_SPECTROSCOPY,ZWARNING_0_SCIENCEPRIMARY,TRD000191
299524861817022464,1237648720142008580,145.81811,-0.87895114,GALAXY,,0.2045784,3.956625e-05,0,266,51630,129,GALAXY,SDSS_DR18_SPECTROSCOPY,ZWARNING_0_SCIENCEPRIMARY,TRD000192
299525411572836352,1237650795146182819,145.93788,-0.73396501,GALAXY,STARFORMING,0.142703,1.891574e-05,0,266,51630,131,GALAXY,SDSS_DR18_SPECTROSCOPY,ZWARNING_0_SCIENCEPRIMARY,TRD000193
299525686450743296,1237648720142073959,145.89232,-1.0226363,GALAXY,,0.153699,2.468936e-05,0,266,51630,132,GALAXY,SDSS_DR18_SPECTROSCOPY,ZWARNING_0_SCIENCEPRIMARY,TRD000194
299526236206557184,1237650795146183156,145.91067,-0.66994126,GALAXY,,0.3692567,0.0001193694,0,266,51630,134,GALAXY,SDSS_DR18_SPECTROSCOPY,ZWARNING_0_SCIENCEPRIMARY,TRD000195
299526511084464128,1237648720142073942,145.85318,-0.99705018,GALAXY,,0.1448017,2.946348e-05,0,266,51630,135,GALAXY,SDSS_DR18_SPECTROSCOPY,ZWARNING_0_SCIENCEPRIMARY,TRD000196
299526785962371072,1237648720678879821,145.80638,-0.54706451,GALAXY,,0.3680652,0.0001106925,0,266,51630,136,GALAXY,SDSS_DR18_SPECTROSCOPY,ZWARNING_0_SCIENCEPRIMARY,TRD000197
299527060840278016,1237648720142008515,145.82165,-0.84656746,GALAXY,,0.06770252,2.128274e-05,0,266,51630,137,GALAXY,SDSS_DR18_SPECTROSCOPY,ZWARNING_0_SCIENCEPRIMARY,TRD000198
299527335718184960,1237648720678944894,145.87447,-0.60874859,GALAXY,STARFORMING,0.07158983,1.824641e-05,0,266,51630,138,GALAXY,SDSS_DR18_SPECTROSCOPY,ZWARNING_0_SCIENCEPRIMARY,TRD000199
299527610596091904,1237648720678945384,145.98911,-0.61503643,GALAXY,,0.335078,9.275007e-05,0,266,51630,139,GALAXY,SDSS_DR18_SPECTROSCOPY,ZWARNING_0_SCIENCEPRIMARY,TRD000200
299490227200747520,1237648720142532813,146.90229,-0.98491332,QSO,BROADLINE,0.6524171,8.855115e-05,0,266,51630,3,QSO,SDSS_DR18_SPECTROSCOPY,ZWARNING_0_SCIENCEPRIMARY,TRD000201
299505345485629440,1237650795146379439,146.438,-0.65600998,QSO,BROADLINE,1.473592,0.0004523236,0,266,51630,58,QSO,SDSS_DR18_SPECTROSCOPY,ZWARNING_0_SCIENCEPRIMARY,TRD000202
299511392799582208,1237650796220252317,146.76383,0.041421411,QSO,BROADLINE,1.772007,0.000920172,0,266,51630,80,QSO,SDSS_DR18_SPECTROSCOPY,ZWARNING_0_SCIENCEPRIMARY,TRD000203
299523762305394688,1237650795146182789,145.89838,-0.72280608,QSO,BROADLINE,0.2712803,4.689833e-05,0,266,51630,125,QSO,SDSS_DR18_SPECTROSCOPY,ZWARNING_0_SCIENCEPRIMARY,TRD000204
299524037183301632,1237650795146182672,145.92005,-0.78353938,QSO,BROADLINE,0.5176755,0.0001592146,0,266,51630,126,QSO,SDSS_DR18_SPECTROSCOPY,ZWARNING_0_SCIENCEPRIMARY,TRD000205
299525961328650240,1237650795146182823,145.93986,-0.79011435,QSO,BROADLINE,0.367843,0.0001145508,0,266,51630,133,QSO,SDSS_DR18_SPECTROSCOPY,ZWARNING_0_SCIENCEPRIMARY,TRD000206
299533657910044672,1237650795683184784,146.2918,-0.25947359,QSO,BROADLINE,0.3253868,4.748808e-05,0,266,51630,161,QSO,SDSS_DR18_SPECTROSCOPY,ZWARNING_0_SCIENCEPRIMARY,TRD000207
299544378148415488,1237650796219924600,145.9253,0.04879248,QSO,BROADLINE,0.2884945,4.114519e-05,0,266,51630,200,QSO,SDSS_DR18_SPECTROSCOPY,ZWARNING_0_SCIENCEPRIMARY,TRD000208
299546577171671040,1237650795146051693,145.74093,-0.78478748,QSO,BROADLINE,1.36213,0.0007729934,0,266,51630,208,QSO,SDSS_DR18_SPECTROSCOPY,ZWARNING_0_SCIENCEPRIMARY,TRD000209
299551250096089088,1237648721215750304,145.74414,-0.04356676,QSO,BROADLINE,1.615831,0.0004092001,0,266,51630,225,QSO,SDSS_DR18_SPECTROSCOPY,ZWARNING_0_SCIENCEPRIMARY,TRD000210
299551799851902976,1237650796219793525,145.62226,0.034593059,QSO,BROADLINE,0.06315506,2.077191e-05,0,266,51630,227,QSO,SDSS_DR18_SPECTROSCOPY,ZWARNING_0_SCIENCEPRIMARY,TRD000211
299554823508879360,1237650795682988218,145.76225,-0.21964896,QSO,BROADLINE,1.584228,0.0004011848,0,266,51630,238,QSO,SDSS_DR18_SPECTROSCOPY,ZWARNING_0_SCIENCEPRIMARY,TRD000212
299558671799576576,1237650794609115162,145.46519,-1.0644753,QSO,STARBURST BROADLINE,0.3395857,4.783267e-05,0,266,51630,252,QSO,SDSS_DR18_SPECTROSCOPY,ZWARNING_0_SCIENCEPRIMARY,TRD000213
299566918136784896,1237650794608984190,145.19927,-1.2327324,QSO,BROADLINE,1.878727,0.0005934745,0,266,51630,282,QSO,SDSS_DR18_SPECTROSCOPY,ZWARNING_0_SCIENCEPRIMARY,TRD000214
299570216671668224,1237650795145855066,145.24564,-0.64077363,QSO,BROADLINE,1.163653,0.000601339,0,266,51630,294,QSO,SDSS_DR18_SPECTROSCOPY,ZWARNING_0_SCIENCEPRIMARY,TRD000215
299575439351900160,1237650795682726133,145.19933,-0.28622504,QSO,BROADLINE,0.6515839,9.101078e-05,0,266,51630,313,QSO,SDSS_DR18_SPECTROSCOPY,ZWARNING_0_SCIENCEPRIMARY,TRD000216
299577638375155712,1237651752921334009,145.21389,1.1517021,QSO,BROADLINE,1.961112,0.00064373,0,266,51630,321,QSO,SDSS_DR18_SPECTROSCOPY,ZWARNING_0_SCIENCEPRIMARY,TRD000217
299577913253062656,1237651752921465103,145.4801,1.232539,QSO,,1.570566,0.001056041,0,266,51630,322,QSO,SDSS_DR18_SPECTROSCOPY,ZWARNING_0_SCIENCEPRIMARY,TRD000218
299579837398411264,1237651752921464938,145.39104,1.171197,QSO,BROADLINE,1.045241,0.000491923,0,266,51630,329,QSO,SDSS_DR18_SPECTROSCOPY,ZWARNING_0_SCIENCEPRIMARY,TRD000219
299580662032132096,1237651752921399506,145.33887,1.1966007,QSO,BROADLINE,0.4448358,7.346732e-05,0,266,51630,332,QSO,SDSS_DR18_SPECTROSCOPY,ZWARNING_0_SCIENCEPRIMARY,TRD000220
299585884712364032,1237650796219662491,145.3386,0.140315,QSO,BROADLINE,1.475546,0.0002897669,0,266,51630,351,QSO,SDSS_DR18_SPECTROSCOPY,ZWARNING_0_SCIENCEPRIMARY,TRD000221
299586434468177920,1237650796219662532,145.38704,0.12528484,QSO,BROADLINE,0.488738,5.760797e-05,0,266,51630,353,QSO,SDSS_DR18_SPECTROSCOPY,ZWARNING_0_SCIENCEPRIMARY,TRD000222
299593856171665408,1237650797293535527,145.67367,0.94780421,QSO,BROADLINE,0.6948174,3.707624e-05,0,266,51630,380,QSO,SDSS_DR18_SPECTROSCOPY,ZWARNING_0_SCIENCEPRIMARY,TRD000223
299596330072827904,0,145.46536,0.33402647,QSO,BROADLINE,1.606542,0.0005210079,0,266,51630,389,QSO,SDSS_DR18_SPECTROSCOPY,ZWARNING_0_SCIENCEPRIMARY,TRD000224
299598254218176512,1237648721752555548,145.59384,0.27826036,QSO,BROADLINE,1.4047,0.0002312777,0,266,51630,396,QSO,SDSS_DR18_SPECTROSCOPY,ZWARNING_0_SCIENCEPRIMARY,TRD000225
299600728119339008,1237648722826494156,146.05906,1.0485111,QSO,BROADLINE,0.6928394,9.44473e-05,0,266,51630,405,QSO,SDSS_DR18_SPECTROSCOPY,ZWARNING_0_SCIENCEPRIMARY,TRD000226
299625192253057024,1237650796219990144,146.06576,0.18365913,QSO,BROADLINE,0.1269755,5.153447e-05,0,266,51630,494,QSO,SDSS_DR18_SPECTROSCOPY,ZWARNING_0_SCIENCEPRIMARY,TRD000227
299629040543754240,1237650796220121258,146.39794,0.14516539,QSO,BROADLINE,1.903545,0.0006967577,0,266,51630,508,QSO,SDSS_DR18_SPECTROSCOPY,ZWARNING_0_SCIENCEPRIMARY,TRD000228
299630964689102848,1237651801769443494,146.50879,0.58851764,QSO,BROADLINE,0.6494742,4.919352e-05,0,266,51630,515,QSO,SDSS_DR18_SPECTROSCOPY,ZWARNING_0_SCIENCEPRIMARY,TRD000229
299644983462356992,1237650797293994097,146.64496,0.93743071,QSO,BROADLINE,1.998794,0.0005562778,0,266,51630,566,QSO,SDSS_DR18_SPECTROSCOPY,ZWARNING_0_SCIENCEPRIMARY,TRD000230
299648831753054208,1237651752921989303,146.6342,1.1572622,QSO,STARBURST BROADLINE,0.2980519,5.218272e-05,0,266,51630,580,QSO,SDSS_DR18_SPECTROSCOPY,ZWARNING_0_SCIENCEPRIMARY,TRD000231
299657352968169472,1237650797294059543,146.82659,1.0099402,QSO,BROADLINE,0.8608898,0.0003599137,0,266,51630,611,QSO,SDSS_DR18_SPECTROSCOPY,ZWARNING_0_SCIENCEPRIMARY,TRD000232
299662025892587520,1237648721753276447,147.23886,0.37375648,QSO,BROADLINE,0.5838438,0.0001166604,0,266,51630,628,QSO,SDSS_DR18_SPECTROSCOPY,ZWARNING_0_SCIENCEPRIMARY,TRD000233
300616676494305280,1237651800159813910,148.70752,-0.73061966,QSO,,1.287415,0.001062667,0,267,51608,5,QSO,SDSS_DR18_SPECTROSCOPY,ZWARNING_0_SCIENCEPRIMARY,TRD000234
300629320878024704,1237648720143187986,148.42886,-0.86325794,QSO,BROADLINE,1.301314,0.0002672364,0,267,51608,51,QSO,SDSS_DR18_SPECTROSCOPY,ZWARNING_0_SCIENCEPRIMARY,TRD000235
300629870633838592,1237650795147231560,148.41438,-0.72075858,QSO,BROADLINE,1.385627,0.0002776842,0,267,51608,53,QSO,SDSS_DR18_SPECTROSCOPY,ZWARNING_0_SCIENCEPRIMARY,TRD000236
300636742581512192,1237648721217192105,149.10806,-0.064752321,QSO,BROADLINE,0.5121477,3.005164e-05,0,267,51608,78,QSO,SDSS_DR18_SPECTROSCOPY,ZWARNING_0_SCIENCEPRIMARY,TRD000237
300656808668719104,1237651801233490042,148.56975,0.13592029,QSO,BROADLINE,0.8849242,0.0002618868,0,267,51608,151,QSO,SDSS_DR18_SPECTROSCOPY,ZWARNING_0_SCIENCEPRIMARY,TRD000238
300661481593137152,1237650796220907565,148.18988,0.0043093332,QSO,BROADLINE,1.062692,0.0002640299,0,267,51608,168,QSO,SDSS_DR18_SPECTROSCOPY,ZWARNING_0_SCIENCEPRIMARY,TRD000239
300661756471044096,1237650795147231365,148.34861,-0.63410067,QSO,BROADLINE,1.384028,0.0002754267,0,267,51608,169,QSO,SDSS_DR18_SPECTROSCOPY,ZWARNING_0_SCIENCEPRIMARY,TRD000240
300667803784996864,1237650796220710992,147.77177,0.013687602,QSO,BROADLINE,0.8751809,0.000341139,0,267,51608,191,QSO,SDSS_DR18_SPECTROSCOPY,ZWARNING_0_SCIENCEPRIMARY,TRD000241
300672201831507968,1237648720142860487,147.75059,-1.0198861,QSO,BROADLINE,1.14837,0.000342657,0,267,51608,207,QSO,SDSS_DR18_SPECTROSCOPY,ZWARNING_0_SCIENCEPRIMARY,TRD000242
300677699389646848,1237648720679796790,147.87927,-0.50882584,QSO,,0.1378086,5.675651e-05,0,267,51608,227,QSO,SDSS_DR18_SPECTROSCOPY,ZWARNING_0_SCIENCEPRIMARY,TRD000243
300683746703599616,1237648720142663773,147.31391,-0.98929375,QSO,BROADLINE,0.3555079,7.460958e-05,0,267,51608,249,QSO,SDSS_DR18_SPECTROSCOPY,ZWARNING_0_SCIENCEPRIMARY,TRD000244
300687869872203776,1237648720679665851,147.55427,-0.47753803,QSO,BROADLINE,1.891315,0.0004080907,0,267,51608,264,QSO,SDSS_DR18_SPECTROSCOPY,ZWARNING_0_SCIENCEPRIMARY,TRD000245
300690893529180160,1237650795683709103,147.52062,-0.33674168,QSO,BROADLINE,1.775525,0.0002551946,0,267,51608,275,QSO,SDSS_DR18_SPECTROSCOPY,ZWARNING_0_SCIENCEPRIMARY,TRD000246
300692542796621824,1237651799622156602,147.03099,-1.1456056,QSO,STARBURST BROADLINE,0.2415861,4.598007e-05,0,267,51608,281,QSO,SDSS_DR18_SPECTROSCOPY,ZWARNING_0_SCIENCEPRIMARY,TRD000247
300694192064063488,1237650794609705073,146.93358,-1.2453737,QSO,BROADLINE,1.369275,0.0006430819,0,267,51608,287,QSO,SDSS_DR18_SPECTROSCOPY,ZWARNING_0_SCIENCEPRIMARY,TRD000248
300696116209412096,1237648720142598249,147.13939,-0.85096747,QSO,BROADLINE,1.609856,0.0003689901,0,267,51608,294,QSO,SDSS_DR18_SPECTROSCOPY,ZWARNING_0_SCIENCEPRIMARY,TRD000249
300697765476853760,1237648720142663801,147.22198,-0.86545331,QSO,AGN BROADLINE,0.06720914,4.288919e-05,0,267,51608,300,QSO,SDSS_DR18_SPECTROSCOPY,ZWARNING_0_SCIENCEPRIMARY,TRD000250
300701338889644032,1237650796220579874,147.43057,0.093389564,QSO,BROADLINE,0.4218703,9.940669e-05,0,267,51608,313,QSO,SDSS_DR18_SPECTROSCOPY,ZWARNING_0_SCIENCEPRIMARY,TRD000251
300706011814062080,1237648722826952856,147.16954,1.0962524,QSO,BROADLINE,1.813826,0.0006415372,0,267,51608,330,QSO,SDSS_DR18_SPECTROSCOPY,ZWARNING_0_SCIENCEPRIMARY,TRD000252
300710684738480128,1237651801769705923,147.1701,0.53908692,QSO,,2.243463,0.0003410878,0,267,51608,347,QSO,SDSS_DR18_SPECTROSCOPY,ZWARNING_0_SCIENCEPRIMARY,TRD000253
300711234494294016,1237648721753210940,147.14063,0.41625138,QSO,BROADLINE,1.487651,0.0002469842,0,267,51608,349,QSO,SDSS_DR18_SPECTROSCOPY,ZWARNING_0_SCIENCEPRIMARY,TRD000254
300716457174525952,1237651752922382481,147.53349,1.2363404,QSO,BROADLINE,0.6920985,0.0001046562,0,267,51608,368,QSO,SDSS_DR18_SPECTROSCOPY,ZWARNING_0_SCIENCEPRIMARY,TRD000255
300717556686153728,1237651752385511715,147.57777,0.84719788,QSO,,0.6402417,0.000103284,0,267,51608,372,QSO,SDSS_DR18_SPECTROSCOPY,ZWARNING_0_SCIENCEPRIMARY,TRD000256
300731575459407872,1237648722290409485,147.81092,0.68123605,QSO,BROADLINE,0.5017995,6.395706e-05,0,267,51608,423,QSO,SDSS_DR18_SPECTROSCOPY,ZWARNING_0_SCIENCEPRIMARY,TRD000257
300778304703588352,1237648722290868413,148.88333,0.68576117,QSO,BROADLINE,0.1631241,9.342626e-05,0,267,51608,593,QSO,SDSS_DR18_SPECTROSCOPY,ZWARNING_0_SCIENCEPRIMARY,TRD000258
300784901773355008,1237648722290868433,148.91747,0.811696,QSO,BROADLINE,2.017165,0.0003380339,0,267,51608,617,QSO,SDSS_DR18_SPECTROSCOPY,ZWARNING_0_SCIENCEPRIMARY,TRD000259
300788475186145280,1237654670808907811,149.03443,0.47026995,QSO,BROADLINE,0.3097312,4.397417e-05,0,267,51608,630,QSO,SDSS_DR18_SPECTROSCOPY,ZWARNING_0_SCIENCEPRIMARY,TRD000260
301741752186857472,1237651800160469287,150.29383,-0.68029948,QSO,STARBURST BROADLINE,0.1337005,3.952355e-05,0,268,51633,2,QSO,SDSS_DR18_SPECTROSCOPY,ZWARNING_0_SCIENCEPRIMARY,TRD000261
301748074378717184,1237648720680910990,150.42554,-0.4193162,QSO,BROADLINE,1.306056,0.0003139489,0,268,51633,25,QSO,SDSS_DR18_SPECTROSCOPY,ZWARNING_0_SCIENCEPRIMARY,TRD000262
301754946326390784,1237654668661751953,149.75901,-1.1803174,QSO,BROADLINE,1.420516,0.0004452057,0,268,51633,50,QSO,SDSS_DR18_SPECTROSCOPY,ZWARNING_0_SCIENCEPRIMARY,TRD000263
301757420227553280,1237648720680714400,149.90953,-0.58358358,QSO,BROADLINE,1.878327,0.0005090169,0,268,51633,59,QSO,SDSS_DR18_SPECTROSCOPY,ZWARNING_0_SCIENCEPRIMARY,TRD000264
301764017297319936,1237648720143712447,149.63833,-0.85517059,QSO,AGN BROADLINE,0.08596467,1.986026e-05,0,268,51633,83,QSO,SDSS_DR18_SPECTROSCOPY,ZWARNING_0_SCIENCEPRIMARY,TRD000265
301764567053133824,1237648720143712309,149.65,-0.99515956,QSO,STARBURST BROADLINE,0.1667602,3.731951e-05,0,268,51633,85,QSO,SDSS_DR18_SPECTROSCOPY,ZWARNING_0_SCIENCEPRIMARY,TRD000266
301781334605457408,1237651800697209027,149.95966,-0.22748983,QSO,AGN BROADLINE,0.09078296,1.293193e-05,0,268,51633,146,QSO,SDSS_DR18_SPECTROSCOPY,ZWARNING_0_SCIENCEPRIMARY,TRD000267
301785182896154624,1237654670272495858,150.07363,0.089920355,QSO,BROADLINE,0.905516,4.515537e-05,0,268,51633,160,QSO,SDSS_DR18_SPECTROSCOPY,ZWARNING_0_SCIENCEPRIMARY,TRD000268
301794253867083776,1237648721217454306,149.66694,-0.15537314,QSO,BROADLINE,1.585598,0.0002715654,0,268,51633,193,QSO,SDSS_DR18_SPECTROSCOPY,ZWARNING_0_SCIENCEPRIMARY,TRD000269
301798377035687936,1237648720680321298,149.12819,-0.57726153,QSO,BROADLINE,0.269597,3.356976e-05,0,268,51633,208,QSO,SDSS_DR18_SPECTROSCOPY,ZWARNING_0_SCIENCEPRIMARY,TRD000270
301805798739175424,1237654669735362662,149.49356,-0.39835189,QSO,BROADLINE,0.595322,5.889939e-05,0,268,51633,235,QSO,SDSS_DR18_SPECTROSCOPY,ZWARNING_0_SCIENCEPRIMARY,TRD000271
301812395808942080,1237648720143450237,149.08388,-0.9940763,QSO,BROADLINE,0.918184,0.0004617406,0,268,51633,259,QSO,SDSS_DR18_SPECTROSCOPY,ZWARNING_0_SCIENCEPRIMARY,TRD000272
301823390925219840,1237651799622942734,148.71099,-1.161625,QSO,BROADLINE,0.6575148,7.905755e-05,0,268,51633,299,QSO,SDSS_DR18_SPECTROSCOPY,ZWARNING_0_SCIENCEPRIMARY,TRD000273
301828063849637888,1237648721216995346,148.59067,-0.031089026,QSO,BROADLINE,0.740679,0.0001527584,0,268,51633,316,QSO,SDSS_DR18_SPECTROSCOPY,ZWARNING_0_SCIENCEPRIMARY,TRD000274
301857475785680896,1237648721754193956,149.34127,0.298858,QSO,BROADLINE,0.1699317,5.830936e-05,0,268,51633,423,QSO,SDSS_DR18_SPECTROSCOPY,ZWARNING_0_SCIENCEPRIMARY,TRD000275
301879740896143360,1237651801770950770,149.9147,0.58670266,QSO,AGN BROADLINE,0.06550524,2.197799e-05,0,268,51633,504,QSO,SDSS_DR18_SPECTROSCOPY,ZWARNING_0_SCIENCEPRIMARY,TRD000276
301886887721723904,1237648722291261451,149.74915,0.78858374,QSO,STARBURST BROADLINE,0.2347056,2.986208e-05,0,268,51633,530,QSO,SDSS_DR18_SPECTROSCOPY,ZWARNING_0_SCIENCEPRIMARY,TRD000277
301903105518233600,1237648721754587434,150.28957,0.3771786,QSO,BROADLINE,0.7417179,0.0002932566,0,268,51633,589,QSO,SDSS_DR18_SPECTROSCOPY,ZWARNING_0_SCIENCEPRIMARY,TRD000278
301907503564744704,1237651802307887195,150.12147,1.0291548,QSO,BROADLINE,1.059423,0.0003248471,0,268,51633,605,QSO,SDSS_DR18_SPECTROSCOPY,ZWARNING_0_SCIENCEPRIMARY,TRD000279
302875353322383360,1237648720681566349,151.92844,-0.59236915,QSO,BROADLINE,1.629847,0.0005400442,0,269,51910,30,QSO,SDSS_DR18_SPECTROSCOPY,ZWARNING_0_SCIENCEPRIMARY,TRD000280
302876452834011136,1237648721218502717,152.05662,-0.038472541,QSO,BROADLINE,1.472574,0.0005887188,0,269,51910,34,QSO,SDSS_DR18_SPECTROSCOPY,ZWARNING_0_SCIENCEPRIMARY,TRD000281
302878651857266688,1237654668662407259,151.27729,-1.218695,QSO,BROADLINE,1.462372,0.0004751188,0,269,51910,42,QSO,SDSS_DR18_SPECTROSCOPY,ZWARNING_0_SCIENCEPRIMARY,TRD000282
302883599659591680,1237648720144498711,151.43094,-0.9333294,QSO,BROADLINE,1.709406,0.0003199844,0,269,51910,60,QSO,SDSS_DR18_SPECTROSCOPY,ZWARNING_0_SCIENCEPRIMARY,TRD000283
302891571118893056,1237648720144302128,150.98397,-0.99457663,QSO,BROADLINE,2.11091,0.0006794104,0,269,51910,89,QSO,SDSS_DR18_SPECTROSCOPY,ZWARNING_0_SCIENCEPRIMARY,TRD000284
302892120874706944,1237654669199212609,151.13167,-0.82198079,QSO,BROADLINE,1.636068,0.0002825397,0,269,51910,91,QSO,SDSS_DR18_SPECTROSCOPY,ZWARNING_0_SCIENCEPRIMARY,TRD000285
302894869653776384,1237648720681435320,151.60892,-0.58778081,QSO,BROADLINE,0.187017,7.581789e-05,0,269,51910,101,QSO,SDSS_DR18_SPECTROSCOPY,ZWARNING_0_SCIENCEPRIMARY,TRD000286
302907514037495808,1237651800160928182,151.37488,-0.69795861,QSO,BROADLINE,0.4702402,0.0003417961,0,269,51910,147,QSO,SDSS_DR18_SPECTROSCOPY,ZWARNING_0_SCIENCEPRIMARY,TRD000287
302916859886331904,1237648720681173086,151.02084,-0.54816942,QSO,STARBURST BROADLINE,0.288476,4.027202e-05,0,269,51910,181,QSO,SDSS_DR18_SPECTROSCOPY,ZWARNING_0_SCIENCEPRIMARY,TRD000288
302942973287491584,1237654669735886931,150.72962,-0.41385309,QSO,BROADLINE,0.1227426,2.156869e-05,0,269,51910,276,QSO,SDSS_DR18_SPECTROSCOPY,ZWARNING_0_SCIENCEPRIMARY,TRD000289
302944072799119360,1237654669735886921,150.70803,-0.41486469,QSO,BROADLINE,0.7945952,0.000165101,0,269,51910,280,QSO,SDSS_DR18_SPECTROSCOPY,ZWARNING_0_SCIENCEPRIMARY,TRD000290
302944347677026304,1237654668661817574,149.99127,-1.1790507,QSO,STARBURST BROADLINE,0.2256078,3.547646e-05,0,269,51910,281,QSO,SDSS_DR18_SPECTROSCOPY,ZWARNING_0_SCIENCEPRIMARY,TRD000291
302948745723537408,1237648720143908982,150.09098,-1.0088649,QSO,BROADLINE,1.658752,0.0004269637,0,269,51910,297,QSO,SDSS_DR18_SPECTROSCOPY,ZWARNING_0_SCIENCEPRIMARY,TRD000292
302949295479351296,1237654668661817365,149.87765,-1.2583306,QSO,BROADLINE,0.7056323,0.0001269883,0,269,51910,299,QSO,SDSS_DR18_SPECTROSCOPY,ZWARNING_0_SCIENCEPRIMARY,TRD000293
302951769380513792,1237648720680910995,150.43031,-0.60292552,QSO,BROADLINE,1.470221,0.000724848,0,269,51910,308,QSO,SDSS_DR18_SPECTROSCOPY,ZWARNING_0_SCIENCEPRIMARY,TRD000294
302954793037490176,1237648721217847335,150.56599,-0.18226843,QSO,BROADLINE,0.3531286,5.374793e-05,0,269,51910,319,QSO,SDSS_DR18_SPECTROSCOPY,ZWARNING_0_SCIENCEPRIMARY,TRD000295
302968262054930432,1237648722291523787,150.48304,0.62983799,QSO,AGN,0.08547033,2.491021e-05,0,269,51910,368,QSO,SDSS_DR18_SPECTROSCOPY,ZWARNING_0_SCIENCEPRIMARY,TRD000296
302971010833999872,1237651752386756731,150.35611,0.86824367,QSO,BROADLINE,0.7805043,0.0001361275,0,269,51910,378,QSO,SDSS_DR18_SPECTROSCOPY,ZWARNING_0_SCIENCEPRIMARY,TRD000297
302971285711906816,1237648722291523655,150.47733,0.75718711,QSO,BROADLINE,1.356151,0.0002944068,0,269,51910,379,QSO,SDSS_DR18_SPECTROSCOPY,ZWARNING_0_SCIENCEPRIMARY,TRD000298
302973209857255424,1237648721754783766,150.69524,0.35111674,QSO,BROADLINE,2.167938,0.0002865273,0,269,51910,386,QSO,SDSS_DR18_SPECTROSCOPY,ZWARNING_0_SCIENCEPRIMARY,TRD000299
302979806927022080,1237648722828460206,150.62088,1.1495727,QSO,BROADLINE,0.6833993,0.0001736031,0,269,51910,410,QSO,SDSS_DR18_SPECTROSCOPY,ZWARNING_0_SCIENCEPRIMARY,TRD000300
