benchmark_id,ra,dec,truth_class,truth_source,truth_quality
TRD000001,146.91375,-0.64448137,STAR,SDSS_DR18_SPECTROSCOPY,ZWARNING_0_SCIENCEPRIMARY
TRD000002,147.0479,-0.32770152,STAR,SDSS_DR18_SPECTROSCOPY,ZWARNING_0_SCIENCEPRIMARY
TRD000003,147.25534,-0.31933693,STAR,SDSS_DR18_SPECTROSCOPY,ZWARNING_0_SCIENCEPRIMARY
TRD000004,147.01792,-0.1272663,STAR,SDSS_DR18_SPECTROSCOPY,ZWARNING_0_SCIENCEPRIMARY
TRD000005,147.09176,-0.07734624,STAR,SDSS_DR18_SPECTROSCOPY,ZWARNING_0_SCIENCEPRIMARY
TRD000006,147.32107,-0.0065757249,STAR,SDSS_DR18_SPECTROSCOPY,ZWARNING_0_SCIENCEPRIMARY
TRD000007,146.94386,0.039168534,STAR,SDSS_DR18_SPECTROSCOPY,ZWARNING_0_SCIENCEPRIMARY
TRD000008,146.54425,-1.1064971,STAR,SDSS_DR18_SPECTROSCOPY,ZWARNING_0_SCIENCEPRIMARY
TRD000009,146.47335,-0.58450953,STAR,SDSS_DR18_SPECTROSCOPY,ZWARNING_0_SCIENCEPRIMARY
TRD000010,146.83368,-0.3359704,STAR,SDSS_DR18_SPECTROSCOPY,ZWARNING_0_SCIENCEPRIMARY
TRD000011,146.17616,-0.98244054,STAR,SDSS_DR18_SPECTROSCOPY,ZWARNING_0_SCIENCEPRIMARY
TRD000012,146.03,-0.65827367,STAR,SDSS_DR18_SPECTROSCOPY,ZWARNING_0_SCIENCEPRIMARY
TRD000013,145.83254,-1.0027092,STAR,SDSS_DR18_SPECTROSCOPY,ZWARNING_0_SCIENCEPRIMARY
TRD000014,145.8232,-1.1725503,STAR,SDSS_DR18_SPECTROSCOPY,ZWARNING_0_SCIENCEPRIMARY
TRD000015,146.40564,-0.50711993,STAR,SDSS_DR18_SPECTROSCOPY,ZWARNING_0_SCIENCEPRIMARY
TRD000016,145.97827,-0.030849846,STAR,SDSS_DR18_SPECTROSCOPY,ZWARNING_0_SCIENCEPRIMARY
TRD000017,145.87459,-0.33551457,STAR,SDSS_DR18_SPECTROSCOPY,ZWARNING_0_SCIENCEPRIMARY
TRD000018,145.84176,-0.27778925,STAR,SDSS_DR18_SPECTROSCOPY,ZWARNING_0_SCIENCEPRIMARY
TRD000019,145.57595,-0.42212484,STAR,SDSS_DR18_SPECTROSCOPY,ZWARNING_0_SCIENCEPRIMARY
TRD000020,145.67423,-0.38081052,STAR,SDSS_DR18_SPECTROSCOPY,ZWARNING_0_SCIENCEPRIMARY
TRD000021,145.44053,-0.72903632,STAR,SDSS_DR18_SPECTROSCOPY,ZWARNING_0_SCIENCEPRIMARY
TRD000022,145.29542,-0.74985409,STAR,SDSS_DR18_SPECTROSCOPY,ZWARNING_0_SCIENCEPRIMARY
TRD000023,145.24573,0.044365969,STAR,SDSS_DR18_SPECTROSCOPY,ZWARNING_0_SCIENCEPRIMARY
TRD000024,145.28112,-0.3304716,STAR,SDSS_DR18_SPECTROSCOPY,ZWARNING_0_SCIENCEPRIMARY
TRD000025,145.28412,0.706299,STAR,SDSS_DR18_SPECTROSCOPY,ZWARNING_0_SCIENCEPRIMARY
TRD000026,145.2928,0.37633508,STAR,SDSS_DR18_SPECTROSCOPY,ZWARNING_0_SCIENCEPRIMARY
TRD000027,145.26257,0.31093104,STAR,SDSS_DR18_SPECTROSCOPY,ZWARNING_0_SCIENCEPRIMARY
TRD000028,145.7304,1.1649383,STAR,SDSS_DR18_SPECTROSCOPY,ZWARNING_0_SCIENCEPRIMARY
TRD000029,145.56677,0.99523194,STAR,SDSS_DR18_SPECTROSCOPY,ZWARNING_0_SCIENCEPRIMARY
TRD000030,145.63729,0.37329958,STAR,SDSS_DR18_SPECTROSCOPY,ZWARNING_0_SCIENCEPRIMARY
TRD000031,145.40905,0.30596715,STAR,SDSS_DR18_SPECTROSCOPY,ZWARNING_0_SCIENCEPRIMARY
TRD000032,145.87385,0.94870332,STAR,SDSS_DR18_SPECTROSCOPY,ZWARNING_0_SCIENCEPRIMARY
TRD000033,145.76527,0.30018593,STAR,SDSS_DR18_SPECTROSCOPY,ZWARNING_0_SCIENCEPRIMARY
TRD000034,146.33534,1.2198521,STAR,SDSS_DR18_SPECTROSCOPY,ZWARNING_0_SCIENCEPRIMARY
TRD000035,146.02863,0.55695456,STAR,SDSS_DR18_SPECTROSCOPY,ZWARNING_0_SCIENCEPRIMARY
TRD000036,146.18598,0.27795367,STAR,SDSS_DR18_SPECTROSCOPY,ZWARNING_0_SCIENCEPRIMARY
TRD000037,146.08468,0.25722726,STAR,SDSS_DR18_SPECTROSCOPY,ZWARNING_0_SCIENCEPRIMARY
TRD000038,146.49713,0.7424233,STAR,SDSS_DR18_SPECTROSCOPY,ZWARNING_0_SCIENCEPRIMARY
TRD000039,146.7187,0.12311831,STAR,SDSS_DR18_SPECTROSCOPY,ZWARNING_0_SCIENCEPRIMARY
TRD000040,146.78593,0.28355444,STAR,SDSS_DR18_SPECTROSCOPY,ZWARNING_0_SCIENCEPRIMARY
TRD000041,146.66811,1.2221831,STAR,SDSS_DR18_SPECTROSCOPY,ZWARNING_0_SCIENCEPRIMARY
TRD000042,146.8094,0.97601012,STAR,SDSS_DR18_SPECTROSCOPY,ZWARNING_0_SCIENCEPRIMARY
TRD000043,147.01354,0.15538982,STAR,SDSS_DR18_SPECTROSCOPY,ZWARNING_0_SCIENCEPRIMARY
TRD000044,146.98697,0.90994195,STAR,SDSS_DR18_SPECTROSCOPY,ZWARNING_0_SCIENCEPRIMARY
TRD000045,147.16763,0.47167291,STAR,SDSS_DR18_SPECTROSCOPY,ZWARNING_0_SCIENCEPRIMARY
TRD000046,147.18683,0.58795241,STAR,SDSS_DR18_SPECTROSCOPY,ZWARNING_0_SCIENCEPRIMARY
TRD000047,148.96675,-0.77607839,STAR,SDSS_DR18_SPECTROSCOPY,ZWARNING_0_SCIENCEPRIMARY
TRD000048,148.5264,-0.97168901,STAR,SDSS_DR18_SPECTROSCOPY,ZWARNING_0_SCIENCEPRIMARY
TRD000049,148.98573,0.005366197,STAR,SDSS_DR18_SPECTROSCOPY,ZWARNING_0_SCIENCEPRIMARY
TRD000050,148.37166,-0.8501361,STAR,SDSS_DR18_SPECTROSCOPY,ZWARNING_0_SCIENCEPRIMARY
TRD000051,148.76817,-0.22083189,STAR,SDSS_DR18_SPECTROSCOPY,ZWARNING_0_SCIENCEPRIMARY
TRD000052,148.1694,-1.1243151,STAR,SDSS_DR18_SPECTROSCOPY,ZWARNING_0_SCIENCEPRIMARY
TRD000053,148.53234,-0.38237117,STAR,SDSS_DR18_SPECTROSCOPY,ZWARNING_0_SCIENCEPRIMARY
TRD000054,148.38949,-0.034760168,STAR,SDSS_DR18_SPECTROSCOPY,ZWARNING_0_SCIENCEPRIMARY
TRD000055,147.85068,-1.0771943,STAR,SDSS_DR18_SPECTROSCOPY,ZWARNING_0_SCIENCEPRIMARY
TRD000056,147.86705,-0.71049327,STAR,SDSS_DR18_SPECTROSCOPY,ZWARNING_0_SCIENCEPRIMARY
TRD000057,147.76419,-0.58103041,STAR,SDSS_DR18_SPECTROSCOPY,ZWARNING_0_SCIENCEPRIMARY
TRD000058,147.65636,-0.54811511,STAR,SDSS_DR18_SPECTROSCOPY,ZWARNING_0_SCIENCEPRIMARY
TRD000059,147.47546,-1.1815886,STAR,SDSS_DR18_SPECTROSCOPY,ZWARNING_0_SCIENCEPRIMARY
TRD000060,147.28951,-0.79756098,STAR,SDSS_DR18_SPECTROSCOPY,ZWARNING_0_SCIENCEPRIMARY
TRD000061,147.4488,-0.96330768,STAR,SDSS_DR18_SPECTROSCOPY,ZWARNING_0_SCIENCEPRIMARY
TRD000062,147.61614,0.093248577,STAR,SDSS_DR18_SPECTROSCOPY,ZWARNING_0_SCIENCEPRIMARY
TRD000063,147.08272,-1.2156437,STAR,SDSS_DR18_SPECTROSCOPY,ZWARNING_0_SCIENCEPRIMARY
TRD000064,147.21337,-0.8131697,STAR,SDSS_DR18_SPECTROSCOPY,ZWARNING_0_SCIENCEPRIMARY
TRD000065,147.10709,-0.34790731,STAR,SDSS_DR18_SPECTROSCOPY,ZWARNING_0_SCIENCEPRIMARY
TRD000066,146.52448,0.83016299,STAR,SDSS_DR18_SPECTROSCOPY,ZWARNING_0_SCIENCEPRIMARY
TRD000067,147.18509,1.0136953,STAR,SDSS_DR18_SPECTROSCOPY,ZWARNING_0_SCIENCEPRIMARY
TRD000068,146.50391,0.41384664,STAR,SDSS_DR18_SPECTROSCOPY,ZWARNING_0_SCIENCEPRIMARY
TRD000069,147.09942,0.47544679,STAR,SDSS_DR18_SPECTROSCOPY,ZWARNING_0_SCIENCEPRIMARY
TRD000070,147.39408,0.28653246,STAR,SDSS_DR18_SPECTROSCOPY,ZWARNING_0_SCIENCEPRIMARY
TRD000071,147.50014,1.0065357,STAR,SDSS_DR18_SPECTROSCOPY,ZWARNING_0_SCIENCEPRIMARY
TRD000072,147.67551,1.2573303,STAR,SDSS_DR18_SPECTROSCOPY,ZWARNING_0_SCIENCEPRIMARY
TRD000073,147.73122,0.54832364,STAR,SDSS_DR18_SPECTROSCOPY,ZWARNING_0_SCIENCEPRIMARY
TRD000074,147.65394,0.52316504,STAR,SDSS_DR18_SPECTROSCOPY,ZWARNING_0_SCIENCEPRIMARY
TRD000075,148.10993,0.37240762,STAR,SDSS_DR18_SPECTROSCOPY,ZWARNING_0_SCIENCEPRIMARY
TRD000076,148.16678,0.72642294,STAR,SDSS_DR18_SPECTROSCOPY,ZWARNING_0_SCIENCEPRIMARY
TRD000077,148.36464,0.62225381,STAR,SDSS_DR18_SPECTROSCOPY,ZWARNING_0_SCIENCEPRIMARY
TRD000078,148.32412,0.41432082,STAR,SDSS_DR18_SPECTROSCOPY,ZWARNING_0_SCIENCEPRIMARY
TRD000079,148.54058,0.25761725,STAR,SDSS_DR18_SPECTROSCOPY,ZWARNING_0_SCIENCEPRIMARY
TRD000080,148.76657,0.92770885,STAR,SDSS_DR18_SPECTROSCOPY,ZWARNING_0_SCIENCEPRIMARY
TRD000081,148.49046,1.088089,STAR,SDSS_DR18_SPECTROSCOPY,ZWARNING_0_SCIENCEPRIMARY
TRD000082,150.24775,-0.70635261,STAR,SDSS_DR18_SPECTROSCOPY,ZWARNING_0_SCIENCEPRIMARY
TRD000083,150.21882,-0.5674201,STAR,SDSS_DR18_SPECTROSCOPY,ZWARNING_0_SCIENCEPRIMARY
TRD000084,149.81852,-0.82974198,STAR,SDSS_DR18_SPECTROSCOPY,ZWARNING_0_SCIENCEPRIMARY
TRD000085,149.6984,-0.66619961,STAR,SDSS_DR18_SPECTROSCOPY,ZWARNING_0_SCIENCEPRIMARY
TRD000086,149.93783,-0.81879212,STAR,SDSS_DR18_SPECTROSCOPY,ZWARNING_0_SCIENCEPRIMARY
TRD000087,149.98047,-0.49724368,STAR,SDSS_DR18_SPECTROSCOPY,ZWARNING_0_SCIENCEPRIMARY
TRD000088,150.30047,-0.3368643,STAR,SDSS_DR18_SPECTROSCOPY,ZWARNING_0_SCIENCEPRIMARY
TRD000089,150.3032,-0.40868281,STAR,SDSS_DR18_SPECTROSCOPY,ZWARNING_0_SCIENCEPRIMARY
TRD000090,150.25163,-0.40262853,STAR,SDSS_DR18_SPECTROSCOPY,ZWARNING_0_SCIENCEPRIMARY
TRD000091,149.49651,-1.1186917,STAR,SDSS_DR18_SPECTROSCOPY,ZWARNING_0_SCIENCEPRIMARY
TRD000092,149.65236,-0.38533516,STAR,SDSS_DR18_SPECTROSCOPY,ZWARNING_0_SCIENCEPRIMARY
TRD000093,149.21152,-0.63278803,STAR,SDSS_DR18_SPECTROSCOPY,ZWARNING_0_SCIENCEPRIMARY
TRD000094,149.14113,-0.16971801,STAR,SDSS_DR18_SPECTROSCOPY,ZWARNING_0_SCIENCEPRIMARY
TRD000095,149.09645,-0.28140122,STAR,SDSS_DR18_SPECTROSCOPY,ZWARNING_0_SCIENCEPRIMARY
TRD000096,148.64859,-1.2369798,STAR,SDSS_DR18_SPECTROSCOPY,ZWARNING_0_SCIENCEPRIMARY
TRD000097,148.34904,-1.0635568,STAR,SDSS_DR18_SPECTROSCOPY,ZWARNING_0_SCIENCEPRIMARY
TRD000098,147.83633,-0.74426931,STAR,SDSS_DR18_SPECTROSCOPY,ZWARNING_0_SCIENCEPRIMARY
TRD000099,148.72993,-0.76054033,STAR,SDSS_DR18_SPECTROSCOPY,ZWARNING_0_SCIENCEPRIMARY
TRD000100,148.00729,-0.77663315,STAR,SDSS_DR18_SPECTROSCOPY,ZWARNING_0_SCIENCEPRIMARY
TRD000101,146.71421,-1.0413043,GALAXY,SDSS_DR18_SPECTROSCOPY,ZWARNING_0_SCIENCEPRIMARY
TRD000102,146.74413,-0.65219064,GALAXY,SDSS_DR18_SPECTROSCOPY,ZWARNING_0_SCIENCEPRIMARY
TRD000103,146.62857,-0.76513683,GALAXY,SDSS_DR18_SPECTROSCOPY,ZWARNING_0_SCIENCEPRIMARY
TRD000104,146.63167,-0.98827781,GALAXY,SDSS_DR18_SPECTROSCOPY,ZWARNING_0_SCIENCEPRIMARY
TRD000105,146.91945,-0.99049175,GALAXY,SDSS_DR18_SPECTROSCOPY,ZWARNING_0_SCIENCEPRIMARY
TRD000106,146.76339,-0.81043316,GALAXY,SDSS_DR18_SPECTROSCOPY,ZWARNING_0_SCIENCEPRIMARY
TRD000107,146.62282,-0.95138526,GALAXY,SDSS_DR18_SPECTROSCOPY,ZWARNING_0_SCIENCEPRIMARY
TRD000108,146.9341,-0.67040397,GALAXY,SDSS_DR18_SPECTROSCOPY,ZWARNING_0_SCIENCEPRIMARY
TRD000109,146.9639,-0.54500256,GALAXY,SDSS_DR18_SPECTROSCOPY,ZWARNING_0_SCIENCEPRIMARY
TRD000110,146.9635,-0.75935173,GALAXY,SDSS_DR18_SPECTROSCOPY,ZWARNING_0_SCIENCEPRIMARY
TRD000111,146.94999,-0.59220225,GALAXY,SDSS_DR18_SPECTROSCOPY,ZWARNING_0_SCIENCEPRIMARY
TRD000112,146.85983,-0.80890165,GALAXY,SDSS_DR18_SPECTROSCOPY,ZWARNING_0_SCIENCEPRIMARY
TRD000113,146.59272,-0.76025604,GALAXY,SDSS_DR18_SPECTROSCOPY,ZWARNING_0_SCIENCEPRIMARY
TRD000114,146.8577,-0.66285236,GALAXY,SDSS_DR18_SPECTROSCOPY,ZWARNING_0_SCIENCEPRIMARY
TRD000115,146.72794,-0.55687994,GALAXY,SDSS_DR18_SPECTROSCOPY,ZWARNING_0_SCIENCEPRIMARY
TRD000116,146.60721,-1.240753,GALAXY,SDSS_DR18_SPECTROSCOPY,ZWARNING_0_SCIENCEPRIMARY
TRD000117,147.18679,-0.49381256,GALAXY,SDSS_DR18_SPECTROSCOPY,ZWARNING_0_SCIENCEPRIMARY
TRD000118,147.02336,-0.16009352,GALAXY,SDSS_DR18_SPECTROSCOPY,ZWARNING_0_SCIENCEPRIMARY
TRD000119,146.95607,-0.34230044,GALAXY,SDSS_DR18_SPECTROSCOPY,ZWARNING_0_SCIENCEPRIMARY
TRD000120,147.17639,-0.35405684,GALAXY,SDSS_DR18_SPECTROSCOPY,ZWARNING_0_SCIENCEPRIMARY
TRD000121,147.11461,-0.16521837,GALAXY,SDSS_DR18_SPECTROSCOPY,ZWARNING_0_SCIENCEPRIMARY
TRD000122,147.22569,-0.29262062,GALAXY,SDSS_DR18_SPECTROSCOPY,ZWARNING_0_SCIENCEPRIMARY
TRD000123,147.24805,-0.035723556,GALAXY,SDSS_DR18_SPECTROSCOPY,ZWARNING_0_SCIENCEPRIMARY
TRD000124,146.92403,-0.10514302,GALAXY,SDSS_DR18_SPECTROSCOPY,ZWARNING_0_SCIENCEPRIMARY
TRD000125,146.9201,-0.30646208,GALAXY,SDSS_DR18_SPECTROSCOPY,ZWARNING_0_SCIENCEPRIMARY
TRD000126,147.32951,0.028902695,GALAXY,SDSS_DR18_SPECTROSCOPY,ZWARNING_0_SCIENCEPRIMARY
TRD000127,147.08969,-0.26650926,GALAXY,SDSS_DR18_SPECTROSCOPY,ZWARNING_0_SCIENCEPRIMARY
TRD000128,146.57134,-0.95721148,GALAXY,SDSS_DR18_SPECTROSCOPY,ZWARNING_0_SCIENCEPRIMARY
TRD000129,146.56561,-1.0847419,GALAXY,SDSS_DR18_SPECTROSCOPY,ZWARNING_0_SCIENCEPRIMARY
TRD000130,146.30548,-1.1305512,GALAXY,SDSS_DR18_SPECTROSCOPY,ZWARNING_0_SCIENCEPRIMARY
TRD000131,146.36033,-0.81665691,GALAXY,SDSS_DR18_SPECTROSCOPY,ZWARNING_0_SCIENCEPRIMARY
TRD000132,146.43281,-0.98737835,GALAXY,SDSS_DR18_SPECTROSCOPY,ZWARNING_0_SCIENCEPRIMARY
TRD000133,146.32349,-1.1808359,GALAXY,SDSS_DR18_SPECTROSCOPY,ZWARNING_0_SCIENCEPRIMARY
TRD000134,146.51283,-0.84576492,GALAXY,SDSS_DR18_SPECTROSCOPY,ZWARNING_0_SCIENCEPRIMARY
TRD000135,146.31179,-0.81320921,GALAXY,SDSS_DR18_SPECTROSCOPY,ZWARNING_0_SCIENCEPRIMARY
TRD000136,146.44831,-0.71339967,GALAXY,SDSS_DR18_SPECTROSCOPY,ZWARNING_0_SCIENCEPRIMARY
TRD000137,146.57273,-1.0608357,GALAXY,SDSS_DR18_SPECTROSCOPY,ZWARNING_0_SCIENCEPRIMARY
TRD000138,146.27838,-0.6115498,GALAXY,SDSS_DR18_SPECTROSCOPY,ZWARNING_0_SCIENCEPRIMARY
TRD000139,146.36894,-0.66824731,GALAXY,SDSS_DR18_SPECTROSCOPY,ZWARNING_0_SCIENCEPRIMARY
TRD000140,146.85757,-0.21877608,GALAXY,SDSS_DR18_SPECTROSCOPY,ZWARNING_0_SCIENCEPRIMARY
TRD000141,146.90125,-0.4131573,GALAXY,SDSS_DR18_SPECTROSCOPY,ZWARNING_0_SCIENCEPRIMARY
TRD000142,146.84292,-0.39093546,GALAXY,SDSS_DR18_SPECTROSCOPY,ZWARNING_0_SCIENCEPRIMARY
TRD000143,146.86816,-0.48679252,GALAXY,SDSS_DR18_SPECTROSCOPY,ZWARNING_0_SCIENCEPRIMARY
TRD000144,146.86432,-0.46407191,GALAXY,SDSS_DR18_SPECTROSCOPY,ZWARNING_0_SCIENCEPRIMARY
TRD000145,146.89158,-0.51266153,GALAXY,SDSS_DR18_SPECTROSCOPY,ZWARNING_0_SCIENCEPRIMARY
TRD000146,146.8833,-0.49469887,GALAXY,SDSS_DR18_SPECTROSCOPY,ZWARNING_0_SCIENCEPRIMARY
TRD000147,146.85967,-0.098938627,GALAXY,SDSS_DR18_SPECTROSCOPY,ZWARNING_0_SCIENCEPRIMARY
TRD000148,146.85676,-0.27404021,GALAXY,SDSS_DR18_SPECTROSCOPY,ZWARNING_0_SCIENCEPRIMARY
TRD000149,146.76078,0.015978141,GALAXY,SDSS_DR18_SPECTROSCOPY,ZWARNING_0_SCIENCEPRIMARY
TRD000150,146.90232,-0.31366176,GALAXY,SDSS_DR18_SPECTROSCOPY,ZWARNING_0_SCIENCEPRIMARY
TRD000151,146.77711,-0.24198689,GALAXY,SDSS_DR18_SPECTROSCOPY,ZWARNING_0_SCIENCEPRIMARY
TRD000152,146.89733,-0.18636779,GALAXY,SDSS_DR18_SPECTROSCOPY,ZWARNING_0_SCIENCEPRIMARY
TRD000153,146.80914,0.026384187,GALAXY,SDSS_DR18_SPECTROSCOPY,ZWARNING_0_SCIENCEPRIMARY
TRD000154,146.75599,-0.16821182,GALAXY,SDSS_DR18_SPECTROSCOPY,ZWARNING_0_SCIENCEPRIMARY
TRD000155,146.81199,-0.19004646,GALAXY,SDSS_DR18_SPECTROSCOPY,ZWARNING_0_SCIENCEPRIMARY
TRD000156,146.11835,-0.8681462,GALAXY,SDSS_DR18_SPECTROSCOPY,ZWARNING_0_SCIENCEPRIMARY
TRD000157,146.09369,-0.79308773,GALAXY,SDSS_DR18_SPECTROSCOPY,ZWARNING_0_SCIENCEPRIMARY
TRD000158,146.09344,-1.0081668,GALAXY,SDSS_DR18_SPECTROSCOPY,ZWARNING_0_SCIENCEPRIMARY
TRD000159,146.23657,-1.1192325,GALAXY,SDSS_DR18_SPECTROSCOPY,ZWARNING_0_SCIENCEPRIMARY
TRD000160,146.12796,-1.1897714,GALAXY,SDSS_DR18_SPECTROSCOPY,ZWARNING_0_SCIENCEPRIMARY
TRD000161,146.23485,-1.1527694,GALAXY,SDSS_DR18_SPECTROSCOPY,ZWARNING_0_SCIENCEPRIMARY
TRD000162,146.07916,-1.1580268,GALAXY,SDSS_DR18_SPECTROSCOPY,ZWARNING_0_SCIENCEPRIMARY
TRD000163,146.14358,-0.74164105,GALAXY,SDSS_DR18_SPECTROSCOPY,ZWARNING_0_SCIENCEPRIMARY
TRD000164,146.01189,-0.97522919,GALAXY,SDSS_DR18_SPECTROSCOPY,ZWARNING_0_SCIENCEPRIMARY
TRD000165,146.24259,-0.76261796,GALAXY,SDSS_DR18_SPECTROSCOPY,ZWARNING_0_SCIENCEPRIMARY
TRD000166,146.07944,-0.68096046,GALAXY,SDSS_DR18_SPECTROSCOPY,ZWARNING_0_SCIENCEPRIMARY
TRD000167,146.26033,-0.94079185,GALAXY,SDSS_DR18_SPECTROSCOPY,ZWARNING_0_SCIENCEPRIMARY
TRD000168,146.13557,-0.68219057,GALAXY,SDSS_DR18_SPECTROSCOPY,ZWARNING_0_SCIENCEPRIMARY
TRD000169,146.19262,-0.68840099,GALAXY,SDSS_DR18_SPECTROSCOPY,ZWARNING_0_SCIENCEPRIMARY
TRD000170,146.57562,-0.29127367,GALAXY,SDSS_DR18_SPECTROSCOPY,ZWARNING_0_SCIENCEPRIMARY
TRD000171,146.59449,-0.13317431,GALAXY,SDSS_DR18_SPECTROSCOPY,ZWARNING_0_SCIENCEPRIMARY
TRD000172,146.74174,-0.52469154,GALAXY,SDSS_DR18_SPECTROSCOPY,ZWARNING_0_SCIENCEPRIMARY
TRD000173,146.61904,-0.43432227,GALAXY,SDSS_DR18_SPECTROSCOPY,ZWARNING_0_SCIENCEPRIMARY
TRD000174,146.62966,-0.46568888,GALAXY,SDSS_DR18_SPECTROSCOPY,ZWARNING_0_SCIENCEPRIMARY
TRD000175,146.49052,-0.36931044,GALAXY,SDSS_DR18_SPECTROSCOPY,ZWARNING_0_SCIENCEPRIMARY
TRD000176,146.7517,-0.40839151,GALAXY,SDSS_DR18_SPECTROSCOPY,ZWARNING_0_SCIENCEPRIMARY
TRD000177,146.69572,-0.28693372,GALAXY,SDSS_DR18_SPECTROSCOPY,ZWARNING_0_SCIENCEPRIMARY
TRD000178,146.64357,-0.33134525,GALAXY,SDSS_DR18_SPECTROSCOPY,ZWARNING_0_SCIENCEPRIMARY
TRD000179,146.60365,-0.19149282,GALAXY,SDSS_DR18_SPECTROSCOPY,ZWARNING_0_SCIENCEPRIMARY
TRD000180,146.63068,0.070984066,GALAXY,SDSS_DR18_SPECTROSCOPY,ZWARNING_0_SCIENCEPRIMARY
TRD000181,146.60806,0.047679187,GALAXY,SDSS_DR18_SPECTROSCOPY,ZWARNING_0_SCIENCEPRIMARY
TRD000182,146.60631,-0.21322083,GALAXY,SDSS_DR18_SPECTROSCOPY,ZWARNING_0_SCIENCEPRIMARY
TRD000183,146.72901,0.026971893,GALAXY,SDSS_DR18_SPECTROSCOPY,ZWARNING_0_SCIENCEPRIMARY
TRD000184,146.74794,-0.2682818,GALAXY,SDSS_DR18_SPECTROSCOPY,ZWARNING_0_SCIENCEPRIMARY
TRD000185,146.63489,-0.19229113,GALAXY,SDSS_DR18_SPECTROSCOPY,ZWARNING_0_SCIENCEPRIMARY
TRD000186,146.73712,-0.2521827,GALAXY,SDSS_DR18_SPECTROSCOPY,ZWARNING_0_SCIENCEPRIMARY
TRD000187,146.66136,-0.1033698,GALAXY,SDSS_DR18_SPECTROSCOPY,ZWARNING_0_SCIENCEPRIMARY
TRD000188,145.96877,-1.0577835,GALAXY,SDSS_DR18_SPECTROSCOPY,ZWARNING_0_SCIENCEPRIMARY
TRD000189,145.84664,-1.1867962,GALAXY,SDSS_DR18_SPECTROSCOPY,ZWARNING_0_SCIENCEPRIMARY
TRD000190,145.80475,-1.184054,GALAXY,SDSS_DR18_SPECTROSCOPY,ZWARNING_0_SCIENCEPRIMARY
TRD000191,145.89059,-1.0976161,GALAXY,SDSS_DR18_SPECTROSCOPY,ZWARNING_0_SCIENCEPRIMARY
TRD000192,145.81811,-0.87895114,GALAXY,SDSS_DR18_SPECTROSCOPY,ZWARNING_0_SCIENCEPRIMARY
TRD000193,145.93788,-0.73396501,GALAXY,SDSS_DR18_SPECTROSCOPY,ZWARNING_0_SCIENCEPRIMARY
TRD000194,145.89232,-1.0226363,GALAXY,SDSS_DR18_SPECTROSCOPY,ZWARNING_0_SCIENCEPRIMARY
TRD000195,145.91067,-0.66994126,GALAXY,SDSS_DR18_SPECTROSCOPY,ZWARNING_0_SCIENCEPRIMARY
TRD000196,145.85318,-0.99705018,GALAXY,SDSS_DR18_SPECTROSCOPY,ZWARNING_0_SCIENCEPRIMARY
TRD000197,145.80638,-0.54706451,GALAXY,SDSS_DR18_SPECTROSCOPY,ZWARNING_0_SCIENCEPRIMARY
TRD000198,145.82165,-0.84656746,GALAXY,SDSS_DR18_SPECTROSCOPY,ZWARNING_0_SCIENCEPRIMARY
TRD000199,145.87447,-0.60874859,GALAXY,SDSS_DR18_SPECTROSCOPY,ZWARNING_0_SCIENCEPRIMARY
TRD000200,145.98911,-0.61503643,GALAXY,SDSS_DR18_SPECTROSCOPY,ZWARNING_0_SCIENCEPRIMARY
TRD000201,146.90229,-0.98491332,QSO,SDSS_DR18_SPECTROSCOPY,ZWARNING_0_SCIENCEPRIMARY
TRD000202,146.438,-0.65600998,QSO,SDSS_DR18_SPECTROSCOPY,ZWARNING_0_SCIENCEPRIMARY
TRD000203,146.76383,0.041421411,QSO,SDSS_DR18_SPECTROSCOPY,ZWARNING_0_SCIENCEPRIMARY
TRD000204,145.89838,-0.72280608,QSO,SDSS_DR18_SPECTROSCOPY,ZWARNING_0_SCIENCEPRIMARY
TRD000205,145.92005,-0.78353938,QSO,SDSS_DR18_SPECTROSCOPY,ZWARNING_0_SCIENCEPRIMARY
TRD000206,145.93986,-0.79011435,QSO,SDSS_DR18_SPECTROSCOPY,ZWARNING_0_SCIENCEPRIMARY
TRD000207,146.2918,-0.25947359,QSO,SDSS_DR18_SPECTROSCOPY,ZWARNING_0_SCIENCEPRIMARY
TRD000208,145.9253,0.04879248,QSO,SDSS_DR18_SPECTROSCOPY,ZWARNING_0_SCIENCEPRIMARY
TRD000209,145.74093,-0.78478748,QSO,SDSS_DR18_SPECTROSCOPY,ZWARNING_0_SCIENCEPRIMARY
TRD000210,145.74414,-0.04356676,QSO,SDSS_DR18_SPECTROSCOPY,ZWARNING_0_SCIENCEPRIMARY
TRD000211,145.62226,0.034593059,QSO,SDSS_DR18_SPECTROSCOPY,ZWARNING_0_SCIENCEPRIMARY
TRD000212,145.76225,-0.21964896,QSO,SDSS_DR18_SPECTROSCOPY,ZWARNING_0_SCIENCEPRIMARY
TRD000213,145.46519,-1.0644753,QSO,SDSS_DR18_SPECTROSCOPY,ZWARNING_0_SCIENCEPRIMARY
TRD000214,145.19927,-1.2327324,QSO,SDSS_DR18_SPECTROSCOPY,ZWARNING_0_SCIENCEPRIMARY
TRD000215,145.24564,-0.64077363,QSO,SDSS_DR18_SPECTROSCOPY,ZWARNING_0_SCIENCEPRIMARY
TRD000216,145.19933,-0.28622504,QSO,SDSS_DR18_SPECTROSCOPY,ZWARNING_0_SCIENCEPRIMARY
TRD000217,145.21389,1.1517021,QSO,SDSS_DR18_SPECTROSCOPY,ZWARNING_0_SCIENCEPRIMARY
TRD000218,145.4801,1.232539,QSO,SDSS_DR18_SPECTROSCOPY,ZWARNING_0_SCIENCEPRIMARY
TRD000219,145.39104,1.171197,QSO,SDSS_DR18_SPECTROSCOPY,ZWARNING_0_SCIENCEPRIMARY
TRD000220,145.33887,1.1966007,QSO,SDSS_DR18_SPECTROSCOPY,ZWARNING_0_SCIENCEPRIMARY
TRD000221,145.3386,0.140315,QSO,SDSS_DR18_SPECTROSCOPY,ZWARNING_0_SCIENCEPRIMARY
TRD000222,145.38704,0.12528484,QSO,SDSS_DR18_SPECTROSCOPY,ZWARNING_0_SCIENCEPRIMARY
TRD000223,145.67367,0.94780421,QSO,SDSS_DR18_SPECTROSCOPY,ZWARNING_0_SCIENCEPRIMARY
TRD000224,145.46536,0.33402647,QSO,SDSS_DR18_SPECTROSCOPY,ZWARNING_0_SCIENCEPRIMARY
TRD000225,145.59384,0.27826036,QSO,SDSS_DR18_SPECTROSCOPY,ZWARNING_0_SCIENCEPRIMARY
TRD000226,146.05906,1.0485111,QSO,SDSS_DR18_SPECTROSCOPY,ZWARNING_0_SCIENCEPRIMARY
TRD000227,146.06576,0.18365913,QSO,SDSS_DR18_SPECTROSCOPY,ZWARNING_0_SCIENCEPRIMARY
TRD000228,146.39794,0.14516539,QSO,SDSS_DR18_SPECTROSCOPY,ZWARNING_0_SCIENCEPRIMARY
TRD000229,146.50879,0.58851764,QSO,SDSS_DR18_SPECTROSCOPY,ZWARNING_0_SCIENCEPRIMARY
TRD000230,146.64496,0.93743071,QSO,SDSS_DR18_SPECTROSCOPY,ZWARNING_0_SCIENCEPRIMARY
TRD000231,146.6342,1.1572622,QSO,SDSS_DR18_SPECTROSCOPY,ZWARNING_0_SCIENCEPRIMARY
TRD000232,146.82659,1.0099402,QSO,SDSS_DR18_SPECTROSCOPY,ZWARNING_0_SCIENCEPRIMARY
TRD000233,147.23886,0.37375648,QSO,SDSS_DR18_SPECTROSCOPY,ZWARNING_0_SCIENCEPRIMARY
TRD000234,148.70752,-0.73061966,QSO,SDSS_DR18_SPECTROSCOPY,ZWARNING_0_SCIENCEPRIMARY
TRD000235,148.42886,-0.86325794,QSO,SDSS_DR18_SPECTROSCOPY,ZWARNING_0_SCIENCEPRIMARY
TRD000236,148.41438,-0.72075858,QSO,SDSS_DR18_SPECTROSCOPY,ZWARNING_0_SCIENCEPRIMARY
TRD000237,149.10806,-0.064752321,QSO,SDSS_DR18_SPECTROSCOPY,ZWARNING_0_SCIENCEPRIMARY
TRD000238,148.56975,0.13592029,QSO,SDSS_DR18_SPECTROSCOPY,ZWARNING_0_SCIENCEPRIMARY
TRD000239,148.18988,0.0043093332,QSO,SDSS_DR18_SPECTROSCOPY,ZWARNING_0_SCIENCEPRIMARY
TRD000240,148.34861,-0.63410067,QSO,SDSS_DR18_SPECTROSCOPY,ZWARNING_0_SCIENCEPRIMARY
TRD000241,147.77177,0.013687602,QSO,SDSS_DR18_SPECTROSCOPY,ZWARNING_0_SCIENCEPRIMARY
TRD000242,147.75059,-1.0198861,QSO,SDSS_DR18_SPECTROSCOPY,ZWARNING_0_SCIENCEPRIMARY
TRD000243,147.87927,-0.50882584,QSO,SDSS_DR18_SPECTROSCOPY,ZWARNING_0_SCIENCEPRIMARY
TRD000244,147.31391,-0.98929375,QSO,SDSS_DR18_SPECTROSCOPY,ZWARNING_0_SCIENCEPRIMARY
TRD000245,147.55427,-0.47753803,QSO,SDSS_DR18_SPECTROSCOPY,ZWARNING_0_SCIENCEPRIMARY
TRD000246,147.52062,-0.33674168,QSO,SDSS_DR18_SPECTROSCOPY,ZWARNING_0_SCIENCEPRIMARY
TRD000247,147.03099,-1.1456056,QSO,SDSS_DR18_SPECTROSCOPY,ZWARNING_0_SCIENCEPRIMARY
TRD000248,146.93358,-1.2453737,QSO,SDSS_DR18_SPECTROSCOPY,ZWARNING_0_SCIENCEPRIMARY
TRD000249,147.13939,-0.85096747,QSO,SDSS_DR18_SPECTROSCOPY,ZWARNING_0_SCIENCEPRIMARY
TRD000250,147.22198,-0.86545331,QSO,SDSS_DR18_SPECTROSCOPY,ZWARNING_0_SCIENCEPRIMARY
TRD000251,147.43057,0.093389564,QSO,SDSS_DR18_SPECTROSCOPY,ZWARNING_0_SCIENCEPRIMARY
TRD000252,147.16954,1.0962524,QSO,SDSS_DR18_SPECTROSCOPY,ZWARNING_0_SCIENCEPRIMARY
TRD000253,147.1701,0.53908692,QSO,SDSS_DR18_SPECTROSCOPY,ZWARNING_0_SCIENCEPRIMARY
TRD000254,147.14063,0.41625138,QSO,SDSS_DR18_SPECTROSCOPY,ZWARNING_0_SCIENCEPRIMARY
TRD000255,147.53349,1.2363404,QSO,SDSS_DR18_SPECTROSCOPY,ZWARNING_0_SCIENCEPRIMARY
TRD000256,147.57777,0.84719788,QSO,SDSS_DR18_SPECTROSCOPY,ZWARNING_0_SCIENCEPRIMARY
TRD000257,147.81092,0.68123605,QSO,SDSS_DR18_SPECTROSCOPY,ZWARNING_0_SCIENCEPRIMARY
TRD000258,148.88333,0.68576117,QSO,SDSS_DR18_SPECTROSCOPY,ZWARNING_0_SCIENCEPRIMARY
TRD000259,148.91747,0.811696,QSO,SDSS_DR18_SPECTROSCOPY,ZWARNING_0_SCIENCEPRIMARY
TRD000260,149.03443,0.47026995,QSO,SDSS_DR18_SPECTROSCOPY,ZWARNING_0_SCIENCEPRIMARY
TRD000261,150.29383,-0.68029948,QSO,SDSS_DR18_SPECTROSCOPY,ZWARNING_0_SCIENCEPRIMARY
TRD000262,150.42554,-0.4193162,QSO,SDSS_DR18_SPECTROSCOPY,ZWARNING_0_SCIENCEPRIMARY
TRD000263,149.75901,-1.1803174,QSO,SDSS_DR18_SPECTROSCOPY,ZWARNING_0_SCIENCEPRIMARY
TRD000264,149.90953,-0.58358358,QSO,SDSS_DR18_SPECTROSCOPY,ZWARNING_0_SCIENCEPRIMARY
TRD000265,149.63833,-0.85517059,QSO,SDSS_DR18_SPECTROSCOPY,ZWARNING_0_SCIENCEPRIMARY
TRD000266,149.65,-0.99515956,QSO,SDSS_DR18_SPECTROSCOPY,ZWARNING_0_SCIENCEPRIMARY
TRD000267,149.95966,-0.22748983,QSO,SDSS_DR18_SPECTROSCOPY,ZWARNING_0_SCIENCEPRIMARY
TRD000268,150.07363,0.089920355,QSO,SDSS_DR18_SPECTROSCOPY,ZWARNING_0_SCIENCEPRIMARY
TRD000269,149.66694,-0.15537314,QSO,SDSS_DR18_SPECTROSCOPY,ZWARNING_0_SCIENCEPRIMARY
TRD000270,149.12819,-0.57726153,QSO,SDSS_DR18_SPECTROSCOPY,ZWARNING_0_SCIENCEPRIMARY
TRD000271,149.49356,-0.39835189,QSO,SDSS_DR18_SPECTROSCOPY,ZWARNING_0_SCIENCEPRIMARY
TRD000272,149.08388,-0.9940763,QSO,SDSS_DR18_SPECTROSCOPY,ZWARNING_0_SCIENCEPRIMARY
TRD000273,148.71099,-1.161625,QSO,SDSS_DR18_SPECTROSCOPY,ZWARNING_0_SCIENCEPRIMARY
TRD000274,148.59067,-0.031089026,QSO,SDSS_DR18_SPECTROSCOPY,ZWARNING_0_SCIENCEPRIMARY
TRD000275,149.34127,0.298858,QSO,SDSS_DR18_SPECTROSCOPY,ZWARNING_0_SCIENCEPRIMARY
TRD000276,149.9147,0.58670266,QSO,SDSS_DR18_SPECTROSCOPY,ZWARNING_0_SCIENCEPRIMARY
TRD000277,149.74915,0.78858374,QSO,SDSS_DR18_SPECTROSCOPY,ZWARNING_0_SCIENCEPRIMARY
TRD000278,150.28957,0.3771786,QSO,SDSS_DR18_SPECTROSCOPY,ZWARNING_0_SCIENCEPRIMARY
TRD000279,150.12147,1.0291548,QSO,SDSS_DR18_SPECTROSCOPY,ZWARNING_0_SCIENCEPRIMARY
TRD000280,151.92844,-0.59236915,QSO,SDSS_DR18_SPECTROSCOPY,ZWARNING_0_SCIENCEPRIMARY
TRD000281,152.05662,-0.038472541,QSO,SDSS_DR18_SPECTROSCOPY,ZWARNING_0_SCIENCEPRIMARY
TRD000282,151.27729,-1.218695,QSO,SDSS_DR18_SPECTROSCOPY,ZWARNING_0_SCIENCEPRIMARY
TRD000283,151.43094,-0.9333294,QSO,SDSS_DR18_SPECTROSCOPY,ZWARNING_0_SCIENCEPRIMARY
TRD000284,150.98397,-0.99457663,QSO,SDSS_DR18_SPECTROSCOPY,ZWARNING_0_SCIENCEPRIMARY
TRD000285,151.13167,-0.82198079,QSO,SDSS_DR18_SPECTROSCOPY,ZWARNING_0_SCIENCEPRIMARY
TRD000286,151.60892,-0.58778081,QSO,SDSS_DR18_SPECTROSCOPY,ZWARNING_0_SCIENCEPRIMARY
TRD000287,151.37488,-0.69795861,QSO,SDSS_DR18_SPECTROSCOPY,ZWARNING_0_SCIENCEPRIMARY
TRD000288,151.02084,-0.54816942,QSO,SDSS_DR18_SPECTROSCOPY,ZWARNING_0_SCIENCEPRIMARY
TRD000289,150.72962,-0.41385309,QSO,SDSS_DR18_SPECTROSCOPY,ZWARNING_0_SCIENCEPRIMARY
TRD000290,150.70803,-0.41486469,QSO,SDSS_DR18_SPECTROSCOPY,ZWARNING_0_SCIENCEPRIMARY
TRD000291,149.99127,-1.1790507,QSO,SDSS_DR18_SPECTROSCOPY,ZWARNING_0_SCIENCEPRIMARY
TRD000292,150.09098,-1.0088649,QSO,SDSS_DR18_SPECTROSCOPY,ZWARNING_0_SCIENCEPRIMARY
TRD000293,149.87765,-1.2583306,QSO,SDSS_DR18_SPECTROSCOPY,ZWARNING_0_SCIENCEPRIMARY
TRD000294,150.43031,-0.60292552,QSO,SDSS_DR18_SPECTROSCOPY,ZWARNING_0_SCIENCEPRIMARY
TRD000295,150.56599,-0.18226843,QSO,SDSS_DR18_SPECTROSCOPY,ZWARNING_0_SCIENCEPRIMARY
TRD000296,150.48304,0.62983799,QSO,SDSS_DR18_SPECTROSCOPY,ZWARNING_0_SCIENCEPRIMARY
TRD000297,150.35611,0.86824367,QSO,SDSS_DR18_SPECTROSCOPY,ZWARNING_0_SCIENCEPRIMARY
TRD000298,150.47733,0.75718711,QSO,SDSS_DR18_SPECTROSCOPY,ZWARNING_0_SCIENCEPRIMARY
TRD000299,150.69524,0.35111674,QSO,SDSS_DR18_SPECTROSCOPY,ZWARNING_0_SCIENCEPRIMARY
TRD000300,150.62088,1.1495727,QSO,SDSS_DR18_SPECTROSCOPY,ZWARNING_0_SCIENCEPRIMARY
