truth_id,ra,dec,truth_axis,truth_class,truth_source,excluded_evidence_catalog
10004975,288.9574,46.92396,physical,AGB,Vrard+2025 Kepler RGB/AGB,
10057676,283.54807,47.0245,physical,AGB,Vrard+2025 Kepler RGB/AGB,
10065692,287.67389,47.05093,physical,AGB,Vrard+2025 Kepler RGB/AGB,
10093888,298.26688,47.01311,physical,RGB,Vrard+2025 Kepler RGB/AGB,
10131857,288.01596,47.11078,physical,RGB,Vrard+2025 Kepler RGB/AGB,
10155116,296.7114,47.18574,physical,RGB,Vrard+2025 Kepler RGB/AGB,
10206192,291.18033,47.28431,physical,RGB,Vrard+2025 Kepler RGB/AGB,
10255401,282.68988,47.35389,physical,AGB,Vrard+2025 Kepler RGB/AGB,
10256752,283.42191,47.33993,physical,AGB,Vrard+2025 Kepler RGB/AGB,
10258913,284.61804,47.37032,physical,AGB,Vrard+2025 Kepler RGB/AGB,
10263397,286.98972,47.36636,physical,RGB,Vrard+2025 Kepler RGB/AGB,
10282108,294.95731,47.30271,physical,RGB,Vrard+2025 Kepler RGB/AGB,
10285430,296.11154,47.35293,physical,AGB,Vrard+2025 Kepler RGB/AGB,
10290718,297.66461,47.31214,physical,AGB,Vrard+2025 Kepler RGB/AGB,
10318393,280.87012,47.43363,physical,RGB,Vrard+2025 Kepler RGB/AGB,
10334458,289.81723,47.47148,physical,AGB,Vrard+2025 Kepler RGB/AGB,
10341001,292.42068,47.42982,physical,RGB,Vrard+2025 Kepler RGB/AGB,
10362349,299.35782,47.42657,physical,AGB,Vrard+2025 Kepler RGB/AGB,
10398120,289.01138,47.59417,physical,AGB,Vrard+2025 Kepler RGB/AGB,
10406590,292.5961,47.56307,physical,RGB,Vrard+2025 Kepler RGB/AGB,
10418503,296.88412,47.55174,physical,AGB,Vrard+2025 Kepler RGB/AGB,
10450924,282.38843,47.69582,physical,AGB,Vrard+2025 Kepler RGB/AGB,
10482239,296.25601,47.63759,physical,AGB,Vrard+2025 Kepler RGB/AGB,
10517309,283.11957,47.71489,physical,RGB,Vrard+2025 Kepler RGB/AGB,
10525092,287.38757,47.70592,physical,RGB,Vrard+2025 Kepler RGB/AGB,
10669671,293.49792,47.92793,physical,AGB,Vrard+2025 Kepler RGB/AGB,
10669876,293.57312,47.93467,physical,RGB,Vrard+2025 Kepler RGB/AGB,
10683738,298.15958,47.97485,physical,RGB,Vrard+2025 Kepler RGB/AGB,
10748902,297.84497,48.08328,physical,RGB,Vrard+2025 Kepler RGB/AGB,
10776711,281.72012,48.14734,physical,RGB,Vrard+2025 Kepler RGB/AGB,
10780014,283.54495,48.14502,physical,AGB,Vrard+2025 Kepler RGB/AGB,
10809293,296.36813,48.1796,physical,RGB,Vrard+2025 Kepler RGB/AGB,
10815204,298.04709,48.1932,physical,AGB,Vrard+2025 Kepler RGB/AGB,
10855344,289.1246,48.22214,physical,RGB,Vrard+2025 Kepler RGB/AGB,
10857623,290.14313,48.2845,physical,AGB,Vrard+2025 Kepler RGB/AGB,
10878583,298.06702,48.29888,physical,RGB,Vrard+2025 Kepler RGB/AGB,
10881028,298.82172,48.25276,physical,AGB,Vrard+2025 Kepler RGB/AGB,
10931849,296.69931,48.38731,physical,AGB,Vrard+2025 Kepler RGB/AGB,
10958931,281.7832,48.47474,physical,RGB,Vrard+2025 Kepler RGB/AGB,
10979181,293.53363,48.44669,physical,AGB,Vrard+2025 Kepler RGB/AGB,
10992126,298.58154,48.45162,physical,AGB,Vrard+2025 Kepler RGB/AGB,
11018454,285.59177,48.57017,physical,RGB,Vrard+2025 Kepler RGB/AGB,
11027708,290.90005,48.54862,physical,AGB,Vrard+2025 Kepler RGB/AGB,
11072852,285.4949,48.63541,physical,AGB,Vrard+2025 Kepler RGB/AGB,
11086945,293.27725,48.65972,physical,AGB,Vrard+2025 Kepler RGB/AGB,
11091456,295.26886,48.67874,physical,RGB,Vrard+2025 Kepler RGB/AGB,
11152252,297.95978,48.72961,physical,RGB,Vrard+2025 Kepler RGB/AGB,
11181345,286.61038,48.84784,physical,AGB,Vrard+2025 Kepler RGB/AGB,
11188479,290.76572,48.89769,physical,RGB,Vrard+2025 Kepler RGB/AGB,
11243761,291.64105,48.92653,physical,RGB,Vrard+2025 Kepler RGB/AGB,
11305377,295.72684,49.03967,physical,AGB,Vrard+2025 Kepler RGB/AGB,
11391496,285.20053,49.25404,physical,RGB,Vrard+2025 Kepler RGB/AGB,
11394497,287.14621,49.26089,physical,AGB,Vrard+2025 Kepler RGB/AGB,
11402817,291.82043,49.2135,physical,RGB,Vrard+2025 Kepler RGB/AGB,
11403325,292.07944,49.2524,physical,AGB,Vrard+2025 Kepler RGB/AGB,
11409827,295.21216,49.25477,physical,AGB,Vrard+2025 Kepler RGB/AGB,
11494511,284.31296,49.48246,physical,RGB,Vrard+2025 Kepler RGB/AGB,
11506570,291.47983,49.4767,physical,RGB,Vrard+2025 Kepler RGB/AGB,
11568705,296.29971,49.55788,physical,RGB,Vrard+2025 Kepler RGB/AGB,
1160986,290.95105,36.82991,physical,AGB,Vrard+2025 Kepler RGB/AGB,
11617751,295.24136,49.64606,physical,AGB,Vrard+2025 Kepler RGB/AGB,
1162220,291.24133,36.89162,physical,RGB,Vrard+2025 Kepler RGB/AGB,
1164584,291.75687,36.8863,physical,RGB,Vrard+2025 Kepler RGB/AGB,
11655915,288.49622,49.75594,physical,AGB,Vrard+2025 Kepler RGB/AGB,
11666115,294.11331,49.70642,physical,AGB,Vrard+2025 Kepler RGB/AGB,
11721301,295.8653,49.80282,physical,AGB,Vrard+2025 Kepler RGB/AGB,
11724851,297.26401,49.83796,physical,AGB,Vrard+2025 Kepler RGB/AGB,
11760264,290.18884,49.98981,physical,AGB,Vrard+2025 Kepler RGB/AGB,
11760969,290.62061,49.95754,physical,AGB,Vrard+2025 Kepler RGB/AGB,
11771962,296.06979,49.9789,physical,AGB,Vrard+2025 Kepler RGB/AGB,
11807844,288.40887,50.04956,physical,AGB,Vrard+2025 Kepler RGB/AGB,
11859239,289.06332,50.11901,physical,RGB,Vrard+2025 Kepler RGB/AGB,
11861099,290.13486,50.13615,physical,AGB,Vrard+2025 Kepler RGB/AGB,
11961541,290.52066,50.31419,physical,AGB,Vrard+2025 Kepler RGB/AGB,
12004941,286.60489,50.48307,physical,RGB,Vrard+2025 Kepler RGB/AGB,
12020455,295.52252,50.49395,physical,AGB,Vrard+2025 Kepler RGB/AGB,
12022099,296.21362,50.48371,physical,RGB,Vrard+2025 Kepler RGB/AGB,
12022812,296.48196,50.4695,physical,AGB,Vrard+2025 Kepler RGB/AGB,
12055136,287.59802,50.59783,physical,AGB,Vrard+2025 Kepler RGB/AGB,
12118116,295.3656,50.63887,physical,RGB,Vrard+2025 Kepler RGB/AGB,
12120144,296.23349,50.62554,physical,AGB,Vrard+2025 Kepler RGB/AGB,
12218433,296.49353,50.86944,physical,AGB,Vrard+2025 Kepler RGB/AGB,
12268739,296.72568,50.98847,physical,RGB,Vrard+2025 Kepler RGB/AGB,
12301602,287.8782,51.02643,physical,AGB,Vrard+2025 Kepler RGB/AGB,
12351556,288.29504,51.11832,physical,RGB,Vrard+2025 Kepler RGB/AGB,
12352228,288.71078,51.17091,physical,AGB,Vrard+2025 Kepler RGB/AGB,
12418504,296.30527,51.26761,physical,AGB,Vrard+2025 Kepler RGB/AGB,
12690370,289.64661,51.89417,physical,AGB,Vrard+2025 Kepler RGB/AGB,
1576043,291.95956,37.1069,physical,RGB,Vrard+2025 Kepler RGB/AGB,
1718046,290.70157,37.26785,physical,AGB,Vrard+2025 Kepler RGB/AGB,
1865744,290.84714,37.33862,physical,RGB,Vrard+2025 Kepler RGB/AGB,
2011883,290.82208,37.44311,physical,AGB,Vrard+2025 Kepler RGB/AGB,
2013145,291.11209,37.42162,physical,RGB,Vrard+2025 Kepler RGB/AGB,
2157059,290.73605,37.54771,physical,RGB,Vrard+2025 Kepler RGB/AGB,
2164874,292.44452,37.55456,physical,AGB,Vrard+2025 Kepler RGB/AGB,
2309524,292.88403,37.64337,physical,RGB,Vrard+2025 Kepler RGB/AGB,
2437507,290.23044,37.7209,physical,RGB,Vrard+2025 Kepler RGB/AGB,
2445416,291.90784,37.76972,physical,RGB,Vrard+2025 Kepler RGB/AGB,
2569204,290.14664,37.8161,physical,RGB,Vrard+2025 Kepler RGB/AGB,
2569360,290.16394,37.80134,physical,RGB,Vrard+2025 Kepler RGB/AGB,
2581258,292.61533,37.82879,physical,AGB,Vrard+2025 Kepler RGB/AGB,
2709877,290.71082,37.92884,physical,AGB,Vrard+2025 Kepler RGB/AGB,
2710631,290.90073,37.97745,physical,RGB,Vrard+2025 Kepler RGB/AGB,
2714470,291.74673,37.99801,physical,RGB,Vrard+2025 Kepler RGB/AGB,
2847978,290.45932,38.07242,physical,AGB,Vrard+2025 Kepler RGB/AGB,
2854735,291.93329,38.09925,physical,RGB,Vrard+2025 Kepler RGB/AGB,
2860746,293.19479,38.07179,physical,RGB,Vrard+2025 Kepler RGB/AGB,
2973894,287.14865,38.1203,physical,AGB,Vrard+2025 Kepler RGB/AGB,
3103320,287.79138,38.23002,physical,RGB,Vrard+2025 Kepler RGB/AGB,
3110460,289.91583,38.27714,physical,AGB,Vrard+2025 Kepler RGB/AGB,
3119825,292.17575,38.27975,physical,RGB,Vrard+2025 Kepler RGB/AGB,
3216051,285.37241,38.3408,physical,RGB,Vrard+2025 Kepler RGB/AGB,
3234686,291.36404,38.32301,physical,AGB,Vrard+2025 Kepler RGB/AGB,
3329408,287.68594,38.44741,physical,AGB,Vrard+2025 Kepler RGB/AGB,
3337029,290.02545,38.44068,physical,RGB,Vrard+2025 Kepler RGB/AGB,
3440137,290.4451,38.50903,physical,RGB,Vrard+2025 Kepler RGB/AGB,
3448150,292.59259,38.56455,physical,RGB,Vrard+2025 Kepler RGB/AGB,
3456666,294.65686,38.57644,physical,AGB,Vrard+2025 Kepler RGB/AGB,
3525654,285.01282,38.6776,physical,RGB,Vrard+2025 Kepler RGB/AGB,
3527708,285.88968,38.60061,physical,AGB,Vrard+2025 Kepler RGB/AGB,
3539897,290.09598,38.66553,physical,RGB,Vrard+2025 Kepler RGB/AGB,
3631160,286.85959,38.72321,physical,AGB,Vrard+2025 Kepler RGB/AGB,
3643717,290.93225,38.79172,physical,RGB,Vrard+2025 Kepler RGB/AGB,
3658136,294.60147,38.79595,physical,AGB,Vrard+2025 Kepler RGB/AGB,
3659155,294.83646,38.78626,physical,RGB,Vrard+2025 Kepler RGB/AGB,
3730125,285.83328,38.89692,physical,AGB,Vrard+2025 Kepler RGB/AGB,
3757193,294.04559,38.88765,physical,RGB,Vrard+2025 Kepler RGB/AGB,
3761660,295.13248,38.82818,physical,AGB,Vrard+2025 Kepler RGB/AGB,
3834519,286.14642,38.95281,physical,AGB,Vrard+2025 Kepler RGB/AGB,
3858729,293.65366,38.92427,physical,RGB,Vrard+2025 Kepler RGB/AGB,
3863227,294.75076,38.91534,physical,RGB,Vrard+2025 Kepler RGB/AGB,
3954766,291.64426,39.00229,physical,AGB,Vrard+2025 Kepler RGB/AGB,
3968545,295.12985,39.04143,physical,RGB,Vrard+2025 Kepler RGB/AGB,
4049466,289.41769,39.16918,physical,RGB,Vrard+2025 Kepler RGB/AGB,
4063966,293.30579,39.14723,physical,RGB,Vrard+2025 Kepler RGB/AGB,
4072847,295.44211,39.16228,physical,AGB,Vrard+2025 Kepler RGB/AGB,
4075610,295.97879,39.12293,physical,RGB,Vrard+2025 Kepler RGB/AGB,
4137612,285.2106,39.22557,physical,AGB,Vrard+2025 Kepler RGB/AGB,
4141483,286.73724,39.28652,physical,AGB,Vrard+2025 Kepler RGB/AGB,
4149831,289.54364,39.23211,physical,AGB,Vrard+2025 Kepler RGB/AGB,
4177025,295.92957,39.29545,physical,AGB,Vrard+2025 Kepler RGB/AGB,
4241617,284.79034,39.31464,physical,AGB,Vrard+2025 Kepler RGB/AGB,
4262929,291.73636,39.36411,physical,RGB,Vrard+2025 Kepler RGB/AGB,
4346661,285.48483,39.43574,physical,RGB,Vrard+2025 Kepler RGB/AGB,
4376555,294.49051,39.46075,physical,RGB,Vrard+2025 Kepler RGB/AGB,
4376882,294.57181,39.49686,physical,RGB,Vrard+2025 Kepler RGB/AGB,
4377462,294.70319,39.41075,physical,AGB,Vrard+2025 Kepler RGB/AGB,
4380824,295.43973,39.47499,physical,AGB,Vrard+2025 Kepler RGB/AGB,
4385594,296.34818,39.41409,physical,AGB,Vrard+2025 Kepler RGB/AGB,
4568441,293.56888,39.60572,physical,RGB,Vrard+2025 Kepler RGB/AGB,
4636581,285.42111,39.79076,physical,RGB,Vrard+2025 Kepler RGB/AGB,
4658599,292.87643,39.71928,physical,AGB,Vrard+2025 Kepler RGB/AGB,
4665808,294.72217,39.74519,physical,AGB,Vrard+2025 Kepler RGB/AGB,
4771402,297.62787,39.85343,physical,AGB,Vrard+2025 Kepler RGB/AGB,
4772014,297.74832,39.8998,physical,AGB,Vrard+2025 Kepler RGB/AGB,
4773134,297.97784,39.81743,physical,RGB,Vrard+2025 Kepler RGB/AGB,
4814724,284.10583,39.98313,physical,RGB,Vrard+2025 Kepler RGB/AGB,
4821865,287.34659,39.97794,physical,RGB,Vrard+2025 Kepler RGB/AGB,
4830765,290.28345,39.98491,physical,AGB,Vrard+2025 Kepler RGB/AGB,
4903588,284.34824,40.08481,physical,RGB,Vrard+2025 Kepler RGB/AGB,
4907832,286.35599,40.02326,physical,RGB,Vrard+2025 Kepler RGB/AGB,
4908161,286.4996,40.0759,physical,AGB,Vrard+2025 Kepler RGB/AGB,
4914838,289.11981,40.01241,physical,RGB,Vrard+2025 Kepler RGB/AGB,
4916620,289.66788,40.05239,physical,RGB,Vrard+2025 Kepler RGB/AGB,
4918972,290.30283,40.04927,physical,AGB,Vrard+2025 Kepler RGB/AGB,
4927595,292.87677,40.03644,physical,AGB,Vrard+2025 Kepler RGB/AGB,
4933839,294.54013,40.07367,physical,AGB,Vrard+2025 Kepler RGB/AGB,
4936335,295.14874,40.08439,physical,AGB,Vrard+2025 Kepler RGB/AGB,
4947596,297.5864,40.0398,physical,AGB,Vrard+2025 Kepler RGB/AGB,
5008558,291.03708,40.12415,physical,RGB,Vrard+2025 Kepler RGB/AGB,
5023353,295.11438,40.178,physical,RGB,Vrard+2025 Kepler RGB/AGB,
5025162,295.42911,40.17719,physical,AGB,Vrard+2025 Kepler RGB/AGB,
5032701,297.0087,40.15367,physical,AGB,Vrard+2025 Kepler RGB/AGB,
5113910,295.58096,40.26873,physical,AGB,Vrard+2025 Kepler RGB/AGB,
5115386,295.88565,40.21126,physical,AGB,Vrard+2025 Kepler RGB/AGB,
5174302,287.81824,40.36409,physical,RGB,Vrard+2025 Kepler RGB/AGB,
5174642,287.94846,40.33028,physical,AGB,Vrard+2025 Kepler RGB/AGB,
5184073,290.90973,40.3079,physical,AGB,Vrard+2025 Kepler RGB/AGB,
5185856,291.45935,40.39761,physical,AGB,Vrard+2025 Kepler RGB/AGB,
5200475,295.41693,40.38501,physical,RGB,Vrard+2025 Kepler RGB/AGB,
