truth_id,ra,dec,truth_axis,truth_class,truth_subtype,truth_source,excluded_evidence_catalog
1885A,10.679166666666664,41.26777777777777,phenomenon,SN,I,Asiago B/sn,Asiago Supernova Catalog
1895A,186.82041666666663,9.418055555555554,phenomenon,SN,,Asiago B/sn,Asiago Supernova Catalog
1895B,204.98874999999998,-31.634999999999998,phenomenon,SN,Ia,Asiago B/sn,Asiago Supernova Catalog
1901A,122.81291666666665,25.211388888888887,phenomenon,SN,,Asiago B/sn,Asiago Supernova Catalog
1901B,185.69833333333332,15.823611111111111,phenomenon,SN,I,Asiago B/sn,Asiago Supernova Catalog
1909A,210.51291666666665,54.46611111111111,phenomenon,SN,II P:,Asiago B/sn,Asiago Supernova Catalog
1914A,185.73749999999998,15.791666666666666,phenomenon,SN,,Asiago B/sn,Asiago Supernova Catalog
1917A,308.69541666666663,60.124722222222225,phenomenon,SN,II,Asiago B/sn,Asiago Supernova Catalog
1919A,187.70291666666665,12.417777777777777,phenomenon,SN,I,Asiago B/sn,Asiago Supernova Catalog
1923A,204.28833333333333,-29.851111111111113,phenomenon,SN,II P:,Asiago B/sn,Asiago Supernova Catalog
1935A,261.6166666666667,-59.72666666666667,phenomenon,SN,,Asiago B/sn,Asiago Supernova Catalog
1937C,196.47166666666666,37.60194444444445,phenomenon,SN,Ia,Asiago B/sn,Asiago Supernova Catalog
1937D,39.83749999999999,40.87222222222222,phenomenon,SN,Ia,Asiago B/sn,Asiago Supernova Catalog
1950N,255.93624999999997,0.42444444444444446,phenomenon,SN,,Asiago B/sn,Asiago Supernova Catalog
1950O,243.78912499999998,18.954,phenomenon,SN,,Asiago B/sn,Asiago Supernova Catalog
1951H,210.98041666666666,54.36138888888889,phenomenon,SN,II:,Asiago B/sn,Asiago Supernova Catalog
1953J,11.231916666666665,16.936333333333334,phenomenon,SN,,Asiago B/sn,Asiago Supernova Catalog
1953L,78.94383333333333,71.46155555555556,phenomenon,SN,,Asiago B/sn,Asiago Supernova Catalog
1954B,218.35054166666663,4.445113888888889,phenomenon,SN,Ia,Asiago B/sn,Asiago Supernova Catalog
1954D,8.046458333333332,31.676916666666667,phenomenon,SN,,Asiago B/sn,Asiago Supernova Catalog
1954ac,10.961583333333333,32.84247222222223,phenomenon,SN,,Asiago B/sn,Asiago Supernova Catalog
1954ad,128.19320833333333,0.22602777777777777,phenomenon,SN,,Asiago B/sn,Asiago Supernova Catalog
1955R,188.67704166666664,49.33188888888889,phenomenon,SN,,Asiago B/sn,Asiago Supernova Catalog
1955S,234.1692083333333,43.54388888888889,phenomenon,SN,,Asiago B/sn,Asiago Supernova Catalog
1957A,140.4633333333333,50.99777777777778,phenomenon,SN,Ia pec,Asiago B/sn,Asiago Supernova Catalog
1957D,204.26470833333332,-29.828027777777777,phenomenon,SN,,Asiago B/sn,Asiago Supernova Catalog
1958A,240.2092083333333,19.710305555555554,phenomenon,SN,,Asiago B/sn,Asiago Supernova Catalog
1958B,39.27508333333333,1.3245833333333332,phenomenon,SN,,Asiago B/sn,Asiago Supernova Catalog
1959B,195.3648333333333,27.873055555555556,phenomenon,SN,Pec,Asiago B/sn,Asiago Supernova Catalog
1959C,197.84924999999998,3.4105,phenomenon,SN,Ia,Asiago B/sn,Asiago Supernova Catalog
1959D,339.25737499999997,34.418905555555554,phenomenon,SN,II L,Asiago B/sn,Asiago Supernova Catalog
1959E,185.74545833333332,15.817027777777778,phenomenon,SN,I,Asiago B/sn,Asiago Supernova Catalog
1959F,42.42837499999999,-0.5178333333333334,phenomenon,SN,,Asiago B/sn,Asiago Supernova Catalog
1959G,302.6666666666667,-43.934999999999995,phenomenon,SN,,Asiago B/sn,Asiago Supernova Catalog
1960A,38.86025,2.111638888888889,phenomenon,SN,,Asiago B/sn,Asiago Supernova Catalog
1960B,188.68337499999998,9.002722222222221,phenomenon,SN,,Asiago B/sn,Asiago Supernova Catalog
1960C,181.78866666666664,16.998833333333334,phenomenon,SN,,Asiago B/sn,Asiago Supernova Catalog
1960D,125.07424999999998,20.867944444444444,phenomenon,SN,,Asiago B/sn,Asiago Supernova Catalog
1960E,184.40441666666663,47.887166666666666,phenomenon,SN,,Asiago B/sn,Asiago Supernova Catalog
1960F,187.92525,3.9466388888888893,phenomenon,SN,Ia,Asiago B/sn,Asiago Supernova Catalog
1960G,172.76491666666666,18.387805555555556,phenomenon,SN,,Asiago B/sn,Asiago Supernova Catalog
1960H,181.53137499999997,47.510666666666665,phenomenon,SN,Ia pec,Asiago B/sn,Asiago Supernova Catalog
1960I,186.73929166666667,48.27466666666667,phenomenon,SN,I*,Asiago B/sn,Asiago Supernova Catalog
1960J,186.26479166666664,28.562583333333333,phenomenon,SN,,Asiago B/sn,Asiago Supernova Catalog
1960K,339.93637499999994,34.378166666666665,phenomenon,SN,,Asiago B/sn,Asiago Supernova Catalog
1960L,330.1734583333333,17.722194444444444,phenomenon,SN,,Asiago B/sn,Asiago Supernova Catalog
1960M,124.94766666666663,22.04136111111111,phenomenon,SN,I,Asiago B/sn,Asiago Supernova Catalog
1960N,126.53325,21.459027777777777,phenomenon,SN,I,Asiago B/sn,Asiago Supernova Catalog
1960O,354.1064583333333,27.939027777777778,phenomenon,SN,,Asiago B/sn,Asiago Supernova Catalog
1960P,16.541833333333333,31.406555555555553,phenomenon,SN,I,Asiago B/sn,Asiago Supernova Catalog
1960Q,23.979041666666664,-5.498388888888889,phenomenon,SN,,Asiago B/sn,Asiago Supernova Catalog
1960R,186.35354166666664,18.15544444444444,phenomenon,SN,Ia,Asiago B/sn,Asiago Supernova Catalog
1961A,41.01862499999999,0.7823333333333334,phenomenon,SN,,Asiago B/sn,Asiago Supernova Catalog
1961B,126.44216666666664,19.45411111111111,phenomenon,SN,I,Asiago B/sn,Asiago Supernova Catalog
1961C,33.854749999999996,41.11375,phenomenon,SN,,Asiago B/sn,Asiago Supernova Catalog
1961D,192.73504166666666,27.838638888888887,phenomenon,SN,I,Asiago B/sn,Asiago Supernova Catalog
1961E,229.39624999999998,5.053861111111111,phenomenon,SN,,Asiago B/sn,Asiago Supernova Catalog
1961F,147.16004166666664,33.42648611111111,phenomenon,SN,II L:,Asiago B/sn,Asiago Supernova Catalog
1961G,155.58625,21.22288888888889,phenomenon,SN,,Asiago B/sn,Asiago Supernova Catalog
1961H,189.11366666666663,11.440177777777778,phenomenon,SN,Ia,Asiago B/sn,Asiago Supernova Catalog
1961I,185.50187499999998,4.470416666666667,phenomenon,SN,II,Asiago B/sn,Asiago Supernova Catalog
1961J,242.9482083333333,29.572583333333334,phenomenon,SN,II pec,Asiago B/sn,Asiago Supernova Catalog
1961K,180.83254166666666,16.509027777777778,phenomenon,SN,,Asiago B/sn,Asiago Supernova Catalog
1961L,155.57924999999997,21.58447222222222,phenomenon,SN,,Asiago B/sn,Asiago Supernova Catalog
1961M,17.503,32.378277777777775,phenomenon,SN,,Asiago B/sn,Asiago Supernova Catalog
1961N,354.6618333333333,27.009416666666667,phenomenon,SN,,Asiago B/sn,Asiago Supernova Catalog
1961O,36.68208333333333,43.61475,phenomenon,SN,,Asiago B/sn,Asiago Supernova Catalog
1961Q,21.6725,2.0255277777777776,phenomenon,SN,,Asiago B/sn,Asiago Supernova Catalog
1961R,17.506125,32.915305555555555,phenomenon,SN,,Asiago B/sn,Asiago Supernova Catalog
1961S,155.25816666666663,21.714972222222222,phenomenon,SN,,Asiago B/sn,Asiago Supernova Catalog
1961T,144.74649999999997,33.45269444444445,phenomenon,SN,,Asiago B/sn,Asiago Supernova Catalog
1961V,40.90175,37.34543888888889,phenomenon,SN,II pec?,Asiago B/sn,Asiago Supernova Catalog
1962A,196.64816666666664,27.874944444444445,phenomenon,SN,Ia*,Asiago B/sn,Asiago Supernova Catalog
1962B,230.68879166666665,29.768944444444443,phenomenon,SN,I,Asiago B/sn,Asiago Supernova Catalog
1962C,241.2707916666666,17.581833333333332,phenomenon,SN,,Asiago B/sn,Asiago Supernova Catalog
1962D,158.3023333333333,-27.919805555555556,phenomenon,SN,,Asiago B/sn,Asiago Supernova Catalog
1962E,168.77304166666664,25.892138888888887,phenomenon,SN,Ia*,Asiago B/sn,Asiago Supernova Catalog
1962F,124.36887499999999,21.674222222222223,phenomenon,SN,,Asiago B/sn,Asiago Supernova Catalog
1962G,232.02749999999997,29.010055555555557,phenomenon,SN,,Asiago B/sn,Asiago Supernova Catalog
1962I,195.7182083333333,27.519555555555556,phenomenon,SN,I:,Asiago B/sn,Asiago Supernova Catalog
1962K,41.6275,-0.24455555555555555,phenomenon,SN,,Asiago B/sn,Asiago Supernova Catalog
1962N,230.29724999999996,26.332333333333334,phenomenon,SN,,Asiago B/sn,Asiago Supernova Catalog
1962R,35.379583333333336,39.382777777777775,phenomenon,SN,II:,Asiago B/sn,Asiago Supernova Catalog
1963A,231.75004166666665,26.450444444444443,phenomenon,SN,I,Asiago B/sn,Asiago Supernova Catalog
1963B,227.88091666666665,5.244111111111112,phenomenon,SN,I,Asiago B/sn,Asiago Supernova Catalog
1963C,194.44891666666663,27.884944444444443,phenomenon,SN,I,Asiago B/sn,Asiago Supernova Catalog
1963E,21.605166666666666,-1.6416666666666666,phenomenon,SN,I,Asiago B/sn,Asiago Supernova Catalog
1963F,230.60774999999998,27.824555555555555,phenomenon,SN,,Asiago B/sn,Asiago Supernova Catalog
1963G,184.4539583333333,26.025694444444444,phenomenon,SN,,Asiago B/sn,Asiago Supernova Catalog
1963H,230.58874999999998,5.392722222222223,phenomenon,SN,,Asiago B/sn,Asiago Supernova Catalog
1963I,183.19004166666664,10.858611111111111,phenomenon,SN,Ia,Asiago B/sn,Asiago Supernova Catalog
1963J,177.65958333333333,55.35041666666667,phenomenon,SN,Ia,Asiago B/sn,Asiago Supernova Catalog
1963K,170.91541666666666,53.83691666666667,phenomenon,SN,I:,Asiago B/sn,Asiago Supernova Catalog
1963L,41.973124999999996,37.531277777777774,phenomenon,SN,I,Asiago B/sn,Asiago Supernova Catalog
1963M,194.4904583333333,28.059555555555555,phenomenon,SN,I:,Asiago B/sn,Asiago Supernova Catalog
1963N,21.580666666666662,34.70133333333334,phenomenon,SN,II,Asiago B/sn,Asiago Supernova Catalog
1963O,228.81687499999998,55.51475,phenomenon,SN,I,Asiago B/sn,Asiago Supernova Catalog
1963P,41.50883333333333,-7.580694444444444,phenomenon,SN,Ia,Asiago B/sn,Asiago Supernova Catalog
1963Q,241.66816666666668,17.192444444444444,phenomenon,SN,,Asiago B/sn,Asiago Supernova Catalog
1963R,39.065416666666664,35.95311111111111,phenomenon,SN,,Asiago B/sn,Asiago Supernova Catalog
1963S,20.90858333333333,1.5621111111111112,phenomenon,SN,,Asiago B/sn,Asiago Supernova Catalog
